t,ts,sum_trail,sum_mem,pos_sum_trail,pos_sum_mem,ute_text_count
14781.0,1757049833.105919,5098.92516484633,937.004325199508,,,0.0
14782.0,1757049834.3811262,5098.898545148858,937.4130404124272,19.532073411249883,2.383139732485712,0.0
14783.0,1757049835.74494,5101.14067908935,938.1387781339953,19.35050813251363,4.680562967822154,0.0
14784.0,1757049837.0225575,5106.12824321037,939.0381017936265,18.09248820342318,2.4581854914023182,0.0
14785.0,1757049838.2713845,5106.657023740695,939.9604588454574,16.478861790798792,2.7465928015510657,0.0
14786.0,1757049839.6909294,5108.379529715644,940.5084919000074,17.55325049021204,2.4431461878451732,0.0
14787.0,1757049840.962014,5111.074680155324,941.0760150545437,18.136179927239677,2.9274242367147623,0.0
14788.0,1757049842.2106261,5108.843644703094,940.9800656365641,14.722612066624913,2.5266405482391088,0.0
14789.0,1757049843.4525445,5110.557547083398,941.2206110170893,17.925042978693455,2.079618095001496,0.0
14790.0,1757049844.8178952,5118.557971623893,941.7098391622309,21.179364632314506,2.7458093443747322,0.0
14791.0,1757049846.201552,5120.397474747129,941.6659616869739,18.657358164299634,4.879270741161635,0.0
14792.0,1757049847.5904696,5118.929015999279,940.0784759633792,16.990842321522102,3.0015213330637365,0.0
14793.0,1757049848.8471014,5120.763169257492,940.6857870814861,17.129045359910364,1.842266065454233,0.0
14794.0,1757049850.099228,5120.890659767396,940.7300054132703,19.230580428413923,2.758632934972156,0.0
14795.0,1757049851.4649322,5121.163284243185,939.2444309345641,17.676519918635233,2.724484895553973,0.0
14796.0,1757049852.847267,5120.2389160283665,938.0812317136435,20.062277970255742,2.836261706675566,0.0
14797.0,1757049854.080543,5125.158021544442,939.1058168416683,17.30421064336438,6.789842098008852,0.0
14798.0,1757049855.436041,5127.625943007087,939.969119327647,17.80805681589072,4.232117050232617,0.0
14799.0,1757049856.6571462,5132.390230683802,940.6781462307009,17.854524294558068,2.623145145784391,0.0
14800.0,1757049858.2463746,5127.880133595664,939.0690653706329,15.279666984520674,2.09734422039776,0.0
14801.0,1757049859.7701418,5130.098882148969,939.6216047626571,18.870660755212487,2.8648851718973085,0.0
14802.0,1757049861.1401021,5119.177892228772,937.5770293464776,17.84668923527751,2.3744240793952267,0.0
14803.0,1757049862.5021868,5116.437716466047,937.0607330614633,18.164878269895567,2.8461858035444143,0.0
14804.0,1757049863.806222,5122.751312707943,937.6773998676919,19.24441281247313,4.424545169770246,0.0
14805.0,1757049865.0444932,5119.824787585446,938.0107776763567,14.99563960732366,2.0199941361666838,0.0
14806.0,1757049866.3028738,5113.110748567811,937.2163132040366,16.613663353767624,2.2842617001663506,0.0
14807.0,1757049867.6822968,5114.827160240671,937.2447795590348,17.647445488012494,2.501042478632769,0.0
14808.0,1757049869.0442352,5114.715444716185,937.283697544712,17.78494306090269,2.5812595449426428,0.0
14809.0,1757049870.28553,5116.0593599637405,937.4558212307011,16.655468806099258,3.557130727110374,0.0
14810.0,1757049871.5451758,5119.409213278122,937.3821320148405,19.291916085404445,2.8823993264308996,0.0
14811.0,1757049872.8999555,5122.725397775831,936.174221232636,16.73642633358079,3.054847832852255,0.0
14812.0,1757049874.155583,5114.675317443378,935.3845526375444,13.676511249465918,2.3697617668249165,0.0
14813.0,1757049875.3893273,5113.393345454137,935.7167297452646,16.719119001697702,3.196964585577513,0.0
14814.0,1757049876.7845137,5113.810552412521,936.3037179992584,14.409111658421052,2.272516914023512,0.0
14815.0,1757049878.0442133,5118.085613029249,936.7779778816893,17.254133801307518,2.878594697845745,0.0
14816.0,1757049879.3093162,5118.233678942152,937.0893158685153,16.879912883532242,4.194616767443265,0.0
14817.0,1757049880.6685483,5115.120199846807,937.4933291377525,16.7241459563121,2.058336735355235,0.0
14818.0,1757049881.9757066,5110.682278169234,937.205803540861,16.570236208755183,4.812947423629004,0.0
14819.0,1757049883.3399906,5113.388472340257,935.2866931746432,17.89216374918569,2.3010314071862252,0.0
14820.0,1757049884.5990305,5112.454263881135,935.4612818008546,15.735755462599199,2.5807112466218136,0.0
,1757049884.6299293,,,,,
,1757049884.6302323,,,,,
14821.0,1757049886.0093696,5115.836768005589,934.9065373353885,18.053208395871415,2.021561811452261,0.0
14822.0,1757049887.2751427,5116.651098457176,934.015310831114,18.37620963598512,3.161781066314424,0.0
14823.0,1757049888.6523895,5110.35674121298,932.6465286892653,16.213632011069016,2.366059313181421,0.0
14824.0,1757049890.060581,5110.087899691071,932.8148935347834,19.35436415398886,2.485696643138972,0.0
14825.0,1757049891.323329,5112.657673770508,933.6531684099787,17.449587358738903,2.1163888355240434,0.0
14826.0,1757049892.7004542,5114.539706144377,933.6099542881819,17.193547763028462,2.2382662478195936,0.0
14827.0,1757049894.0718865,5100.935472179153,931.9696239058293,15.544636147673714,2.0286186274474893,0.0
14828.0,1757049895.4510853,5104.46665287992,932.6279015225604,19.30721886604316,2.691213166670751,0.0
14829.0,1757049896.6895168,5105.603773188464,933.0094188191268,18.345055926085077,2.503932838617313,0.0
14830.0,1757049897.9458392,5106.87522319262,933.5296383380634,17.841033527789474,2.9393530102854664,0.0
14831.0,1757049899.2022374,5100.514790638401,932.17580123681,16.826942955899156,1.7904091952783836,0.0
14832.0,1757049900.5811667,5102.887504408952,932.7835975650083,17.205266564257823,2.3624222998604485,0.0
14833.0,1757049901.9581635,5098.424578633987,931.9218144059234,17.616057230058967,5.2151615191130505,0.0
14834.0,1757049903.321435,5102.942591441114,932.6032309613386,17.504765293435945,2.461880690585123,0.0
14835.0,1757049904.5917683,5104.234971313956,932.734741390943,16.577449658287,2.4325659841115272,0.0
14836.0,1757049905.9634583,5096.209210413578,931.4643214781373,15.451571817327173,4.437301308123003,0.0
14837.0,1757049907.2390895,5086.1757925318725,930.1162498800455,16.453032552910795,1.9863688586537787,0.0
14838.0,1757049908.6289573,5088.630061270897,930.9026081655242,18.323649179144255,5.416109512205582,0.0
14839.0,1757049909.8986573,5088.548866728403,931.2461791570264,18.155086483488564,2.3601427786140605,0.0
14840.0,1757049911.2696683,5095.3297194688175,931.3289325929826,19.418712581135914,2.9906909405490474,0.0
14841.0,1757049912.6469235,5097.243194211442,932.1660040052172,18.212756628290517,2.3588356451680363,0.0
14842.0,1757049914.0226998,5088.710203591791,930.6758287792693,16.192706769332624,2.5754694029735075,0.0
14843.0,1757049915.273544,5090.178836426682,931.2962443438462,16.493068519886766,2.470080817037149,0.0
14844.0,1757049916.640115,5089.66373385539,931.3644984708325,16.683857957408822,2.1971204913610696,0.0
14845.0,1757049917.8858337,5093.000164473045,932.3823527756474,18.881945124183,2.5072116169334913,0.0
14846.0,1757049919.1039312,5097.182682415768,933.3164946223919,14.794244376057941,5.83766109501564,0.0
14847.0,1757049920.4532697,5090.218988588519,931.8077447622011,15.586485965306993,3.57999350722718,0.0
14848.0,1757049921.7197034,5085.783452862905,931.5153873878421,15.622041897628073,5.074457335096007,0.0
14849.0,1757049923.086369,5087.599133175642,932.0641298771715,15.77353789853512,2.266661772449837,0.0
14850.0,1757049924.484126,5086.8107956397835,932.6193906166831,15.790200539433078,2.254304049174531,0.0
14851.0,1757049925.7481112,5090.258934798648,933.5486061051566,16.11698756686143,2.6127025218601254,0.0
14852.0,1757049926.9840477,5092.092949086873,933.3888960768974,17.43917800184161,3.219357885837558,0.0
14853.0,1757049928.5468125,5092.184545097258,933.4179554813367,16.883292648090947,7.110928379282913,0.0
14854.0,1757049929.7984867,5090.427503161749,933.1811076254603,16.001828754028846,2.797540953103404,0.0
14855.0,1757049931.147695,5093.580308034215,933.8651739692043,19.378746832155425,2.3220109630949355,0.0
14856.0,1757049932.45393,5097.886434335503,934.8148368388438,19.152084109978357,2.3294421195022554,0.0
14857.0,1757049933.7407293,5094.5915123810355,934.8441863888568,16.971116419296685,2.613179229321572,0.0
14858.0,1757049935.1418338,5097.478736836096,935.7083950411084,17.893263420294215,4.217922581814388,0.0
14859.0,1757049936.5546708,5098.580945229627,935.566950368497,16.57227050514733,5.776191566861748,0.0
14860.0,1757049937.8169804,5089.963085654636,934.014912287028,16.70278593006364,5.368062714310794,0.0
14861.0,1757049939.0611205,5083.205344324304,933.101272167869,18.01502110936258,4.141459057470409,0.0
14862.0,1757049940.3192563,5088.901237732121,933.9766663032873,17.792426440747434,6.613620349712512,0.0
14863.0,1757049941.57766,5090.201663606146,934.7449668181343,16.94002749189769,2.8806393215207398,0.0
14864.0,1757049942.83303,5089.692726234562,933.4255288807833,17.774489060122647,2.5250921753236524,0.0
14865.0,1757049944.2205207,5082.111902165102,932.6225355539883,15.479621165539626,1.9984079140234183,0.0
14866.0,1757049945.6341946,5081.062633545405,931.7412893275135,20.736064330383623,4.530319999974239,0.0
14867.0,1757049946.9977396,5082.247349625723,932.0359968832477,17.97876385616562,2.2354023492370603,0.0
14868.0,1757049948.372037,5081.539401932493,931.9254633261976,17.639785160222694,5.12837009622775,0.0
14869.0,1757049949.6285276,5081.659489902191,932.298055645319,16.372589097446536,5.020030321450137,0.0
14870.0,1757049950.99878,5079.143358981382,932.0049840134094,17.283314165195243,2.584548324792869,0.0
14871.0,1757049952.2361035,5080.240968858885,933.0096189226908,17.882490072527187,2.5434026370823193,0.0
14872.0,1757049953.6238384,5083.182897133323,934.0972226217976,17.19604098188585,5.437368493995565,0.0
14873.0,1757049954.8525128,5084.196576910834,934.8005150405122,15.80298399464399,2.358440085638598,0.0
14874.0,1757049956.0967245,5087.4242825031515,935.8273611943607,16.057533459315522,2.461765920546057,0.0
14875.0,1757049957.3208697,5088.8386282481415,936.6879224885705,16.317339766860513,2.6481201588089145,0.0
14876.0,1757049958.729117,5090.692494713038,937.4140880752327,17.09733063580546,5.931650074265766,0.0
14877.0,1757049959.9912329,5092.145289300463,937.8312052231113,16.869964105488016,2.3019291649667712,0.0
14878.0,1757049961.3766139,5093.789631036121,938.641849828077,18.56494935908259,3.2108956402930082,0.0
14879.0,1757049964.1207669,5097.033774182025,939.1671380815992,20.36509325561695,3.617560789438296,0.0
14880.0,1757049965.3791254,5094.974395687335,939.0654633603857,18.067849572839204,2.228745793394777,0.0
,1757049965.4099972,,,,,
,1757049965.4102848,,,,,
14881.0,1757049966.7869036,5097.189047964692,939.0807914983642,17.291890384470946,2.8144458584316525,0.0
14882.0,1757049968.033039,5101.634176812024,939.5388598826955,16.94235965277161,2.4119162888739236,0.0
14883.0,1757049969.4426,5102.102951297402,940.1117823530901,17.36710577048658,2.79610838214446,0.0
14884.0,1757049970.7078588,5097.973585807225,938.1188586668883,15.524489201964387,2.508665507934942,0.0
14885.0,1757049972.1153166,5096.133322542391,938.4956970870094,15.88725146184611,2.4308374000982735,0.0
14886.0,1757049973.362498,5098.493527198942,939.4243290294444,15.559337918529565,3.058869600034271,0.0
14887.0,1757049974.6356666,5101.618881671601,940.1204773477572,17.608773482228237,3.6670457628756736,0.0
14888.0,1757049976.0440373,5105.15992149179,940.5740196655285,17.215039967785327,2.4211905938070726,0.0
14889.0,1757049977.589646,5106.3070639910375,940.5450912441391,17.973946021742968,2.7002857891370615,0.0
14890.0,1757049978.9835334,5107.573715257812,939.4808640178242,17.40079306653059,2.6808812151317354,0.0
14891.0,1757049980.3801022,5110.0199438048385,939.6530819640234,19.11437292689761,4.5111957664755735,0.0
14892.0,1757049981.6334536,5111.610655606923,939.5875021433736,19.364877976069742,3.4344631838850055,0.0
14893.0,1757049983.0036254,5110.939527705135,939.3639669520807,17.142901518741038,4.278617388327183,0.0
14894.0,1757049984.3942423,5104.0299170516155,939.0012161408904,14.473209635266889,2.071435116752332,0.0
14895.0,1757049985.6730056,5107.502450726403,939.0113469652915,18.624795557840894,2.5747492296203163,0.0
14896.0,1757049986.899935,5111.342661213926,939.8255673437288,18.848318866113726,2.400615073945602,0.0
14897.0,1757049988.2787845,5115.296531178485,940.3857869390531,17.522705453971888,6.5513730735660385,0.0
14898.0,1757049989.5171022,5103.356129040292,937.6218989567051,16.790619517235047,4.455366456166494,0.0
14899.0,1757049990.8751063,5107.360220469595,936.881653336274,16.375321304147544,2.5332491110649356,0.0
14900.0,1757049992.473566,5106.509812512251,937.2815206210291,16.438236781848904,2.4692016063098667,0.0
14901.0,1757049993.7197893,5107.270570412827,937.8085655596514,17.03343792935651,1.941201441301323,0.0
14902.0,1757049994.970572,5110.959940151409,937.8641836888661,19.81397897917467,2.758416743989533,0.0
14903.0,1757049996.4095047,5112.783405184767,938.5239231052531,17.90443141414373,2.4738102772446577,0.0
14904.0,1757049997.7942624,5115.275615063693,939.5541266777841,20.413213434341554,2.505805410435227,0.0
14905.0,1757049999.1753402,5117.50374179857,939.9181523968069,17.60403900695173,3.5354509715068447,0.0
14906.0,1757050000.452906,5107.30694435149,937.7077491371982,16.38779429403726,1.8252323637138161,0.0
14907.0,1757050001.823178,5102.388832397597,937.6379345409212,16.654648714318828,2.8025832541559828,0.0
14908.0,1757050003.0582395,5102.960694804703,937.62989786262,17.877230830711127,2.391418653584066,0.0
14909.0,1757050004.3122928,5090.156809869891,936.2236648916912,15.443196970892103,2.415372906377051,0.0
14910.0,1757050005.5720763,5092.231420236565,936.5777479461893,17.620968479539304,6.55604963165742,0.0
14911.0,1757050006.9421673,5093.009632175042,937.3459266865054,16.077669512383363,2.361816448403598,0.0
14912.0,1757050008.1845813,5093.2480300160905,936.9486876957222,15.804833821975015,2.6498438536646227,0.0
14913.0,1757050009.5644486,5095.573415721919,935.8566164931265,17.46379279491406,3.8393000732070153,0.0
14914.0,1757050010.9277,5094.413040480852,935.2937635681793,15.048938425160028,2.286352421173456,0.0
14915.0,1757050012.2053237,5096.255924241897,936.5438977409253,18.226202658786992,2.616808428667731,0.0
14916.0,1757050013.5957205,5094.824930703901,937.1502136794664,15.770360109046557,2.269617004458101,0.0
14917.0,1757050014.8447816,5097.99714571855,938.1962916918528,16.922671883125645,2.3219482279536856,0.0
14918.0,1757050016.077675,5100.386866092533,939.0045347194389,17.808369819329688,2.364463438972472,0.0
14919.0,1757050017.4894896,5100.718848986718,940.2046100347197,17.408262439402485,2.219100936177575,0.0
14920.0,1757050018.732087,5100.34496354656,940.199676474914,15.474345144426135,2.592829532387496,0.0
14921.0,1757050019.9659967,5102.551802148799,939.4349061577329,17.375752721292102,3.623843664742003,0.0
14922.0,1757050021.2131274,5093.128405989541,935.5766421304044,16.72172214405852,2.6937816830954366,0.0
14923.0,1757050022.4832628,5085.533433047591,933.872320596116,14.56578483240969,1.8957413504787728,0.0
14924.0,1757050023.8609414,5090.223218146791,934.4624333753252,19.73134139274138,2.5548124110244257,0.0
14925.0,1757050025.1299584,5093.084126023021,935.1111423302121,18.22696834126493,2.7531141409849975,0.0
14926.0,1757050026.3524318,5096.542983407057,934.9046480305467,17.278704221229365,4.648884525650401,0.0
14927.0,1757050027.638325,5090.054753566421,933.9758815923194,14.949568373887043,2.0726668104431942,0.0
14928.0,1757050028.8768768,5089.835150368796,933.9523126825325,16.629012053186752,2.3056758065462053,0.0
14929.0,1757050030.1228082,5094.143573348741,935.1701044375951,16.16577150229373,2.171638426291097,0.0
14930.0,1757050031.4922907,5097.136339147605,935.9726416271302,18.331972689840622,2.179968594007364,0.0
14931.0,1757050032.8888102,5100.287215132243,937.0536859504739,16.542634455087814,2.596937410587669,0.0
14932.0,1757050034.1499557,5106.717201695877,937.6365754824774,19.409752938293583,2.9715909260886293,0.0
14933.0,1757050035.539614,5107.327149835711,938.483588371272,15.624851785945548,2.475611379969477,0.0
14934.0,1757050036.7892222,5107.04877842291,939.0945562038144,17.324220416685456,2.3440052403297207,0.0
14935.0,1757050038.0591135,5108.990613695834,939.5220102303731,18.774057470612437,2.477316887481151,0.0
14936.0,1757050039.4489276,5111.2798851126,940.3135552175185,16.176272808459483,2.674032620643959,0.0
14937.0,1757050040.7281523,5101.31207485631,938.6719355041462,20.219994639858836,2.3919262388876663,0.0
14938.0,1757050042.0933099,5090.9876810290425,937.3604827337988,15.785350765634929,1.9755683382925449,0.0
14939.0,1757050043.506403,5092.062097351248,937.4768829762056,17.740967013755405,2.433408355517611,0.0
14940.0,1757050044.7557645,5090.94474826161,937.2272914116209,16.650022316044822,2.723311203274082,0.0
,1757050044.786734,,,,,
,1757050044.7870157,,,,,
14941.0,1757050046.1954846,5097.763848377691,938.2320954436714,18.4894755585522,2.3426970646337097,0.0
14942.0,1757050047.5810356,5095.55529652018,938.4747932410158,17.34910907767481,2.5100703057581986,0.0
14943.0,1757050048.8333619,5096.734976505472,938.2712494328234,16.961990036426016,2.7145326844223074,0.0
14944.0,1757050050.2196124,5097.068280441478,938.5564027344777,16.64364133795542,2.4950063809326437,0.0
14945.0,1757050051.4998584,5097.450243343528,938.9951291313552,17.616164103647428,2.5201833080032525,0.0
14946.0,1757050053.1128693,5102.116801833581,940.0053393900375,16.232890284540492,2.07157038349234,0.0
14947.0,1757050054.3766086,5102.310184653374,940.4929049971275,17.11417555238166,2.446640855783286,0.0
14948.0,1757050055.7658703,5104.437292226409,939.8768903664522,17.175390975917367,2.4087412158112036,0.0
14949.0,1757050056.992069,5103.1275870255595,939.2701022146099,16.830966431577156,6.020873405165182,0.0
14950.0,1757050058.2337818,5093.305368041433,937.1105087956023,15.693267234285395,2.403864645502146,0.0
14951.0,1757050059.4995182,5094.060455146981,937.1780172892877,17.978142384083803,2.5791698873405466,0.0
14952.0,1757050060.8741832,5092.094603211448,937.2513044489932,18.241027758008475,2.403793281067836,0.0
14953.0,1757050062.1238885,5089.273748142896,936.1227557139202,15.989676898407462,3.504268771589509,0.0
14954.0,1757050063.523235,5086.466859055638,935.5563886891657,17.940706078881977,2.240116967898485,0.0
14955.0,1757050064.8017068,5085.714975624855,935.8151054152987,16.359748174110194,2.4293216396045647,0.0
14956.0,1757050066.2029588,5090.424494483975,936.7786068920436,16.124997369717867,2.670350490010907,0.0
14957.0,1757050067.4404151,5092.5754354979645,937.5684591406767,14.311738817902508,2.3863942705139456,0.0
14958.0,1757050068.7432506,5095.708398866063,937.3028331410964,16.968143826548168,2.309151459690365,0.0
14959.0,1757050070.1211925,5098.491659660713,937.6766341586302,15.547855172422857,2.3087872259877247,0.0
14960.0,1757050071.5211484,5100.333534445475,938.0650476823241,17.447734060807765,2.3269862761388413,0.0
14961.0,1757050072.757807,5098.904948995918,937.8283589302492,15.629979057954948,3.388039229740164,0.0
14962.0,1757050074.023622,5093.473313086934,935.5028854042253,14.92992989520713,2.5275980578662995,0.0
14963.0,1757050075.4221103,5091.047899402083,935.3666435990482,18.276991068341758,4.8179055234856145,0.0
14964.0,1757050076.8071332,5088.986093482249,935.0030176970872,18.082912494501443,3.1216913379535374,0.0
14965.0,1757050078.0717657,5085.7180573237065,933.588435648706,15.074547394361009,2.2239062499742204,0.0
14966.0,1757050079.312881,5088.195904856591,933.7050786318997,17.309315046779247,2.4197962962589323,0.0
14967.0,1757050080.5402436,5093.489611271823,934.8088895940288,19.470369512414877,9.550607418725809,0.0
14968.0,1757050081.9234161,5097.3524691565,934.945318445646,17.135910864928423,2.9529591649375355,0.0
14969.0,1757050083.1970346,5095.881678114675,935.3609135337497,18.289884307246414,2.8013969883867085,0.0
14970.0,1757050084.583755,5094.055841882456,935.3252427323158,15.183032377178346,2.224000744063574,0.0
14971.0,1757050085.8452017,5096.837278584472,936.1777066786229,18.138787109425888,2.514122880606026,0.0
14972.0,1757050087.240009,5099.572549330837,936.950097070365,18.176817724403815,2.907744546684726,0.0
14973.0,1757050088.6223006,5096.3952666097875,936.0884694277784,15.762249843112132,3.3484322068213883,0.0
14974.0,1757050089.8684814,5093.326884557329,935.3027329166109,13.94034537224987,5.834334519796791,0.0
14975.0,1757050091.2632616,5092.920981940617,935.3593938772212,17.019711164132065,2.4198424292124696,0.0
14976.0,1757050092.6761117,5096.492909120269,936.3537208436891,18.887095995926515,2.216114491784236,0.0
14977.0,1757050093.9927173,5128.805792533152,941.5235646745149,51.32032968368482,9.38841370904366,31.0
14978.0,1757050095.4421139,5168.829449498295,947.3083077202383,53.78529865313897,8.31014414301342,32.0
14979.0,1757050096.7435575,5197.556500233231,951.513602734067,50.57327277420749,6.957457452312617,32.0
14980.0,1757050098.1288905,5238.949927688933,958.1580483500522,53.862232780450086,7.946966469594107,32.0
14981.0,1757050099.4103918,5278.837353077423,964.6040856743161,52.26697950159594,7.965885287838352,31.0
14982.0,1757050100.7935514,5310.29811344646,970.0258876174887,46.74370617421421,6.919443315539562,32.0
14983.0,1757050102.046436,5346.4484852699825,974.5992855520693,51.44529420842724,7.541841035023222,32.0
14984.0,1757050103.4401808,5378.329556675694,979.4418559573008,45.9564235498829,7.075236501159544,32.0
14985.0,1757050104.8247023,5406.656991881283,984.0908710932174,44.40539617148348,6.980175873348781,32.0
14986.0,1757050106.080282,5430.122168445182,987.609271887552,49.06566268027714,9.171215761225287,32.0
14987.0,1757050107.4956598,5460.419312643206,993.1137298727273,53.252615129868516,8.216131340565658,31.0
14988.0,1757050108.75527,5480.712000148922,996.8394323734606,41.64395157152023,6.183082217768324,32.0
14989.0,1757050110.1374137,5491.8589360378255,998.0225988501991,41.23450659708046,9.162821157295907,32.0
14990.0,1757050111.5187805,5526.847866034182,1003.8260097662354,48.88402074300155,8.015749039066904,32.0
14991.0,1757050112.9069362,5504.3790933834525,1001.2826646621983,48.62573052078043,13.058233388531793,32.0
14992.0,1757050114.213017,5524.930361475835,1004.6669206066729,43.979918158512504,6.96729322227076,32.0
14993.0,1757050115.6108532,5557.906837103605,1009.9647825938019,48.726251181782246,7.166643351726593,31.0
14994.0,1757050116.9322658,5579.486320146571,1013.5833477244621,40.11181409069415,6.434229509028786,32.0
14995.0,1757050118.193814,5613.305440202194,1018.6036743002657,46.42753547946844,7.0589364669604135,32.0
14996.0,1757050119.4669912,5637.74153642387,1023.113689958916,36.80014147640221,5.59028984019534,32.0
14997.0,1757050120.8905075,5672.054996470556,1028.6236259768268,47.49099659584062,7.452272423236893,32.0
14998.0,1757050122.355816,5686.888345262892,1031.6202484053836,38.723917290373926,6.729809215971512,32.0
14999.0,1757050123.7606106,5648.768100026611,1030.5683584985832,50.23615881203162,10.867342106949392,31.0
15000.0,1757050125.4355986,5657.237802824628,1036.3606331844653,45.858156931613394,7.287770263145688,32.0
,1757050125.469252,,,,,
,1757050125.469586,,,,,
15001.0,1757050126.8561773,5673.76457567241,1039.0486354436184,41.51315804159,7.1096253180139675,32.0
15002.0,1757050128.1386993,5699.090300827821,1041.0202728985146,44.61797737857589,7.009036162924725,32.0
15003.0,1757050129.3801143,5714.992363308716,1043.5159430298172,45.91726837624742,7.593845428904297,32.0
15004.0,1757050130.7748418,5734.271507755267,1045.774140069417,40.56227909025283,7.649944696233997,32.0
15005.0,1757050132.0357966,5761.368643986695,1050.0871628512264,40.60810108352593,6.446457566356006,31.0
15006.0,1757050133.4047396,5783.495696447377,1053.7438291418018,43.00900459695597,6.528588329718781,32.0
15007.0,1757050134.6826842,5788.9828611975845,1055.3350626036968,34.08436397644156,5.301241056271983,32.0
15008.0,1757050136.0781014,5773.166573642184,1053.5010579441005,36.87419591722122,5.912604383194234,32.0
15009.0,1757050137.3473318,5746.363147998779,1048.1972295163994,42.70645710359873,6.925256675184593,32.0
15010.0,1757050138.5887742,5760.204379087834,1051.001959044368,36.07873161558951,8.227315818167138,32.0
15011.0,1757050139.963523,5777.4755682094665,1052.9862590708888,41.710021201220954,6.525314204890802,31.0
15012.0,1757050141.2080524,5742.724117265805,1045.9131587150216,32.85856333286395,5.434414767417393,32.0
15013.0,1757050142.4595273,5771.2150558051935,1049.7819183228391,41.45587248015376,6.66199823996527,32.0
15014.0,1757050143.6882057,5749.052159716349,1042.2878982414236,42.574922154338736,6.423546523979154,32.0
15015.0,1757050145.0410938,5755.541071298717,1043.879442604337,35.35596665743619,8.846560035155647,31.0
15016.0,1757050146.287292,5765.4852300877565,1044.597609158732,36.04110822499081,5.838169798988578,32.0
15017.0,1757050147.539019,5779.466660158054,1046.977468590406,35.258264000219164,10.029287572217733,32.0
15018.0,1757050148.9303153,5796.576007802547,1050.2049256745486,36.22213792173215,5.35330846677965,32.0
15019.0,1757050150.1755505,5808.6375614153,1052.8421760215224,41.57251744219327,6.863586501354221,32.0
15020.0,1757050151.4449425,5737.251499660527,1040.4998847628342,43.9651712706764,9.437606080968429,32.0
15021.0,1757050152.8035529,5672.154656308762,1029.9432482562347,38.43660876903131,6.312464465266632,31.0
15022.0,1757050154.1693652,5693.396702279276,1032.6252926530165,38.65530735807558,5.441873513313567,32.0
15023.0,1757050155.439278,5715.504684368747,1036.1022193019833,38.74633365255917,6.069521800296239,31.0
15024.0,1757050156.8176806,5738.926964825439,1040.7822765933224,37.39527835069098,5.7332664215452125,32.0
15025.0,1757050158.1960125,5679.586894465359,1032.2062112747574,32.54870325335226,6.079179942609132,32.0
15026.0,1757050159.5813086,5707.480807179493,1036.9410758229706,40.368165591070074,6.502080766987672,31.0
15027.0,1757050160.8199968,5715.303510749007,1038.4994748789188,32.029354505957386,5.517697585358964,32.0
15028.0,1757050162.1678658,5721.228046971598,1040.1186730260424,30.779364958140288,5.406544735073644,32.0
15029.0,1757050163.388111,5730.956422213043,1042.1104530195526,30.317253808473517,5.682823061870648,32.0
15030.0,1757050164.7699432,5739.36126194267,1044.7710173335042,32.65434987411184,5.43134521961198,32.0
15031.0,1757050166.005378,5760.268151299083,1048.6580996000598,39.43300560440477,6.640587032844961,32.0
15032.0,1757050167.2583854,5785.343070421932,1052.7359717122006,38.73251697498836,6.132723935938284,32.0
15033.0,1757050168.5230684,5784.423984136615,1053.0325139490253,27.09480986565571,4.394017711378133,32.0
15034.0,1757050169.7799604,5787.049619461586,1053.4757000888121,34.270012033390714,5.900349331788375,32.0
15035.0,1757050171.1513085,5807.294193361217,1056.7254155241947,38.7959556033305,6.70945437369866,32.0
15036.0,1757050172.4478772,5778.005275357476,1050.8695081324945,34.650920616914355,5.95706399079419,32.0
15037.0,1757050173.8850522,5792.16671105893,1054.2007893681327,28.059070562849207,4.322802311673644,32.0
15038.0,1757050175.3794847,5758.785556805821,1058.2144952044155,33.694892106286815,5.44140127023007,31.0
15039.0,1757050176.8090012,5777.798681111266,1061.4212440407243,32.98354926917811,5.184220612517762,32.0
15040.0,1757050178.086502,5800.7540059341745,1065.761212328477,34.6212524939377,5.241141130937747,31.0
15041.0,1757050179.4822927,5812.7344289900375,1069.530991784899,35.79834008392065,5.974878135298284,32.0
15042.0,1757050180.7158613,5809.741490968548,1069.6109128158012,22.373595866764525,4.653593331943663,32.0
15043.0,1757050182.104262,5783.974497612602,1064.2014329083563,34.19065880940948,7.299313430631404,32.0
15044.0,1757050183.3390117,5688.853400262849,1049.4495086191528,34.90243938254704,5.521091152586,32.0
15045.0,1757050184.7044013,5706.729210279835,1053.8789555480591,41.294778025356365,6.081297521635234,32.0
15046.0,1757050186.0709178,5708.9074506470515,1053.9304573664665,36.397034415313996,6.496185092962703,32.0
15047.0,1757050187.3062735,5712.857544097145,1055.2422945424014,29.704815356269595,5.434403185695189,32.0
15048.0,1757050188.677244,5727.279867336603,1058.6254691050872,30.078268064910954,4.986157178478667,32.0
15049.0,1757050189.9217303,5750.7364365897965,1061.1898224407748,38.22950521231842,5.802459426017421,31.0
15050.0,1757050191.2936196,5757.80226393261,1063.2394020851839,27.44226062224325,4.415852306763461,31.0
15051.0,1757050192.5375679,5779.199435750743,1066.0309404799489,35.918568647877926,5.46415322312821,32.0
15052.0,1757050193.9146008,5796.326118614357,1069.649098272674,31.58799742472281,5.130922567702026,32.0
15053.0,1757050195.1591713,5775.305460415822,1067.9590754455419,28.584886540982605,4.007143545592206,32.0
15054.0,1757050196.5247753,5801.159631600916,1072.2569873780544,38.93686474628064,6.312219743356283,32.0
15055.0,1757050197.7992072,5788.266152101879,1070.6628812051194,28.644173114420347,4.919968682764894,32.0
15056.0,1757050199.1922977,5750.070717328464,1062.213876002789,28.926672716286806,7.154920115590928,32.0
15057.0,1757050200.5926285,5764.777820735662,1064.9144821347445,32.52509902456407,5.084089221404714,31.0
15058.0,1757050201.9951136,5764.113239540885,1066.2486059936448,29.64105542672438,4.722424752886788,32.0
15059.0,1757050203.2582793,5766.537775633911,1067.3462882499289,31.73561436043777,5.513859765381452,32.0
15060.0,1757050204.6413784,5777.144412287238,1068.6775731590965,34.71498496485859,5.931976823085759,32.0
,1757050204.6732101,,,,,
,1757050204.6735044,,,,,
15061.0,1757050205.9134028,5775.038035123325,1069.3833992339303,29.349951055263105,5.900978433632931,32.0
15062.0,1757050207.1602626,5782.573989458107,1070.6513979150695,32.48810212900699,5.267221221455858,32.0
15063.0,1757050208.4419296,5798.979238760241,1073.7495695456303,32.276148469846916,5.542151418312204,32.0
15064.0,1757050209.7638593,5815.633989511614,1077.23500002364,41.88302133153902,7.536120878265493,31.0
15065.0,1757050211.1581392,5825.1969855195075,1079.279164110714,30.813255897258568,4.966668647139617,31.0
15066.0,1757050212.4041178,5843.558768578319,1082.4822098441102,35.57575638420003,5.643130055231233,32.0
15067.0,1757050213.775063,5843.827827234462,1083.2488826491274,29.93640280456816,5.441121538363686,32.0
15068.0,1757050215.1867297,5845.020892618528,1084.8819283997486,23.7094899185443,4.241402134971778,32.0
15069.0,1757050216.4442415,5797.418460974221,1076.8488453728903,25.117822915161273,5.43724925737644,32.0
15070.0,1757050217.7039168,5788.819353566039,1067.8428871523633,36.990564031867514,6.433565639121279,32.0
15071.0,1757050220.6559641,5800.538742936822,1069.810933017771,30.5191585625286,6.139923541297017,32.0
15072.0,1757050221.8958917,5726.443481324672,1056.3375674920592,31.69960475731548,5.621723979715684,32.0
15073.0,1757050223.291189,5744.541200900741,1060.2239812512057,34.021482177821845,5.225735379417461,32.0
15074.0,1757050224.6728592,5750.893078970006,1062.2771401894297,31.245798345763156,4.599948728272782,32.0
15075.0,1757050225.8977754,5766.471661398543,1065.6467413686469,35.179440087432745,6.575693600962138,31.0
15076.0,1757050227.2748733,5790.569686184028,1069.9739870579774,38.30802690179871,5.8574874290672945,31.0
15077.0,1757050228.5446153,5776.156832358487,1066.89890614412,29.232321812871803,4.471748024556945,31.0
15078.0,1757050229.910635,5761.284511393582,1065.4564377383097,23.028367265715097,3.1662070270836327,32.0
15079.0,1757050231.1775143,5771.036298578168,1066.7806606089514,32.23014242913723,6.1277837820126875,32.0
15080.0,1757050232.4179163,5775.362687561889,1066.582344273378,31.531383165460912,5.381692936494555,32.0
15081.0,1757050233.7846131,5650.298974529113,1046.7984532788853,35.53857399861222,7.031698842423932,32.0
15082.0,1757050235.1509228,5660.204368421941,1048.5240524367173,34.29954564547086,6.57764474818648,31.0
15083.0,1757050236.3873808,5676.5776898240165,1051.4787994877881,38.50872872112111,6.481649761361095,32.0
15084.0,1757050237.668094,5693.101517854475,1054.9262650035337,36.6194443887095,5.595641998467426,32.0
15085.0,1757050239.0493178,5689.724582099507,1054.8881128700373,27.842721879652828,4.145978528806447,31.0
15086.0,1757050240.3218565,5690.949949762399,1053.620421130222,36.294582973213764,5.488284581946341,32.0
15087.0,1757050241.586648,5689.95291920607,1052.574830727389,24.88630113385674,4.248599672829027,32.0
15088.0,1757050242.9839988,5694.449973489496,1054.5751849092312,29.487514666365264,4.043405815809894,32.0
15089.0,1757050244.243666,5711.380541709284,1055.791355820787,33.561770891342185,5.872921478999839,32.0
15090.0,1757050245.6354537,5735.115138209758,1059.9086060127377,35.38604292588476,5.564833373837044,32.0
15091.0,1757050247.0252771,5712.98661087854,1054.8201985419905,24.137288516532777,3.6999613827891977,32.0
15092.0,1757050248.4079454,5725.462834645354,1057.801240175186,29.41952946488754,5.2553207418527865,32.0
15093.0,1757050249.8049672,5731.675013431212,1057.6322397254992,33.75916561930181,4.954986225400968,32.0
15094.0,1757050251.069765,5705.096368738521,1053.3916177493643,24.609864624460684,4.838904520729764,32.0
15095.0,1757050252.4348884,5695.516539514583,1052.375028300033,29.467329742221985,4.668926193509113,32.0
15096.0,1757050253.8252316,5716.153357284042,1056.2976734159458,31.913264041436435,5.363495777104598,31.0
15097.0,1757050255.0726943,5676.325207512908,1048.8339187007882,33.02245300180033,5.0295191297605175,32.0
15098.0,1757050256.4578903,5684.0624837697915,1050.648437925082,34.79814603480765,6.147572478068433,32.0
15099.0,1757050257.7433262,5685.997129551503,1050.7493181170169,36.35142120718781,5.910302164136895,32.0
15100.0,1757050259.5423214,5684.222853661661,1051.6466785702419,24.05627243840367,3.843931133736421,32.0
15101.0,1757050260.7719479,5679.691806165957,1052.0421887095617,27.86109511132337,4.4319494939444946,32.0
15102.0,1757050262.015293,5612.351873924918,1035.6801948765722,29.565512541115353,4.885865555412277,32.0
15103.0,1757050263.42037,5626.905565139221,1037.0135461850698,32.956664005986084,4.9043634493313,32.0
15104.0,1757050264.7051916,5649.952331149513,1041.2799186445397,40.82258966453553,7.790052471622387,32.0
15105.0,1757050266.0962377,5637.059370446364,1039.9680214165949,28.968739308609667,4.314243075244649,31.0
15106.0,1757050267.4310398,5640.320157762532,1041.238618117647,32.450446935999956,5.2711167247974675,32.0
15107.0,1757050268.8322892,5641.96018008074,1042.1203258639844,29.31526613583861,4.291973725211814,31.0
15108.0,1757050270.089833,5645.114926308965,1042.5785748100186,29.265256226642233,5.819670930588927,32.0
15109.0,1757050271.3290124,5650.752012453259,1044.0828352718117,26.885198350756045,3.96948682625391,31.0
15110.0,1757050272.7720528,5641.4028179662455,1041.880317123246,24.88746877658685,4.481726777686259,32.0
15111.0,1757050274.0503392,5642.900368850063,1042.1420350948915,27.8284305256676,4.6972104827219825,32.0
15112.0,1757050275.448497,5634.967114807353,1041.6944237129499,20.556584229852056,2.9693305506863727,31.0
15113.0,1757050276.825328,5581.130686876685,1030.7355428204921,18.805725338880215,2.7075241717136587,32.0
15114.0,1757050278.0604126,5593.079717748826,1033.00788074756,32.74403019869656,5.491889088806659,32.0
15115.0,1757050279.3156013,5592.666739071337,1032.9766937714871,23.505588227250968,4.792398858196965,32.0
15116.0,1757050280.7094698,5616.670127232093,1036.377982883059,38.83978083751543,6.012484740743164,32.0
15117.0,1757050281.9387872,5615.500535799122,1036.9151218776583,22.81256174747069,3.0515130605492153,32.0
15118.0,1757050283.2132976,5622.395149347735,1038.9165173468034,25.98381567359897,3.3650721643382098,32.0
15119.0,1757050284.592881,5606.918981871201,1036.1079713353772,28.059029130525488,4.963862606662087,32.0
15120.0,1757050285.8263967,5595.628508847851,1033.113126878334,24.46970809797602,2.6804217663841214,32.0
,1757050285.8569195,,,,,
,1757050285.857203,,,,,
15121.0,1757050287.2377193,5606.02235295405,1035.4021607244745,27.768520117638165,4.509683350526572,32.0
15122.0,1757050288.605674,5593.051764465322,1034.3114654996027,26.6040217242417,6.365227795465032,32.0
15123.0,1757050289.842239,5603.374853245989,1036.3402277092282,35.09235242695206,5.286764521677953,32.0
15124.0,1757050291.087993,5609.527728112722,1035.809763877826,26.839626658599933,5.29130067648566,32.0
15125.0,1757050292.336048,5624.165829619257,1038.1734208521573,32.68797398017167,4.908560724499362,32.0
15126.0,1757050293.7259796,5630.285358005507,1039.3011981866912,29.733196969359454,5.083808804738347,32.0
15127.0,1757050294.9883554,5634.239425450669,1039.634246138573,29.573938918989505,4.124264653495729,32.0
15128.0,1757050296.3796155,5615.163610771883,1036.3059690178945,19.11729222785913,3.5923652964704686,32.0
15129.0,1757050297.6480021,5613.008679029711,1036.486327340612,25.54113490440264,4.939678192065061,32.0
15130.0,1757050299.0761352,5614.90054164969,1037.013244473119,26.213540518407168,3.8981360885371603,32.0
15131.0,1757050300.3185577,5629.100060497982,1040.0834295903617,35.30661058537461,6.239669283125577,32.0
15132.0,1757050301.722593,5622.39742300432,1039.5693232331735,25.88782386900063,3.9327976409265117,32.0
15133.0,1757050302.9664392,5625.571661687846,1039.5955426933679,28.769834439415867,8.31564839982555,32.0
15134.0,1757050304.339486,5587.9447910117915,1038.1029091397183,24.942470113742598,4.567612694035201,32.0
15135.0,1757050305.7217827,5600.23106549809,1041.1222927108658,34.293611928423616,5.995486677528302,32.0
15136.0,1757050307.0052104,5591.0706326903655,1038.677834677779,24.10618233285267,4.708324531146643,31.0
15137.0,1757050308.370301,5576.223497883301,1035.3113921420327,26.160174263032278,3.629010186115373,32.0
15138.0,1757050309.6582577,5566.929510124356,1033.2882519772622,34.072214678137385,5.620444192458272,31.0
15139.0,1757050310.9325025,5563.841401281017,1034.4649968072167,23.86946632106237,4.813594197127335,32.0
15140.0,1757050312.3397808,5572.6223353481,1034.6067011879672,32.688937723342086,4.491869787412629,32.0
15141.0,1757050313.7568367,5573.284106529144,1035.7365484333188,26.43246960144364,5.053938593008008,31.0
15142.0,1757050315.0682352,5577.734675076592,1034.9249093443364,28.750243849069026,5.859603393115679,32.0
15143.0,1757050316.2985587,5592.861111619435,1037.7211811086727,30.524675707316675,4.591079006859741,32.0
15144.0,1757050317.6068153,5581.681084531535,1035.5263101091246,21.190317961916698,4.097928772285894,31.0
15145.0,1757050318.880584,5575.2023227875425,1035.0050865046055,28.31397759825006,4.526724217480194,32.0
15146.0,1757050320.1158903,5567.440307908568,1034.3290795446776,23.73322403866038,4.957888305044404,32.0
15147.0,1757050321.4904947,5584.627830394695,1037.6804517284593,33.857927944270756,6.631822016858529,32.0
15148.0,1757050322.7615561,5592.1018551280995,1039.8229876692835,37.776494291272265,5.314703112927506,32.0
15149.0,1757050324.121461,5596.731293219972,1041.4825070831405,26.796159921913972,4.115196800489341,32.0
15150.0,1757050325.5235136,5579.75160240083,1039.1275455426683,26.990335432120528,4.768354537841695,32.0
15151.0,1757050326.7638633,5570.3692121296535,1038.998441313491,21.47842275236296,5.764354962031835,31.0
15152.0,1757050328.0124664,5574.690409624267,1039.6540635025208,26.649321674123577,3.633621373962523,31.0
15153.0,1757050329.394071,5598.021868244876,1043.6484151910017,36.746879296396656,5.946262751875216,32.0
15154.0,1757050330.757741,5584.0036171397105,1041.997967567591,20.391940152802324,2.957370664439064,32.0
15155.0,1757050332.002657,5596.9916665213905,1042.551883209535,32.53249005432319,5.486427850782926,32.0
15156.0,1757050333.3762138,5590.036182968443,1042.5175315109016,15.635828409042677,2.2947111861993186,32.0
15157.0,1757050334.607071,5599.421015707664,1044.500461604396,32.396125837839804,4.744510410472909,31.0
15158.0,1757050335.959709,5603.329755818315,1044.9321113509543,24.6017868429791,3.6220666268716153,32.0
15159.0,1757050337.2071512,5609.30893774282,1046.384388085447,30.341799530022357,4.2095713913778505,32.0
15160.0,1757050338.5876758,5615.142603502225,1047.5099692633269,28.839878881376446,4.15080534377938,32.0
15161.0,1757050339.8282838,5621.608274716938,1049.4735987851104,28.108896187011357,4.073617097735812,31.0
15162.0,1757050341.086942,5641.243977733153,1052.9139703009314,34.73240332820212,5.179595877156635,31.0
15163.0,1757050342.3285773,5611.933963228689,1047.9443257734654,22.417487207299924,3.278314282068551,32.0
15164.0,1757050343.7181916,5572.773799950342,1041.144626922704,29.70859364431295,4.844380226860502,32.0
15165.0,1757050344.9692101,5566.644071695752,1039.8390008894132,26.505376159106174,5.086482941377576,31.0
15166.0,1757050346.338012,5560.178646443861,1039.5965097172989,32.44848004803787,4.6355707381936275,32.0
15167.0,1757050347.6056597,5564.387560391583,1041.111201888648,27.42468803274013,5.45455614758738,32.0
15168.0,1757050348.852472,5550.703554252134,1038.6405330141947,31.653640964770023,5.123286627149115,31.0
15169.0,1757050350.0877528,5548.538244925626,1037.6170972198088,34.736299647410156,5.0121346275077245,32.0
15170.0,1757050351.471,5544.55354177324,1036.077575441947,23.262968461580687,6.009141588487028,32.0
15171.0,1757050352.8432975,5557.756893068443,1037.9579480024495,34.50703448715417,4.812194015590847,32.0
15172.0,1757050354.0833502,5560.044542786946,1039.3819400063546,27.895760018980617,6.307905656555066,32.0
15173.0,1757050355.456282,5559.850372989717,1039.3355134680128,28.20230101664178,5.69327708873964,32.0
15174.0,1757050356.698692,5572.112347142769,1041.6538894757157,30.92344221368537,4.159951242773598,32.0
15175.0,1757050358.0575738,5546.182504141107,1038.0159224374695,22.19405239797142,2.709372335327199,32.0
15176.0,1757050359.461765,5558.644424905624,1040.5820921870504,32.98452518100401,5.294325146299757,31.0
15177.0,1757050360.6888585,5531.169969667415,1032.5309000242653,35.86959005588625,5.80896353706668,32.0
15178.0,1757050361.9179955,5555.64752075027,1034.7211614145208,37.31828969645895,5.380105517453407,32.0
15179.0,1757050363.2985473,5555.411973790593,1034.879682346064,25.148854990646733,4.515217856085129,32.0
15180.0,1757050364.5466669,5548.512842567049,1033.8399146414934,22.40555990908306,4.713379680949909,31.0
,1757050364.5779448,,,,,
,1757050364.5782585,,,,,
15181.0,1757050365.9278598,5541.913999302224,1034.1706106212669,21.798493338740936,3.694279920617719,32.0
15182.0,1757050367.183161,5540.080559419298,1033.8101647948433,31.62509528031682,5.856971747313198,32.0
15183.0,1757050368.4243174,5443.334931515222,1012.0021840436942,34.39302868720196,4.859927155824519,32.0
15184.0,1757050369.7978413,5430.999572404691,1010.3643272088025,24.069553159694024,4.43090104375551,32.0
15185.0,1757050371.0355513,5427.619429262594,1009.8285426266657,25.493480633260884,7.354726099181861,32.0
15186.0,1757050372.4005082,5430.227398548339,1010.4961758639073,32.944273505071614,5.598022863901939,32.0
15187.0,1757050373.8068662,5425.246151539067,1008.7162128941811,19.65691098551726,4.171705475433338,31.0
15188.0,1757050375.0548704,5440.5786063297655,1010.4231428397446,31.08977899101636,7.719207290618409,32.0
15189.0,1757050376.4124947,5441.326489287046,1010.8839781049107,26.283152882684863,5.50467746686156,31.0
15190.0,1757050377.6653173,5444.470382705245,1012.1189807122239,27.794583026421186,4.453553945417745,32.0
15191.0,1757050379.0364118,5453.694552554467,1014.418923865173,36.02736921316276,5.840126416727931,32.0
15192.0,1757050380.3883877,5415.080164638694,1007.1687996582447,25.28713111661675,4.797031958134747,32.0
15193.0,1757050381.6333218,5420.627643085916,1006.5764994635133,32.90337625486005,5.296035686142062,32.0
15194.0,1757050383.0108604,5424.805161725814,1007.5711249649354,27.863451457900435,5.511618609717615,32.0
15195.0,1757050384.2333298,5441.090179971204,1010.9086160277201,31.779520519369584,4.673691298034751,32.0
15196.0,1757050385.6349094,5430.019774606164,1010.3293188823276,35.94549516851769,6.589384218624199,32.0
15197.0,1757050386.8688743,5448.184420890571,1013.8214736248781,36.75437924149918,5.885147040921985,32.0
15198.0,1757050388.2450833,5405.425724566204,1008.1861312668128,21.177692483238094,2.627038034126716,32.0
15199.0,1757050389.7471037,5388.021606735353,1005.8885587490794,23.989007702932792,4.859811170092085,32.0
15200.0,1757050391.5688424,5404.08046848317,1008.8443189591693,31.527892193353306,5.578856584701571,32.0
15201.0,1757050392.8002896,5399.761991271023,1007.2113388295184,21.804983768666865,2.9408735475625223,31.0
15202.0,1757050394.1541176,5407.389466830743,1008.8545390043712,27.60274036345002,5.853574136370448,31.0
15203.0,1757050395.4197855,5426.163046191185,1012.1794257808605,33.48389832063473,5.440838602686236,31.0
15204.0,1757050396.7737753,5435.107509444497,1013.4506547555769,27.127724068389885,5.0398871609302756,31.0
15205.0,1757050397.9935844,5432.964213579033,1012.9416593263293,29.84637507478185,4.2013277238405715,31.0
15206.0,1757050399.371365,5437.17561771342,1013.8304534017022,30.024262652884584,4.363770110458742,32.0
15207.0,1757050400.6526146,5427.397344232199,1011.9564009923241,27.383586700435284,4.009466796187549,32.0
15208.0,1757050402.0080926,5427.239457380407,1012.3593794768294,24.458993296951494,4.334923903691545,32.0
15209.0,1757050403.2622826,5380.296335206791,1005.2159242937197,25.7312124312695,3.5225478946684596,31.0
15210.0,1757050404.493589,5378.631720690018,1004.1880573473685,22.21988615214733,3.4299784113413327,31.0
15211.0,1757050405.8643057,5392.4544504237565,1007.71931160545,34.87859478497033,6.391547411581532,32.0
15212.0,1757050407.1012044,5404.07571871252,1009.1685554628976,31.75324533878016,5.0624979571887785,32.0
15213.0,1757050408.333617,5406.100830824023,1010.2103520810618,32.55436181931543,4.882888130791814,32.0
15214.0,1757050409.7560477,5353.303184184326,1002.3347274083245,14.313027904777288,1.8460049578073507,31.0
15215.0,1757050411.128722,5350.405000010118,1001.6542065221255,26.575705749076256,4.085746165600511,31.0
15216.0,1757050412.3552413,5333.014697689658,996.8763672883792,29.3389739342137,4.161345964825595,32.0
15217.0,1757050413.606295,5346.3539330172225,999.112404082961,34.700798760063776,5.378986147777252,32.0
15218.0,1757050414.9807894,5351.516900844338,1000.5827839882081,29.19232719836864,4.6829271423041705,32.0
15219.0,1757050416.2058504,5312.2309070516985,994.6482334173285,15.49466714596487,2.1876456831840496,31.0
15220.0,1757050417.4774244,5319.8611126050855,996.2192756459569,28.217912830931148,4.690289155404991,32.0
15221.0,1757050418.7214215,5328.727006402183,997.881414268084,31.72968165640758,5.91991096733223,32.0
15222.0,1757050420.0758872,5336.003461377995,999.2078695514982,31.058032137760787,4.247881397836952,31.0
15223.0,1757050421.3317049,5338.766310772332,1000.1005456449192,30.3882775368892,5.509725338798672,32.0
15224.0,1757050422.7154315,5350.411189516893,1001.747103529465,32.98275639523172,5.682090208674801,31.0
15225.0,1757050423.9421458,5356.542606868613,1002.1565912980765,26.72451672180462,5.989871700118011,32.0
15226.0,1757050425.3153198,5366.748382603937,1001.9582064807176,32.02741560403788,6.441773631068895,32.0
15227.0,1757050426.5627189,5359.410026064567,1000.7903684837344,25.530803993409506,4.977983954875676,32.0
15228.0,1757050427.9534538,5373.053439872674,1002.8775643789563,34.252323717989796,5.71200364318268,31.0
15229.0,1757050429.332664,5387.5545902671965,1005.1059145861883,33.476793304286346,6.320500104948245,31.0
15230.0,1757050430.716138,5389.907173426733,1005.020002045287,36.78289394849638,6.963628748894806,32.0
15231.0,1757050431.9454436,5363.076691564382,1000.3415113586003,26.603959502104047,4.391259674745384,32.0
15232.0,1757050433.1919074,5345.511447904309,999.4513280854974,23.659646418330112,5.417171718887184,32.0
15233.0,1757050434.574286,5337.584731265161,996.5217409090687,26.40118898369874,3.5942830527189384,31.0
15234.0,1757050435.840491,5336.912836194829,996.6618623583796,31.356044138410113,4.9086535552703054,32.0
15235.0,1757050437.2339792,5321.031378755631,993.545061793008,32.67466292238826,5.738201281318264,32.0
15236.0,1757050438.484739,5328.605081971182,994.5626189132752,33.1715968465859,5.5805781673199455,31.0
15237.0,1757050439.8597097,5317.594293818347,992.5895489399785,25.982168285016254,3.5809103682009886,32.0
15238.0,1757050441.2417872,5304.983820900179,990.7280064320629,26.232699919443792,6.668355504726282,32.0
15239.0,1757050442.60848,5300.573570915299,990.5174349941099,29.516065963745387,6.3926579827404195,32.0
15240.0,1757050443.8758144,5302.539653058281,991.6818311424006,32.52928251336306,4.9037520081937025,31.0
,1757050443.9059548,,,,,
,1757050443.9062407,,,,,
15241.0,1757050445.2787538,5289.598227100174,990.2594650904776,22.651410538732414,4.515211750815615,31.0
15242.0,1757050446.551518,5289.3948585544185,988.5963812926784,29.217401461132166,3.8281817237251388,32.0
15243.0,1757050447.9029405,5293.704853202976,989.3742238626307,24.518339536213887,5.346571595626145,31.0
15244.0,1757050449.2903614,5319.736544148322,993.6120176682898,38.51119760982517,6.978430045261965,31.0
15245.0,1757050450.6874986,5329.273973547838,995.9781218689951,35.14282143212654,5.2079997606785575,31.0
15246.0,1757050452.0317624,5338.425091048321,997.5612605374541,32.25666227666238,4.469916705371541,31.0
15247.0,1757050453.276589,5342.086757992303,999.3570367647532,28.33943782254493,4.419466286619122,31.0
15248.0,1757050454.6602054,5347.17530166848,1000.9795979718912,27.382827369074807,4.0772046600456076,32.0
15249.0,1757050455.9687946,5372.001348558909,1004.99545050988,38.47496082935686,6.628783214679056,32.0
15250.0,1757050457.374562,5380.993829084162,1006.4432505529446,30.436505605131916,4.881813687539169,32.0
15251.0,1757050458.7612312,5353.132661256854,1002.3925470125795,20.736594186261893,2.6274579098791313,32.0
15252.0,1757050460.037061,5348.173375838173,1000.8675133919229,29.836164934387124,4.553272843968186,32.0
15253.0,1757050461.417106,5366.907007812685,1002.6283046373903,34.472486996976755,5.566826027331313,32.0
15254.0,1757050462.783417,5363.394938520609,1004.4906068328033,29.57458363617908,5.786180996755294,32.0
15255.0,1757050464.0223851,5374.9266718918025,1003.8094769053218,30.72202256277606,4.674676189206351,32.0
15256.0,1757050465.4158835,5367.038639643398,1003.2851409156967,28.51119472804561,4.299670029473799,31.0
15257.0,1757050466.6905482,5369.580593924502,1004.577921322736,24.406014751864635,3.6326471960372433,32.0
15258.0,1757050468.061446,5377.799687851953,1006.257470278272,30.138608520135204,4.860449992663486,32.0
15259.0,1757050469.4466047,5375.948194637657,1005.7671821962897,24.841365522355883,4.076479984421671,31.0
15260.0,1757050470.673875,5364.828122285813,1003.5439261686213,27.292209038619344,3.9303621045201975,32.0
15261.0,1757050471.9282427,5346.886943798822,1001.1626913484482,17.324738282062643,3.4836042177260964,32.0
15262.0,1757050473.187626,5326.154816837599,996.757198437458,31.27609450382054,8.570588087574825,32.0
15263.0,1757050474.5822186,5347.129910607858,1000.3480364378375,32.70568814015175,5.944142954511584,32.0
15264.0,1757050475.8603232,5348.421451113223,1000.9722510689419,27.137774733759965,4.866897643673813,32.0
15265.0,1757050478.548594,5340.157781761497,999.7644780084473,25.75933550943614,4.9426157796654495,31.0
15266.0,1757050479.9754245,5315.042961251735,993.3870013548383,25.173405014252378,3.4104916463750925,31.0
15267.0,1757050481.2231293,5336.762140443589,996.2562407949706,35.45455642637856,6.431497976253643,32.0
15268.0,1757050482.6037889,5344.4593723718335,997.2196526559901,37.894437297467725,5.502986734257154,32.0
15269.0,1757050483.8569906,5335.904662808571,994.3314059687933,27.419457279029437,3.7989953581089444,32.0
15270.0,1757050485.2305129,5332.01209001793,993.9363028164572,26.863547113217134,3.94189915807627,31.0
15271.0,1757050486.467217,5331.85326772396,993.5349327067914,24.14098674024493,4.666784173551817,31.0
15272.0,1757050487.6932652,5342.937404603472,995.4982902147408,30.547392714833556,4.454273986366888,32.0
15273.0,1757050488.968193,5348.2656881235835,996.6764511229501,27.32536798800374,4.23391038089637,32.0
15274.0,1757050490.2230892,5345.266783291002,996.5276046916526,28.879879208426157,4.699206757468448,32.0
15275.0,1757050491.6262007,5335.697534228033,994.4062674922629,27.490152454421146,4.68410375580336,32.0
15276.0,1757050493.004554,5333.179314208369,992.8499012446781,28.776322138618806,4.4208606665019134,32.0
15277.0,1757050494.3761017,5335.979526027394,994.0308606068264,28.383733257069224,4.373361226231671,32.0
15278.0,1757050495.7583342,5338.7726123431485,993.3853642296186,28.189658224129182,4.051980272383697,32.0
15279.0,1757050497.0096543,5332.497063193722,992.0500017068397,24.286182610358242,8.190995528388783,32.0
15280.0,1757050498.2626007,5314.25704290096,989.3982341705788,21.87898724056359,2.707293064013271,32.0
15281.0,1757050499.6279829,5335.770753104687,992.5989570221569,36.20081736258709,5.236800572332588,31.0
15282.0,1757050500.9947762,5302.417774470686,986.3100508179433,24.022638739067197,3.238684767043594,32.0
15283.0,1757050502.3549285,5319.362393604208,988.6020786213247,37.23664043087006,5.328694692201536,32.0
15284.0,1757050503.5999243,5338.453239519732,991.7763789235612,39.76859843235869,5.915672350502893,32.0
15285.0,1757050504.9694016,5365.491938174951,996.2428013855689,37.932595450279834,5.8067730861522096,32.0
15286.0,1757050506.3478787,5344.6273579710005,993.7014046487224,25.621988266577922,3.4735773769716385,32.0
15287.0,1757050507.615271,5335.465865953264,992.8870696800707,26.40270094670542,4.785502973339181,31.0
15288.0,1757050508.8440664,5356.532085389875,996.4931446464927,38.78275267860574,6.926407583272289,32.0
15289.0,1757050510.1991968,5320.054617156925,991.1613453159483,17.638396995875564,2.3340242904278194,32.0
15290.0,1757050511.4307573,5311.2702874293245,990.2778720816622,22.636180970689033,3.378047471425502,31.0
15291.0,1757050512.7961617,5321.050742184015,991.8396334486335,27.314684901150706,4.543902524604689,31.0
15292.0,1757050514.046786,5326.692632478042,992.758443902262,28.683822570152348,7.570833783886194,32.0
15293.0,1757050515.4317832,5323.633587990942,992.9172626439594,25.161483063999363,4.041810381021193,32.0
15294.0,1757050516.7980182,5332.399816283428,993.8349902497702,31.23246802675593,6.081594118278611,32.0
15295.0,1757050518.0583017,5350.319232043756,996.8703213835954,32.29543886798595,5.163179469054272,32.0
15296.0,1757050519.440646,5349.434764668211,996.6139251435586,28.96633709648702,4.582221737952182,32.0
15297.0,1757050520.9126596,5336.02235662803,994.0439047812886,24.83673699458449,3.615220383991132,32.0
15298.0,1757050522.155437,5358.655620539249,997.9893700370087,36.49568253255682,7.516459368150428,32.0
15299.0,1757050523.5215063,5345.888769018555,996.7513053188492,27.847115140131244,5.449091305040818,32.0
15300.0,1757050525.3557658,5320.877084593847,993.3526199264486,18.12234275393693,2.8524951708831816,32.0
,1757050525.3872962,,,,,
,1757050525.38759,,,,,
15301.0,1757050526.6258194,5331.7793519670195,992.8991162932724,28.419971512182567,4.578730438139446,32.0
15302.0,1757050528.0018423,5345.289098654903,995.7485635602527,34.168530719106755,5.118039895071887,32.0
15303.0,1757050529.2438886,5350.566085715291,996.390671830995,27.409755527222615,3.798288365323025,31.0
15304.0,1757050530.491155,5366.238762151188,999.2986954144676,34.89337271831734,5.763548592913384,32.0
15305.0,1757050531.8737583,5366.59948871419,999.0391935328201,28.321320069728557,4.046334168120984,32.0
15306.0,1757050533.2311916,5363.51759775703,999.4549460325037,28.52978083504022,3.9804130218970872,32.0
15307.0,1757050534.4837005,5351.013114836082,997.5992886843485,27.594997141335533,7.6034438581991655,32.0
15308.0,1757050535.8525383,5335.81173519959,994.4638177617135,20.623440849474957,3.6280543884066097,32.0
15309.0,1757050537.2152693,5322.8103356625725,992.2065805598636,25.44125646977036,4.173238372631419,32.0
15310.0,1757050538.4680922,5327.263239406129,992.5783628841715,31.27802933411664,4.73631389199133,32.0
15311.0,1757050539.7090602,5321.2664874349975,991.6730050536179,21.320150633598523,3.3253081728035836,32.0
15312.0,1757050541.0695508,5230.869821331043,963.0085889074892,18.31563832248322,2.0081632375212504,0.0
15313.0,1757050542.3033895,5233.83995502266,962.0731679950405,38.843876758467694,6.716460193763413,0.0
15314.0,1757050543.656431,5252.092767935591,961.9955079731916,37.9961743793844,6.110226026768908,0.0
15315.0,1757050544.8856642,5258.17489915018,960.8078241387389,39.63287403771968,8.109104456596256,0.0
15316.0,1757050546.1303096,5259.207759418106,961.327730552587,39.007095671279885,5.640790458188503,0.0
15317.0,1757050547.381624,5273.019770322446,963.6986935014257,39.379558554484994,6.459724924850148,0.0
15318.0,1757050548.7642086,5287.433785944985,965.7816008452246,41.183671547803456,6.647056370152867,0.0
15319.0,1757050550.1549985,5305.505278079115,968.6715983281522,36.92902206749145,5.751335456477031,0.0
15320.0,1757050551.3883426,5319.199736976265,970.2580228181313,38.72956529954958,6.4857882229308785,0.0
15321.0,1757050552.7509384,5322.093542854048,970.8610097621198,35.591641446704585,5.546140692042594,0.0
15322.0,1757050553.9811692,5319.103401309202,971.3827902871977,36.02781085698712,6.3476155025570105,0.0
15323.0,1757050555.2014573,5330.8106676950965,973.1522936169499,36.67250253870928,6.525311467071863,0.0
15324.0,1757050556.5818741,5331.739671227042,972.7727356220033,37.18001690199749,5.320796050608868,0.0
15325.0,1757050557.8309982,5343.398766248574,974.9985434380005,34.90810867082325,5.577670354670987,0.0
15326.0,1757050559.0618975,5329.1670355319975,972.8472951584843,36.952488457100834,5.899809721161607,0.0
15327.0,1757050560.3156571,5315.216286503547,971.4738901286066,34.54411876340486,5.101218131581091,0.0
15328.0,1757050561.5420985,5324.08960032917,972.5455773905239,36.19907223300953,5.560952454462841,0.0
15329.0,1757050562.9260416,5311.9684507168595,970.8732826274037,34.30511722006584,6.090844633007848,0.0
15330.0,1757050564.1781125,5321.051081758405,973.1157739923449,33.85732556356994,5.301462421180347,0.0
15331.0,1757050565.4425337,5336.472588231326,974.5896153909508,34.44030844715426,5.060595586366406,0.0
15332.0,1757050566.8720846,5348.035113783068,977.1211255533386,32.555454896431705,5.276029979314946,0.0
15333.0,1757050568.1414793,5359.598466807315,978.8166261512132,33.73319921700836,5.266586045569847,0.0
15334.0,1757050569.4138129,5379.654368946047,980.6525661925714,35.18585063214533,5.091363835585254,0.0
15335.0,1757050570.7944713,5395.825996686911,983.30149599921,32.5734426291424,5.2261342586936905,0.0
15336.0,1757050572.2113998,5387.378104911222,980.4537085645031,31.562908886972245,5.537102798071717,0.0
15337.0,1757050573.4901483,5391.243271196518,981.0492814712131,29.378477361670694,5.358192667551696,0.0
15338.0,1757050574.8831232,5387.460311404015,980.7341068474826,29.703740952153115,4.499938186426966,0.0
15339.0,1757050576.1297317,5401.258898339905,982.8503831796916,31.425710735594702,6.980079226731239,0.0
15340.0,1757050577.5201383,5414.701898151326,984.7002889280069,32.35065323847446,5.454367052914801,0.0
15341.0,1757050578.9380546,5424.953164783796,985.8883369872444,28.822026100311,6.443897040531039,0.0
15342.0,1757050580.187978,5413.900572600081,984.8080008231948,29.80278116574585,4.855643401239587,0.0
15343.0,1757050581.5918903,5430.971877125946,986.943702010884,32.24294588332836,5.099014375348282,0.0
15344.0,1757050582.8464205,5425.549502676816,985.8066826705698,30.367127231500113,4.5488024441635915,0.0
15345.0,1757050584.233569,5438.549847055973,988.4935563010401,30.86571808968982,4.412470797782955,0.0
15346.0,1757050585.5007358,5454.574236473036,990.9797715210829,29.51185462410733,4.360474921253656,0.0
15347.0,1757050586.7411976,5469.314511459997,993.3957101113353,31.5180981538026,7.5574756495781585,0.0
15348.0,1757050588.1614816,5450.507891737344,990.8763099084723,30.70854698163744,5.888937722815733,0.0
15349.0,1757050589.549324,5463.149475703168,993.0809298015051,28.43408278612565,4.6474935783688345,0.0
15350.0,1757050590.8056378,5477.815398075474,995.156350299045,30.31851908352651,4.746520343128123,0.0
15351.0,1757050592.1263325,5488.403392061713,997.2213779140537,29.183254052435117,4.92168498583953,0.0
15352.0,1757050593.4240892,5477.600469824593,995.5502780964448,29.484738964770152,4.728403367852702,0.0
15353.0,1757050594.835357,5461.566560321953,996.6274394972709,29.082824703500865,5.3969291886008115,0.0
15354.0,1757050596.235026,5475.474999908623,998.7776532806149,30.182271645046434,4.7258265444008165,0.0
15355.0,1757050597.6248906,5462.635678613799,996.2233602408141,28.673597728917326,4.241060406630486,0.0
15356.0,1757050598.8861454,5458.3351633447255,995.7187575735423,29.202451283941006,5.521742793542424,0.0
15357.0,1757050600.2756178,5470.951968064304,998.2065104096796,30.295811678145068,4.3912526289597915,0.0
15358.0,1757050601.5277786,5469.352035638588,998.1588525741571,29.336000386415385,5.436993162065228,0.0
15359.0,1757050602.9227393,5440.461831024323,993.4408856363567,28.030562328008607,4.819364187874202,0.0
