{
  "bc": "periodic",
  "samples": [
    {
      "dt": 0.02,
      "seed": 0,
      "two_grid_error_inf": 4.955785891935793e-07
    },
    {
      "dt": 0.01,
      "seed": 0,
      "two_grid_error_inf": 6.417397663271984e-08
    },
    {
      "dt": 0.005,
      "seed": 0,
      "two_grid_error_inf": 8.166030955603087e-09
    },
    {
      "dt": 0.0025,
      "seed": 0,
      "two_grid_error_inf": 1.030071070107219e-09
    },
    {
      "dt": 0.00125,
      "seed": 0,
      "two_grid_error_inf": 1.2791170206361002e-10
    },
    {
      "dt": 0.02,
      "seed": 1,
      "two_grid_error_inf": 4.4821800800672745e-07
    },
    {
      "dt": 0.01,
      "seed": 1,
      "two_grid_error_inf": 5.806815135634899e-08
    },
    {
      "dt": 0.005,
      "seed": 1,
      "two_grid_error_inf": 7.39082789847495e-09
    },
    {
      "dt": 0.0025,
      "seed": 1,
      "two_grid_error_inf": 9.324027990670336e-10
    },
    {
      "dt": 0.00125,
      "seed": 1,
      "two_grid_error_inf": 1.1576443883359877e-10
    },
    {
      "dt": 0.02,
      "seed": 2,
      "two_grid_error_inf": 4.2711925362422937e-07
    },
    {
      "dt": 0.01,
      "seed": 2,
      "two_grid_error_inf": 5.528826490294042e-08
    },
    {
      "dt": 0.005,
      "seed": 2,
      "two_grid_error_inf": 7.035359372332961e-09
    },
    {
      "dt": 0.0025,
      "seed": 2,
      "two_grid_error_inf": 8.872570391067758e-10
    },
    {
      "dt": 0.00125,
      "seed": 2,
      "two_grid_error_inf": 1.1017129222801181e-10
    },
    {
      "dt": 0.02,
      "seed": 3,
      "two_grid_error_inf": 4.326340118515626e-07
    },
    {
      "dt": 0.01,
      "seed": 3,
      "two_grid_error_inf": 5.606187212375824e-08
    },
    {
      "dt": 0.005,
      "seed": 3,
      "two_grid_error_inf": 7.13759129578051e-09
    },
    {
      "dt": 0.0025,
      "seed": 3,
      "two_grid_error_inf": 9.003875978130793e-10
    },
    {
      "dt": 0.00125,
      "seed": 3,
      "two_grid_error_inf": 1.1179641934422335e-10
    },
    {
      "dt": 0.02,
      "seed": 4,
      "two_grid_error_inf": 5.289054094068102e-07
    },
    {
      "dt": 0.01,
      "seed": 4,
      "two_grid_error_inf": 6.854203250805657e-08
    },
    {
      "dt": 0.005,
      "seed": 4,
      "two_grid_error_inf": 8.725247406526915e-09
    },
    {
      "dt": 0.0025,
      "seed": 4,
      "two_grid_error_inf": 1.1008322725603037e-09
    },
    {
      "dt": 0.00125,
      "seed": 4,
      "two_grid_error_inf": 1.3668481624318218e-10
    },
    {
      "dt": 0.02,
      "seed": 5,
      "two_grid_error_inf": 4.7605228407042455e-07
    },
    {
      "dt": 0.01,
      "seed": 5,
      "two_grid_error_inf": 6.166738402476474e-08
    },
    {
      "dt": 0.005,
      "seed": 5,
      "two_grid_error_inf": 7.848480477502806e-09
    },
    {
      "dt": 0.0025,
      "seed": 5,
      "two_grid_error_inf": 9.901081230931363e-10
    },
    {
      "dt": 0.00125,
      "seed": 5,
      "two_grid_error_inf": 1.22932491443406e-10
    },
    {
      "dt": 0.02,
      "seed": 6,
      "two_grid_error_inf": 4.656204977276923e-07
    },
    {
      "dt": 0.01,
      "seed": 6,
      "two_grid_error_inf": 6.03171603635877e-08
    },
    {
      "dt": 0.005,
      "seed": 6,
      "two_grid_error_inf": 7.676712945881015e-09
    },
    {
      "dt": 0.0025,
      "seed": 6,
      "two_grid_error_inf": 9.684427287881547e-10
    },
    {
      "dt": 0.00125,
      "seed": 6,
      "two_grid_error_inf": 1.2025478529631428e-10
    },
    {
      "dt": 0.02,
      "seed": 7,
      "two_grid_error_inf": 4.951261087793313e-07
    },
    {
      "dt": 0.01,
      "seed": 7,
      "two_grid_error_inf": 6.405064979092545e-08
    },
    {
      "dt": 0.005,
      "seed": 7,
      "two_grid_error_inf": 8.14749123029257e-09
    },
    {
      "dt": 0.0025,
      "seed": 7,
      "two_grid_error_inf": 1.027340365555851e-09
    },
    {
      "dt": 0.00125,
      "seed": 7,
      "two_grid_error_inf": 1.2759521911265281e-10
    },
    {
      "dt": 0.02,
      "seed": 8,
      "two_grid_error_inf": 3.7642040405516664e-07
    },
    {
      "dt": 0.01,
      "seed": 8,
      "two_grid_error_inf": 4.866988033685321e-08
    },
    {
      "dt": 0.005,
      "seed": 8,
      "two_grid_error_inf": 6.189509996114978e-09
    },
    {
      "dt": 0.0025,
      "seed": 8,
      "two_grid_error_inf": 7.803578226314722e-10
    },
    {
      "dt": 0.00125,
      "seed": 8,
      "two_grid_error_inf": 9.691426697613914e-11
    },
    {
      "dt": 0.02,
      "seed": 9,
      "two_grid_error_inf": 5.28843314840776e-07
    },
    {
      "dt": 0.01,
      "seed": 9,
      "two_grid_error_inf": 6.853519946307604e-08
    },
    {
      "dt": 0.005,
      "seed": 9,
      "two_grid_error_inf": 8.724454408914895e-09
    },
    {
      "dt": 0.0025,
      "seed": 9,
      "two_grid_error_inf": 1.1007393666256221e-09
    },
    {
      "dt": 0.00125,
      "seed": 9,
      "two_grid_error_inf": 1.366576762775601e-10
    }
  ],
  "scheme": "m_only"
}