{
  "failed": false,
  "figure": "/mnt/ironwolf/git/Void_Unity_Proofs/derivation/code/outputs/figures/metriplectic/20251006_100843_lyapunov_delta_per_step_jmj.png",
  "series": [
    {
      "L": 0.015954735716018506,
      "delta_L": -8.695912484192603e-05,
      "step": 1
    },
    {
      "L": 0.015868115683106046,
      "delta_L": -8.662003291246001e-05,
      "step": 2
    },
    {
      "L": 0.015781833331181133,
      "delta_L": -8.628235192491285e-05,
      "step": 3
    },
    {
      "L": 0.015695887255316655,
      "delta_L": -8.594607586447783e-05,
      "step": 4
    },
    {
      "L": 0.015610276056574187,
      "delta_L": -8.561119874246799e-05,
      "step": 5
    },
    {
      "L": 0.015524998341978052,
      "delta_L": -8.527771459613566e-05,
      "step": 6
    },
    {
      "L": 0.015440052724489416,
      "delta_L": -8.494561748863608e-05,
      "step": 7
    },
    {
      "L": 0.015355437822980586,
      "delta_L": -8.461490150882961e-05,
      "step": 8
    },
    {
      "L": 0.015271152262209323,
      "delta_L": -8.428556077126267e-05,
      "step": 9
    },
    {
      "L": 0.01518719467279334,
      "delta_L": -8.395758941598386e-05,
      "step": 10
    },
    {
      "L": 0.01510356369118489,
      "delta_L": -8.363098160845024e-05,
      "step": 11
    },
    {
      "L": 0.015020257959645457,
      "delta_L": -8.330573153943199e-05,
      "step": 12
    },
    {
      "L": 0.014937276126220572,
      "delta_L": -8.298183342488573e-05,
      "step": 13
    },
    {
      "L": 0.014854616844714712,
      "delta_L": -8.26592815058591e-05,
      "step": 14
    },
    {
      "L": 0.01477227877466637,
      "delta_L": -8.233807004834164e-05,
      "step": 15
    },
    {
      "L": 0.014690260581323165,
      "delta_L": -8.20181933432057e-05,
      "step": 16
    },
    {
      "L": 0.014608560935617087,
      "delta_L": -8.16996457060782e-05,
      "step": 17
    },
    {
      "L": 0.014527178514139878,
      "delta_L": -8.138242147720867e-05,
      "step": 18
    },
    {
      "L": 0.014446111999118475,
      "delta_L": -8.106651502140343e-05,
      "step": 19
    },
    {
      "L": 0.0143653600783906,
      "delta_L": -8.075192072787458e-05,
      "step": 20
    }
  ],
  "tol_pos": 1e-12,
  "violations": 0
}