{
  "failed": false,
  "figure": "/mnt/ironwolf/git/Void_Unity_Proofs/derivation/code/outputs/figures/metriplectic/20251006_134952_lyapunov_delta_per_step_m_only__asymptotics-seed01.png",
  "series": [
    {
      "L": 0.0012415091783075198,
      "delta_L": -6.891507574837601e-06,
      "step": 1
    },
    {
      "L": 0.0012346443597380224,
      "delta_L": -6.86481856949743e-06,
      "step": 2
    },
    {
      "L": 0.0012278061195796393,
      "delta_L": -6.838240158383094e-06,
      "step": 3
    },
    {
      "L": 0.0012209943477074709,
      "delta_L": -6.811771872168408e-06,
      "step": 4
    },
    {
      "L": 0.0012142089344639182,
      "delta_L": -6.785413243552696e-06,
      "step": 5
    },
    {
      "L": 0.0012074497706566641,
      "delta_L": -6.759163807254064e-06,
      "step": 6
    },
    {
      "L": 0.0012007167475566651,
      "delta_L": -6.733023099998996e-06,
      "step": 7
    },
    {
      "L": 0.0011940097568961488,
      "delta_L": -6.70699066051628e-06,
      "step": 8
    },
    {
      "L": 0.0011873286908666248,
      "delta_L": -6.681066029523997e-06,
      "step": 9
    },
    {
      "L": 0.0011806734421169005,
      "delta_L": -6.65524874972432e-06,
      "step": 10
    },
    {
      "L": 0.0011740439037511061,
      "delta_L": -6.6295383657944025e-06,
      "step": 11
    },
    {
      "L": 0.0011674399693267301,
      "delta_L": -6.603934424375974e-06,
      "step": 12
    },
    {
      "L": 0.0011608615328526626,
      "delta_L": -6.578436474067532e-06,
      "step": 13
    },
    {
      "L": 0.0011543084887872452,
      "delta_L": -6.553044065417402e-06,
      "step": 14
    },
    {
      "L": 0.001147780732036332,
      "delta_L": -6.527756750913114e-06,
      "step": 15
    },
    {
      "L": 0.0011412781579513585,
      "delta_L": -6.502574084973596e-06,
      "step": 16
    },
    {
      "L": 0.0011348006623274186,
      "delta_L": -6.477495623939851e-06,
      "step": 17
    },
    {
      "L": 0.001128348141401348,
      "delta_L": -6.452520926070616e-06,
      "step": 18
    },
    {
      "L": 0.0011219204918498206,
      "delta_L": -6.427649551527404e-06,
      "step": 19
    },
    {
      "L": 0.0011155176107874496,
      "delta_L": -6.4028810623710346e-06,
      "step": 20
    }
  ],
  "tol_pos": 1e-12,
  "violations": 0
}