{
  "dt": [
    0.01,
    0.005,
    0.0025,
    0.00125,
    0.000625
  ],
  "expected_slope": 2.0,
  "failed": false,
  "figure": "/mnt/ironwolf/git/Void_Unity_Proofs/derivation/code/outputs/figures/metriplectic/20251006_134953_residual_vs_dt_m_only__asymptotics-seed01.png",
  "fit": {
    "R2": 0.9999835634195583,
    "slope": 2.9793521605393245
  },
  "gate": {
    "R2_min": 0.999,
    "slope_min": 2.9
  },
  "scheme": "m_only",
  "trivial_exact": false,
  "two_grid_error_inf_med": [
    1.2095092828331988e-08,
    1.5402773356353212e-09,
    1.9386882545288295e-10,
    2.4111073597746224e-11,
    3.1690460802411002e-12
  ]
}