{
  "bc": "periodic",
  "dt_sweep": [
    0.02,
    0.01,
    0.005,
    0.0025,
    0.00125
  ],
  "grid": {
    "N": 256,
    "dx": 1.0
  },
  "notes": "Param-gated spectral Laplacian in the DG M-step to reduce J\u2013M discretization mismatch.",
  "params": {
    "D": 1.0,
    "c": 0.5,
    "dg_tol": 1e-12,
    "dt_sweep_small": [
      0.02,
      0.01,
      0.005,
      0.0025,
      0.00125
    ],
    "gate_R2": 0.999,
    "gate_slope": 2.9,
    "m_lap_operator": "spectral",
    "r": 0.2,
    "seed_scale": 0.05,
    "tag": "spectralDG",
    "u": 0.25
  },
  "scheme": "jmj",
  "seeds": 10
}