{
  "dt": [
    0.02,
    0.01,
    0.005,
    0.0025,
    0.00125
  ],
  "expected_slope": 2.0,
  "failed": false,
  "figure": "/mnt/ironwolf/git/Void_Unity_Proofs/derivation/code/outputs/figures/metriplectic/20251006_135018_residual_vs_dt_jmj__spectralDG.png",
  "fit": {
    "R2": 0.9999714225284287,
    "slope": 2.9366572223180984
  },
  "gate": {
    "R2_min": 0.999,
    "slope_min": 2.9
  },
  "scheme": "jmj",
  "trivial_exact": false,
  "two_grid_error_inf_med": [
    4.228810907798159e-06,
    5.723491340930628e-07,
    7.486521684703373e-08,
    9.664440741609381e-09,
    1.2369463483000165e-09
  ]
}