{
  "bc": "periodic",
  "samples": [
    {
      "dt": 0.02,
      "seed": 0,
      "two_grid_error_inf": 4.955785891935793e-07
    },
    {
      "dt": 0.01,
      "seed": 0,
      "two_grid_error_inf": 6.417397663271984e-08
    },
    {
      "dt": 0.005,
      "seed": 0,
      "two_grid_error_inf": 8.166030955603087e-09
    },
    {
      "dt": 0.0025,
      "seed": 0,
      "two_grid_error_inf": 1.030071070107219e-09
    },
    {
      "dt": 0.00125,
      "seed": 0,
      "two_grid_error_inf": 1.2791170206361002e-10
    },
    {
      "dt": 0.02,
      "seed": 1,
      "two_grid_error_inf": 4.4821800800672745e-07
    },
    {
      "dt": 0.01,
      "seed": 1,
      "two_grid_error_inf": 5.806815135634899e-08
    },
    {
      "dt": 0.005,
      "seed": 1,
      "two_grid_error_inf": 7.39082789847495e-09
    },
    {
      "dt": 0.0025,
      "seed": 1,
      "two_grid_error_inf": 9.324027990670336e-10
    },
    {
      "dt": 0.00125,
      "seed": 1,
      "two_grid_error_inf": 1.1576443883359877e-10
    },
    {
      "dt": 0.02,
      "seed": 2,
      "two_grid_error_inf": 4.849522362224135e-07
    },
    {
      "dt": 0.01,
      "seed": 2,
      "two_grid_error_inf": 6.280970422239962e-08
    },
    {
      "dt": 0.005,
      "seed": 2,
      "two_grid_error_inf": 7.993199033218268e-09
    },
    {
      "dt": 0.0025,
      "seed": 2,
      "two_grid_error_inf": 1.0083205659316974e-09
    },
    {
      "dt": 0.00125,
      "seed": 2,
      "two_grid_error_inf": 1.252092596271126e-10
    },
    {
      "dt": 0.02,
      "seed": 3,
      "two_grid_error_inf": 5.413985187108228e-07
    },
    {
      "dt": 0.01,
      "seed": 3,
      "two_grid_error_inf": 7.017202175579884e-08
    },
    {
      "dt": 0.005,
      "seed": 3,
      "two_grid_error_inf": 8.93344088287451e-09
    },
    {
      "dt": 0.0025,
      "seed": 3,
      "two_grid_error_inf": 1.1271445721217077e-09
    },
    {
      "dt": 0.00125,
      "seed": 3,
      "two_grid_error_inf": 1.3994799763494825e-10
    },
    {
      "dt": 0.02,
      "seed": 4,
      "two_grid_error_inf": 5.289054094068102e-07
    },
    {
      "dt": 0.01,
      "seed": 4,
      "two_grid_error_inf": 6.854203250805657e-08
    },
    {
      "dt": 0.005,
      "seed": 4,
      "two_grid_error_inf": 8.725247406526915e-09
    },
    {
      "dt": 0.0025,
      "seed": 4,
      "two_grid_error_inf": 1.1008322725603037e-09
    },
    {
      "dt": 0.00125,
      "seed": 4,
      "two_grid_error_inf": 1.3668481624318218e-10
    },
    {
      "dt": 0.02,
      "seed": 5,
      "two_grid_error_inf": 4.7605228407042455e-07
    },
    {
      "dt": 0.01,
      "seed": 5,
      "two_grid_error_inf": 6.166738402476474e-08
    },
    {
      "dt": 0.005,
      "seed": 5,
      "two_grid_error_inf": 7.848480477502806e-09
    },
    {
      "dt": 0.0025,
      "seed": 5,
      "two_grid_error_inf": 9.901081230931363e-10
    },
    {
      "dt": 0.00125,
      "seed": 5,
      "two_grid_error_inf": 1.22932491443406e-10
    },
    {
      "dt": 0.02,
      "seed": 6,
      "two_grid_error_inf": 4.656204977276923e-07
    },
    {
      "dt": 0.01,
      "seed": 6,
      "two_grid_error_inf": 6.03171603635877e-08
    },
    {
      "dt": 0.005,
      "seed": 6,
      "two_grid_error_inf": 7.676712945881015e-09
    },
    {
      "dt": 0.0025,
      "seed": 6,
      "two_grid_error_inf": 9.684427287881547e-10
    },
    {
      "dt": 0.00125,
      "seed": 6,
      "two_grid_error_inf": 1.2025478529631428e-10
    },
    {
      "dt": 0.02,
      "seed": 7,
      "two_grid_error_inf": 4.951261087793313e-07
    },
    {
      "dt": 0.01,
      "seed": 7,
      "two_grid_error_inf": 6.405064979092545e-08
    },
    {
      "dt": 0.005,
      "seed": 7,
      "two_grid_error_inf": 8.14749123029257e-09
    },
    {
      "dt": 0.0025,
      "seed": 7,
      "two_grid_error_inf": 1.027340365555851e-09
    },
    {
      "dt": 0.00125,
      "seed": 7,
      "two_grid_error_inf": 1.2759521911265281e-10
    },
    {
      "dt": 0.02,
      "seed": 8,
      "two_grid_error_inf": 4.0180704890310087e-07
    },
    {
      "dt": 0.01,
      "seed": 8,
      "two_grid_error_inf": 5.195388407615471e-08
    },
    {
      "dt": 0.005,
      "seed": 8,
      "two_grid_error_inf": 6.6071886657605855e-09
    },
    {
      "dt": 0.0025,
      "seed": 8,
      "two_grid_error_inf": 8.330212597192424e-10
    },
    {
      "dt": 0.00125,
      "seed": 8,
      "two_grid_error_inf": 1.0345507100734813e-10
    },
    {
      "dt": 0.02,
      "seed": 9,
      "two_grid_error_inf": 5.28843314840776e-07
    },
    {
      "dt": 0.01,
      "seed": 9,
      "two_grid_error_inf": 6.853519946307604e-08
    },
    {
      "dt": 0.005,
      "seed": 9,
      "two_grid_error_inf": 8.724454408914895e-09
    },
    {
      "dt": 0.0025,
      "seed": 9,
      "two_grid_error_inf": 1.1007393666256221e-09
    },
    {
      "dt": 0.00125,
      "seed": 9,
      "two_grid_error_inf": 1.366576762775601e-10
    }
  ],
  "scheme": "m_only"
}