{
  "failed": false,
  "figure": "/mnt/ironwolf/git/Void_Unity_Proofs/derivation/code/outputs/figures/metriplectic/20251006_134935_lyapunov_delta_per_step_jmj__asymptotics-seed01.png",
  "series": [
    {
      "L": 0.0005473681371124004,
      "delta_L": -3.273190760386363e-06,
      "step": 1
    },
    {
      "L": 0.0005441080318893071,
      "delta_L": -3.260105223093306e-06,
      "step": 2
    },
    {
      "L": 0.0005408609562393104,
      "delta_L": -3.2470756499967425e-06,
      "step": 3
    },
    {
      "L": 0.00053762685444261,
      "delta_L": -3.234101796700372e-06,
      "step": 4
    },
    {
      "L": 0.0005344056710227193,
      "delta_L": -3.221183419890687e-06,
      "step": 5
    },
    {
      "L": 0.0005311973507453882,
      "delta_L": -3.2083202773311188e-06,
      "step": 6
    },
    {
      "L": 0.0005280018386175302,
      "delta_L": -3.195512127858024e-06,
      "step": 7
    },
    {
      "L": 0.0005248190798861538,
      "delta_L": -3.182758731376349e-06,
      "step": 8
    },
    {
      "L": 0.0005216490200373,
      "delta_L": -3.170059848853885e-06,
      "step": 9
    },
    {
      "L": 0.0005184916047949828,
      "delta_L": -3.157415242317145e-06,
      "step": 10
    },
    {
      "L": 0.0005153467801201366,
      "delta_L": -3.1448246748461616e-06,
      "step": 11
    },
    {
      "L": 0.0005122144922095667,
      "delta_L": -3.1322879105699338e-06,
      "step": 12
    },
    {
      "L": 0.0005090946874949044,
      "delta_L": -3.1198047146623054e-06,
      "step": 13
    },
    {
      "L": 0.0005059873126415674,
      "delta_L": -3.1073748533369788e-06,
      "step": 14
    },
    {
      "L": 0.0005028923145477255,
      "delta_L": -3.094998093841877e-06,
      "step": 15
    },
    {
      "L": 0.0004998096403432692,
      "delta_L": -3.082674204456324e-06,
      "step": 16
    },
    {
      "L": 0.0004967392373887851,
      "delta_L": -3.070402954484107e-06,
      "step": 17
    },
    {
      "L": 0.0004936810532745334,
      "delta_L": -3.058184114251741e-06,
      "step": 18
    },
    {
      "L": 0.0004906350358194317,
      "delta_L": -3.0460174551016385e-06,
      "step": 19
    },
    {
      "L": 0.0004876011330700435,
      "delta_L": -3.03390274938826e-06,
      "step": 20
    }
  ],
  "tol_pos": 1e-12,
  "violations": 0
}