{
  "failed": false,
  "figure": "/mnt/ironwolf/git/Void_Unity_Proofs/derivation/code/outputs/figures/metriplectic/20251006_135018_lyapunov_delta_per_step_jmj__spectralDG.png",
  "series": [
    {
      "L": 0.0070110348070367475,
      "delta_L": -7.772303716866574e-05,
      "step": 1
    },
    {
      "L": 0.006933980513877763,
      "delta_L": -7.705429315898495e-05,
      "step": 2
    },
    {
      "L": 0.0068575885899248,
      "delta_L": -7.639192395296219e-05,
      "step": 3
    },
    {
      "L": 0.006781852724362564,
      "delta_L": -7.573586556223599e-05,
      "step": 4
    },
    {
      "L": 0.0067067666696996086,
      "delta_L": -7.508605466295584e-05,
      "step": 5
    },
    {
      "L": 0.006632324241110902,
      "delta_L": -7.444242858870628e-05,
      "step": 6
    },
    {
      "L": 0.006558519315787348,
      "delta_L": -7.380492532355412e-05,
      "step": 7
    },
    {
      "L": 0.006485345832292287,
      "delta_L": -7.317348349506099e-05,
      "step": 8
    },
    {
      "L": 0.006412797789924764,
      "delta_L": -7.254804236752309e-05,
      "step": 9
    },
    {
      "L": 0.0063408692480896225,
      "delta_L": -7.192854183514161e-05,
      "step": 10
    },
    {
      "L": 0.0062695543256742585,
      "delta_L": -7.131492241536398e-05,
      "step": 11
    },
    {
      "L": 0.006198847200432026,
      "delta_L": -7.07071252422321e-05,
      "step": 12
    },
    {
      "L": 0.006128742108372149,
      "delta_L": -7.010509205987708e-05,
      "step": 13
    },
    {
      "L": 0.006059233343156159,
      "delta_L": -6.950876521599064e-05,
      "step": 14
    },
    {
      "L": 0.005990315255500708,
      "delta_L": -6.891808765545088e-05,
      "step": 15
    },
    {
      "L": 0.005921982252586743,
      "delta_L": -6.833300291396449e-05,
      "step": 16
    },
    {
      "L": 0.0058542287974749415,
      "delta_L": -6.77534551118018e-05,
      "step": 17
    },
    {
      "L": 0.005787049408527348,
      "delta_L": -6.717938894759343e-05,
      "step": 18
    },
    {
      "L": 0.00572043865883516,
      "delta_L": -6.661074969218847e-05,
      "step": 19
    },
    {
      "L": 0.005654391175652559,
      "delta_L": -6.604748318260033e-05,
      "step": 20
    }
  ],
  "tol_pos": 1e-12,
  "violations": 0
}