{
  "failed": false,
  "figure": "/mnt/ironwolf/git/Void_Unity_Proofs/derivation/code/outputs/figures/metriplectic/20251006_134937_lyapunov_delta_per_step_jmj__asymptotics-seed01.png",
  "series": [
    {
      "L": 0.000838079186787557,
      "delta_L": -6.6304982251426565e-06,
      "step": 1
    },
    {
      "L": 0.0008314728521710968,
      "delta_L": -6.606334616460229e-06,
      "step": 2
    },
    {
      "L": 0.0008248905832412817,
      "delta_L": -6.582268929815143e-06,
      "step": 3
    },
    {
      "L": 0.0008183322824805052,
      "delta_L": -6.55830076077646e-06,
      "step": 4
    },
    {
      "L": 0.0008117978527738908,
      "delta_L": -6.534429706614355e-06,
      "step": 5
    },
    {
      "L": 0.0008052871974075972,
      "delta_L": -6.510655366293613e-06,
      "step": 6
    },
    {
      "L": 0.0007988002200671335,
      "delta_L": -6.486977340463759e-06,
      "step": 7
    },
    {
      "L": 0.0007923368248356787,
      "delta_L": -6.463395231454724e-06,
      "step": 8
    },
    {
      "L": 0.0007858969161924123,
      "delta_L": -6.4399086432664334e-06,
      "step": 9
    },
    {
      "L": 0.0007794803990108464,
      "delta_L": -6.416517181565885e-06,
      "step": 10
    },
    {
      "L": 0.000773087178557169,
      "delta_L": -6.393220453677385e-06,
      "step": 11
    },
    {
      "L": 0.0007667171604885941,
      "delta_L": -6.370018068574965e-06,
      "step": 12
    },
    {
      "L": 0.0007603702508517181,
      "delta_L": -6.3469096368759786e-06,
      "step": 13
    },
    {
      "L": 0.0007540463560808809,
      "delta_L": -6.323894770837203e-06,
      "step": 14
    },
    {
      "L": 0.0007477453829965392,
      "delta_L": -6.300973084341719e-06,
      "step": 15
    },
    {
      "L": 0.0007414672388036424,
      "delta_L": -6.278144192896741e-06,
      "step": 16
    },
    {
      "L": 0.0007352118310900153,
      "delta_L": -6.255407713627115e-06,
      "step": 17
    },
    {
      "L": 0.0007289790678247523,
      "delta_L": -6.232763265263063e-06,
      "step": 18
    },
    {
      "L": 0.0007227688573566116,
      "delta_L": -6.21021046814062e-06,
      "step": 19
    },
    {
      "L": 0.0007165811084124239,
      "delta_L": -6.187748944187755e-06,
      "step": 20
    }
  ],
  "tol_pos": 1e-12,
  "violations": 0
}