{
  "bc": "periodic",
  "samples": [
    {
      "dt": 0.02,
      "seed": 0,
      "two_grid_error_inf": 4.478145899822206e-06
    },
    {
      "dt": 0.01,
      "seed": 0,
      "two_grid_error_inf": 6.05215123038183e-07
    },
    {
      "dt": 0.005,
      "seed": 0,
      "two_grid_error_inf": 7.881432995300586e-08
    },
    {
      "dt": 0.0025,
      "seed": 0,
      "two_grid_error_inf": 1.0079172146210125e-08
    },
    {
      "dt": 0.00125,
      "seed": 0,
      "two_grid_error_inf": 1.2786840752898598e-09
    },
    {
      "dt": 0.02,
      "seed": 1,
      "two_grid_error_inf": 4.390275910860081e-06
    },
    {
      "dt": 0.01,
      "seed": 1,
      "two_grid_error_inf": 5.878025733062342e-07
    },
    {
      "dt": 0.005,
      "seed": 1,
      "two_grid_error_inf": 7.464437467089025e-08
    },
    {
      "dt": 0.0025,
      "seed": 1,
      "two_grid_error_inf": 9.117166719502245e-09
    },
    {
      "dt": 0.00125,
      "seed": 1,
      "two_grid_error_inf": 1.2767510902678136e-09
    },
    {
      "dt": 0.02,
      "seed": 2,
      "two_grid_error_inf": 4.328271772881601e-06
    },
    {
      "dt": 0.01,
      "seed": 2,
      "two_grid_error_inf": 6.037008293512114e-07
    },
    {
      "dt": 0.005,
      "seed": 2,
      "two_grid_error_inf": 8.282103158493981e-08
    },
    {
      "dt": 0.0025,
      "seed": 2,
      "two_grid_error_inf": 1.1618184976580626e-08
    },
    {
      "dt": 0.00125,
      "seed": 2,
      "two_grid_error_inf": 1.7297510541969263e-09
    },
    {
      "dt": 0.02,
      "seed": 3,
      "two_grid_error_inf": 3.625546650086464e-06
    },
    {
      "dt": 0.01,
      "seed": 3,
      "two_grid_error_inf": 4.911470952786989e-07
    },
    {
      "dt": 0.005,
      "seed": 3,
      "two_grid_error_inf": 6.373740484011403e-08
    },
    {
      "dt": 0.0025,
      "seed": 3,
      "two_grid_error_inf": 8.061066404663197e-09
    },
    {
      "dt": 0.00125,
      "seed": 3,
      "two_grid_error_inf": 9.994888111597433e-10
    },
    {
      "dt": 0.02,
      "seed": 4,
      "two_grid_error_inf": 4.817973942208842e-06
    },
    {
      "dt": 0.01,
      "seed": 4,
      "two_grid_error_inf": 6.530568186502439e-07
    },
    {
      "dt": 0.005,
      "seed": 4,
      "two_grid_error_inf": 8.518494787335129e-08
    },
    {
      "dt": 0.0025,
      "seed": 4,
      "two_grid_error_inf": 1.0907026316842039e-08
    },
    {
      "dt": 0.00125,
      "seed": 4,
      "two_grid_error_inf": 1.387815078135457e-09
    },
    {
      "dt": 0.02,
      "seed": 5,
      "two_grid_error_inf": 4.370309228331377e-06
    },
    {
      "dt": 0.01,
      "seed": 5,
      "two_grid_error_inf": 5.915864094586248e-07
    },
    {
      "dt": 0.005,
      "seed": 5,
      "two_grid_error_inf": 7.763075232820882e-08
    },
    {
      "dt": 0.0025,
      "seed": 5,
      "two_grid_error_inf": 1.0100865510329071e-08
    },
    {
      "dt": 0.00125,
      "seed": 5,
      "two_grid_error_inf": 1.3264683188657367e-09
    },
    {
      "dt": 0.02,
      "seed": 6,
      "two_grid_error_inf": 4.4020745877879075e-06
    },
    {
      "dt": 0.01,
      "seed": 6,
      "two_grid_error_inf": 5.952652910451439e-07
    },
    {
      "dt": 0.005,
      "seed": 6,
      "two_grid_error_inf": 7.764291640177667e-08
    },
    {
      "dt": 0.0025,
      "seed": 6,
      "two_grid_error_inf": 9.962841857058535e-09
    },
    {
      "dt": 0.00125,
      "seed": 6,
      "two_grid_error_inf": 1.2745352065413051e-09
    },
    {
      "dt": 0.02,
      "seed": 7,
      "two_grid_error_inf": 3.7748068654891442e-06
    },
    {
      "dt": 0.01,
      "seed": 7,
      "two_grid_error_inf": 5.133068684270992e-07
    },
    {
      "dt": 0.005,
      "seed": 7,
      "two_grid_error_inf": 6.795227477929267e-08
    },
    {
      "dt": 0.0025,
      "seed": 7,
      "two_grid_error_inf": 8.991162231408723e-09
    },
    {
      "dt": 0.00125,
      "seed": 7,
      "two_grid_error_inf": 1.2197062179697404e-09
    },
    {
      "dt": 0.02,
      "seed": 8,
      "two_grid_error_inf": 3.5099313644496033e-06
    },
    {
      "dt": 0.01,
      "seed": 8,
      "two_grid_error_inf": 4.894450324685606e-07
    },
    {
      "dt": 0.005,
      "seed": 8,
      "two_grid_error_inf": 6.775293751037914e-08
    },
    {
      "dt": 0.0025,
      "seed": 8,
      "two_grid_error_inf": 9.693218665229875e-09
    },
    {
      "dt": 0.00125,
      "seed": 8,
      "two_grid_error_inf": 1.4907154469168127e-09
    },
    {
      "dt": 0.02,
      "seed": 9,
      "two_grid_error_inf": 4.985670468356934e-06
    },
    {
      "dt": 0.01,
      "seed": 9,
      "two_grid_error_inf": 6.663423104021071e-07
    },
    {
      "dt": 0.005,
      "seed": 9,
      "two_grid_error_inf": 8.509383551610905e-08
    },
    {
      "dt": 0.0025,
      "seed": 9,
      "two_grid_error_inf": 1.0471329494471382e-08
    },
    {
      "dt": 0.00125,
      "seed": 9,
      "two_grid_error_inf": 1.2258322724945092e-09
    }
  ],
  "scheme": "jmj"
}