{
  "bc": "periodic",
  "samples": [
    {
      "dt": 0.02,
      "seed": 0,
      "two_grid_error_inf": 4.325108091569885e-06
    },
    {
      "dt": 0.01,
      "seed": 0,
      "two_grid_error_inf": 5.840529277347656e-07
    },
    {
      "dt": 0.005,
      "seed": 0,
      "two_grid_error_inf": 7.602867295800064e-08
    },
    {
      "dt": 0.0025,
      "seed": 0,
      "two_grid_error_inf": 9.721730810999252e-09
    },
    {
      "dt": 0.00125,
      "seed": 0,
      "two_grid_error_inf": 1.2334069616343202e-09
    },
    {
      "dt": 0.02,
      "seed": 1,
      "two_grid_error_inf": 4.24015605054312e-06
    },
    {
      "dt": 0.01,
      "seed": 1,
      "two_grid_error_inf": 5.669004803712796e-07
    },
    {
      "dt": 0.005,
      "seed": 1,
      "two_grid_error_inf": 7.188665556226437e-08
    },
    {
      "dt": 0.0025,
      "seed": 1,
      "two_grid_error_inf": 8.831085699517738e-09
    },
    {
      "dt": 0.00125,
      "seed": 1,
      "two_grid_error_inf": 1.2404857349657128e-09
    },
    {
      "dt": 0.02,
      "seed": 2,
      "two_grid_error_inf": 4.184213085196148e-06
    },
    {
      "dt": 0.01,
      "seed": 2,
      "two_grid_error_inf": 5.836888874594104e-07
    },
    {
      "dt": 0.005,
      "seed": 2,
      "two_grid_error_inf": 8.018047446822774e-08
    },
    {
      "dt": 0.0025,
      "seed": 2,
      "two_grid_error_inf": 1.127894684940789e-08
    },
    {
      "dt": 0.00125,
      "seed": 2,
      "two_grid_error_inf": 1.6867543299603494e-09
    },
    {
      "dt": 0.02,
      "seed": 3,
      "two_grid_error_inf": 3.4938184578087172e-06
    },
    {
      "dt": 0.01,
      "seed": 3,
      "two_grid_error_inf": 4.728665364203688e-07
    },
    {
      "dt": 0.005,
      "seed": 3,
      "two_grid_error_inf": 6.13269554167184e-08
    },
    {
      "dt": 0.0025,
      "seed": 3,
      "two_grid_error_inf": 7.751511391096422e-09
    },
    {
      "dt": 0.00125,
      "seed": 3,
      "two_grid_error_inf": 9.6022105544602e-10
    },
    {
      "dt": 0.02,
      "seed": 4,
      "two_grid_error_inf": 4.655580538977244e-06
    },
    {
      "dt": 0.01,
      "seed": 4,
      "two_grid_error_inf": 6.3049183263858e-07
    },
    {
      "dt": 0.005,
      "seed": 4,
      "two_grid_error_inf": 8.220763054317404e-08
    },
    {
      "dt": 0.0025,
      "seed": 4,
      "two_grid_error_inf": 1.0524548302304204e-08
    },
    {
      "dt": 0.00125,
      "seed": 4,
      "two_grid_error_inf": 1.3392849954052544e-09
    },
    {
      "dt": 0.02,
      "seed": 5,
      "two_grid_error_inf": 4.217465765053198e-06
    },
    {
      "dt": 0.01,
      "seed": 5,
      "two_grid_error_inf": 5.705126337653826e-07
    },
    {
      "dt": 0.005,
      "seed": 5,
      "two_grid_error_inf": 7.48610865346222e-08
    },
    {
      "dt": 0.0025,
      "seed": 5,
      "two_grid_error_inf": 9.745764903423826e-09
    },
    {
      "dt": 0.00125,
      "seed": 5,
      "two_grid_error_inf": 1.2815049958703195e-09
    },
    {
      "dt": 0.02,
      "seed": 6,
      "two_grid_error_inf": 4.249502455241916e-06
    },
    {
      "dt": 0.01,
      "seed": 6,
      "two_grid_error_inf": 5.74185634420743e-07
    },
    {
      "dt": 0.005,
      "seed": 6,
      "two_grid_error_inf": 7.486934715944527e-08
    },
    {
      "dt": 0.0025,
      "seed": 6,
      "two_grid_error_inf": 9.607150672219511e-09
    },
    {
      "dt": 0.00125,
      "seed": 6,
      "two_grid_error_inf": 1.2294149032143764e-09
    },
    {
      "dt": 0.02,
      "seed": 7,
      "two_grid_error_inf": 3.6308663671630326e-06
    },
    {
      "dt": 0.01,
      "seed": 7,
      "two_grid_error_inf": 4.935428434063582e-07
    },
    {
      "dt": 0.005,
      "seed": 7,
      "two_grid_error_inf": 6.536022436470779e-08
    },
    {
      "dt": 0.0025,
      "seed": 7,
      "two_grid_error_inf": 8.659187610005059e-09
    },
    {
      "dt": 0.00125,
      "seed": 7,
      "two_grid_error_inf": 1.1776411373842777e-09
    },
    {
      "dt": 0.02,
      "seed": 8,
      "two_grid_error_inf": 3.393239393349734e-06
    },
    {
      "dt": 0.01,
      "seed": 8,
      "two_grid_error_inf": 4.733034647055878e-07
    },
    {
      "dt": 0.005,
      "seed": 8,
      "two_grid_error_inf": 6.562804474169459e-08
    },
    {
      "dt": 0.0025,
      "seed": 8,
      "two_grid_error_inf": 9.42056273961489e-09
    },
    {
      "dt": 0.00125,
      "seed": 8,
      "two_grid_error_inf": 1.4561397573831236e-09
    },
    {
      "dt": 0.02,
      "seed": 9,
      "two_grid_error_inf": 4.811799638841652e-06
    },
    {
      "dt": 0.01,
      "seed": 9,
      "two_grid_error_inf": 6.423252604283169e-07
    },
    {
      "dt": 0.005,
      "seed": 9,
      "two_grid_error_inf": 8.193440619724823e-08
    },
    {
      "dt": 0.0025,
      "seed": 9,
      "two_grid_error_inf": 1.0066067545472235e-08
    },
    {
      "dt": 0.00125,
      "seed": 9,
      "two_grid_error_inf": 1.1745102980464939e-09
    }
  ],
  "scheme": "jmj"
}