{
  "bc": "periodic",
  "samples": [
    {
      "dt": 0.04,
      "seed": 0,
      "two_grid_error_inf": 7.043547958662799e-06
    },
    {
      "dt": 0.02,
      "seed": 0,
      "two_grid_error_inf": 9.38522501839345e-07
    },
    {
      "dt": 0.01,
      "seed": 0,
      "two_grid_error_inf": 1.2183714037661275e-07
    },
    {
      "dt": 0.005,
      "seed": 0,
      "two_grid_error_inf": 1.569262519929282e-08
    },
    {
      "dt": 0.04,
      "seed": 1,
      "two_grid_error_inf": 6.299002673973431e-06
    },
    {
      "dt": 0.02,
      "seed": 1,
      "two_grid_error_inf": 9.062710306130539e-07
    },
    {
      "dt": 0.01,
      "seed": 1,
      "two_grid_error_inf": 1.3313823385777135e-07
    },
    {
      "dt": 0.005,
      "seed": 1,
      "two_grid_error_inf": 2.0939641904096917e-08
    },
    {
      "dt": 0.04,
      "seed": 2,
      "two_grid_error_inf": 6.799647525996405e-06
    },
    {
      "dt": 0.02,
      "seed": 2,
      "two_grid_error_inf": 1.0392242421816689e-06
    },
    {
      "dt": 0.01,
      "seed": 2,
      "two_grid_error_inf": 1.6745834675174764e-07
    },
    {
      "dt": 0.005,
      "seed": 2,
      "two_grid_error_inf": 2.966281271304938e-08
    },
    {
      "dt": 0.04,
      "seed": 3,
      "two_grid_error_inf": 5.849953904041305e-06
    },
    {
      "dt": 0.02,
      "seed": 3,
      "two_grid_error_inf": 7.815694180735022e-07
    },
    {
      "dt": 0.01,
      "seed": 3,
      "two_grid_error_inf": 9.919623437937286e-08
    },
    {
      "dt": 0.005,
      "seed": 3,
      "two_grid_error_inf": 1.2023837106522883e-08
    },
    {
      "dt": 0.04,
      "seed": 4,
      "two_grid_error_inf": 7.381719906260353e-06
    },
    {
      "dt": 0.02,
      "seed": 4,
      "two_grid_error_inf": 9.825854157818892e-07
    },
    {
      "dt": 0.01,
      "seed": 4,
      "two_grid_error_inf": 1.2593082868161964e-07
    },
    {
      "dt": 0.005,
      "seed": 4,
      "two_grid_error_inf": 1.5721319635009223e-08
    },
    {
      "dt": 0.04,
      "seed": 5,
      "two_grid_error_inf": 6.8666938629283886e-06
    },
    {
      "dt": 0.02,
      "seed": 5,
      "two_grid_error_inf": 9.397158372576736e-07
    },
    {
      "dt": 0.01,
      "seed": 5,
      "two_grid_error_inf": 1.278594883111911e-07
    },
    {
      "dt": 0.005,
      "seed": 5,
      "two_grid_error_inf": 1.7915848901650655e-08
    },
    {
      "dt": 0.04,
      "seed": 6,
      "two_grid_error_inf": 6.618851110098967e-06
    },
    {
      "dt": 0.02,
      "seed": 6,
      "two_grid_error_inf": 8.898401932105893e-07
    },
    {
      "dt": 0.01,
      "seed": 6,
      "two_grid_error_inf": 1.1685687859031013e-07
    },
    {
      "dt": 0.005,
      "seed": 6,
      "two_grid_error_inf": 1.534469849795439e-08
    },
    {
      "dt": 0.04,
      "seed": 7,
      "two_grid_error_inf": 7.176417698970261e-06
    },
    {
      "dt": 0.02,
      "seed": 7,
      "two_grid_error_inf": 1.0009335447425105e-06
    },
    {
      "dt": 0.01,
      "seed": 7,
      "two_grid_error_inf": 1.399855743822176e-07
    },
    {
      "dt": 0.005,
      "seed": 7,
      "two_grid_error_inf": 2.0468903155768103e-08
    }
  ],
  "scheme": "jmj"
}