{
  "dg_tol": 1e-12,
  "dt": [
    0.02
  ],
  "failed": false,
  "figure": "/mnt/ironwolf/git/Void_Unity_Proofs/derivation/code/outputs/figures/metriplectic/20251006_132403_residual_vs_dt_small_jmj__tag-smoke.png",
  "fit": {
    "R2": 1.0,
    "slope": 3.4795724372004853
  },
  "newton_stats": [
    {
      "backtracks": 0,
      "converged": true,
      "dt": 0.02,
      "final_residual_inf": 2.2569121051196905e-13,
      "iters": 10,
      "seed": 0
    }
  ],
  "scheme": "jmj",
  "two_grid_error_inf_med": [
    5.035295437827436e-07
  ]
}