{
  "dg_tol": 1e-12,
  "dt": [
    0.02,
    0.01,
    0.005,
    0.0025,
    0.00125
  ],
  "failed": false,
  "figure": "/mnt/ironwolf/git/Void_Unity_Proofs/derivation/code/outputs/figures/metriplectic/20251006_135016_residual_vs_dt_small_jmj__spectralDG.png",
  "fit": {
    "R2": 0.9999673192212063,
    "slope": 2.937445343678363
  },
  "newton_stats": [
    {
      "backtracks": 0,
      "converged": true,
      "dt": 0.02,
      "final_residual_inf": 7.37257477290143e-18,
      "iters": 3,
      "seed": 0
    },
    {
      "backtracks": 0,
      "converged": true,
      "dt": 0.01,
      "final_residual_inf": 4.743384504624082e-18,
      "iters": 3,
      "seed": 0
    },
    {
      "backtracks": 0,
      "converged": true,
      "dt": 0.005,
      "final_residual_inf": 3.74049749507499e-18,
      "iters": 3,
      "seed": 0
    },
    {
      "backtracks": 0,
      "converged": true,
      "dt": 0.0025,
      "final_residual_inf": 3.63207727782644e-18,
      "iters": 3,
      "seed": 0
    },
    {
      "backtracks": 0,
      "converged": true,
      "dt": 0.00125,
      "final_residual_inf": 3.584643432780199e-18,
      "iters": 3,
      "seed": 0
    },
    {
      "backtracks": 0,
      "converged": true,
      "dt": 0.02,
      "final_residual_inf": 5.637851296924623e-18,
      "iters": 3,
      "seed": 1
    },
    {
      "backtracks": 0,
      "converged": true,
      "dt": 0.01,
      "final_residual_inf": 5.095750210681871e-18,
      "iters": 3,
      "seed": 1
    },
    {
      "backtracks": 0,
      "converged": true,
      "dt": 0.005,
      "final_residual_inf": 3.957337929572091e-18,
      "iters": 3,
      "seed": 1
    },
    {
      "backtracks": 0,
      "converged": true,
      "dt": 0.0025,
      "final_residual_inf": 3.577867169202165e-18,
      "iters": 3,
      "seed": 1
    },
    {
      "backtracks": 0,
      "converged": true,
      "dt": 0.00125,
      "final_residual_inf": 3.604972223514302e-18,
      "iters": 3,
      "seed": 1
    },
    {
      "backtracks": 0,
      "converged": true,
      "dt": 0.02,
      "final_residual_inf": 8.890457814381136e-18,
      "iters": 3,
      "seed": 2
    },
    {
      "backtracks": 0,
      "converged": true,
      "dt": 0.01,
      "final_residual_inf": 5.204170427930421e-18,
      "iters": 3,
      "seed": 2
    },
    {
      "backtracks": 0,
      "converged": true,
      "dt": 0.005,
      "final_residual_inf": 4.336808689942018e-18,
      "iters": 3,
      "seed": 2
    },
    {
      "backtracks": 0,
      "converged": true,
      "dt": 0.0025,
      "final_residual_inf": 3.6930636500287495e-18,
      "iters": 3,
      "seed": 2
    },
    {
      "backtracks": 0,
      "converged": true,
      "dt": 0.00125,
      "final_residual_inf": 3.5101045334218206e-18,
      "iters": 3,
      "seed": 2
    },
    {
      "backtracks": 0,
      "converged": true,
      "dt": 0.02,
      "final_residual_inf": 8.673617379884035e-18,
      "iters": 3,
      "seed": 3
    },
    {
      "backtracks": 0,
      "converged": true,
      "dt": 0.01,
      "final_residual_inf": 4.445228907190568e-18,
      "iters": 3,
      "seed": 3
    },
    {
      "backtracks": 0,
      "converged": true,
      "dt": 0.005,
      "final_residual_inf": 4.065758146820642e-18,
      "iters": 3,
      "seed": 3
    },
    {
      "backtracks": 0,
      "converged": true,
      "dt": 0.0025,
      "final_residual_inf": 3.815036394433369e-18,
      "iters": 3,
      "seed": 3
    },
    {
      "backtracks": 0,
      "converged": true,
      "dt": 0.00125,
      "final_residual_inf": 3.577867169202165e-18,
      "iters": 3,
      "seed": 3
    },
    {
      "backtracks": 0,
      "converged": true,
      "dt": 0.02,
      "final_residual_inf": 6.071532165918825e-18,
      "iters": 3,
      "seed": 4
    },
    {
      "backtracks": 0,
      "converged": true,
      "dt": 0.01,
      "final_residual_inf": 4.9873299934333204e-18,
      "iters": 3,
      "seed": 4
    },
    {
      "backtracks": 0,
      "converged": true,
      "dt": 0.005,
      "final_residual_inf": 3.5914196963582334e-18,
      "iters": 3,
      "seed": 4
    },
    {
      "backtracks": 0,
      "converged": true,
      "dt": 0.0025,
      "final_residual_inf": 3.5236570605778894e-18,
      "iters": 3,
      "seed": 4
    },
    {
      "backtracks": 0,
      "converged": true,
      "dt": 0.00125,
      "final_residual_inf": 3.733721231496956e-18,
      "iters": 3,
      "seed": 4
    },
    {
      "backtracks": 0,
      "converged": true,
      "dt": 0.02,
      "final_residual_inf": 8.023096076392733e-18,
      "iters": 3,
      "seed": 5
    },
    {
      "backtracks": 0,
      "converged": true,
      "dt": 0.01,
      "final_residual_inf": 4.0115480381963664e-18,
      "iters": 3,
      "seed": 5
    },
    {
      "backtracks": 0,
      "converged": true,
      "dt": 0.005,
      "final_residual_inf": 3.957337929572091e-18,
      "iters": 3,
      "seed": 5
    },
    {
      "backtracks": 0,
      "converged": true,
      "dt": 0.0025,
      "final_residual_inf": 3.9641141931501256e-18,
      "iters": 3,
      "seed": 5
    },
    {
      "backtracks": 0,
      "converged": true,
      "dt": 0.00125,
      "final_residual_inf": 3.415236843329339e-18,
      "iters": 3,
      "seed": 5
    },
    {
      "backtracks": 0,
      "converged": true,
      "dt": 0.02,
      "final_residual_inf": 5.637851296924623e-18,
      "iters": 3,
      "seed": 6
    },
    {
      "backtracks": 0,
      "converged": true,
      "dt": 0.01,
      "final_residual_inf": 4.038653092508504e-18,
      "iters": 3,
      "seed": 6
    },
    {
      "backtracks": 0,
      "converged": true,
      "dt": 0.005,
      "final_residual_inf": 3.957337929572091e-18,
      "iters": 3,
      "seed": 6
    },
    {
      "backtracks": 0,
      "converged": true,
      "dt": 0.0025,
      "final_residual_inf": 3.821812658011403e-18,
      "iters": 3,
      "seed": 6
    },
    {
      "backtracks": 0,
      "converged": true,
      "dt": 0.00125,
      "final_residual_inf": 3.496552006265752e-18,
      "iters": 3,
      "seed": 6
    },
    {
      "backtracks": 0,
      "converged": true,
      "dt": 0.02,
      "final_residual_inf": 6.938893903907228e-18,
      "iters": 3,
      "seed": 7
    },
    {
      "backtracks": 0,
      "converged": true,
      "dt": 0.01,
      "final_residual_inf": 4.716279450311944e-18,
      "iters": 3,
      "seed": 7
    },
    {
      "backtracks": 0,
      "converged": true,
      "dt": 0.005,
      "final_residual_inf": 3.903127820947816e-18,
      "iters": 3,
      "seed": 7
    },
    {
      "backtracks": 0,
      "converged": true,
      "dt": 0.0025,
      "final_residual_inf": 3.537209587733958e-18,
      "iters": 3,
      "seed": 7
    },
    {
      "backtracks": 0,
      "converged": true,
      "dt": 0.00125,
      "final_residual_inf": 3.564314642046096e-18,
      "iters": 3,
      "seed": 7
    },
    {
      "backtracks": 0,
      "converged": true,
      "dt": 0.02,
      "final_residual_inf": 5.2583805365546965e-18,
      "iters": 3,
      "seed": 8
    },
    {
      "backtracks": 0,
      "converged": true,
      "dt": 0.01,
      "final_residual_inf": 4.797594613248357e-18,
      "iters": 3,
      "seed": 8
    },
    {
      "backtracks": 0,
      "converged": true,
      "dt": 0.005,
      "final_residual_inf": 3.74049749507499e-18,
      "iters": 3,
      "seed": 8
    },
    {
      "backtracks": 0,
      "converged": true,
      "dt": 0.0025,
      "final_residual_inf": 4.0793106739767104e-18,
      "iters": 3,
      "seed": 8
    },
    {
      "backtracks": 0,
      "converged": true,
      "dt": 0.00125,
      "final_residual_inf": 3.482999479109683e-18,
      "iters": 3,
      "seed": 8
    },
    {
      "backtracks": 0,
      "converged": true,
      "dt": 0.02,
      "final_residual_inf": 5.55653613398821e-18,
      "iters": 3,
      "seed": 9
    },
    {
      "backtracks": 0,
      "converged": true,
      "dt": 0.01,
      "final_residual_inf": 4.7027269231558755e-18,
      "iters": 3,
      "seed": 9
    },
    {
      "backtracks": 0,
      "converged": true,
      "dt": 0.005,
      "final_residual_inf": 4.235164736271502e-18,
      "iters": 3,
      "seed": 9
    },
    {
      "backtracks": 0,
      "converged": true,
      "dt": 0.0025,
      "final_residual_inf": 3.564314642046096e-18,
      "iters": 3,
      "seed": 9
    },
    {
      "backtracks": 0,
      "converged": true,
      "dt": 0.00125,
      "final_residual_inf": 3.63207727782644e-18,
      "iters": 3,
      "seed": 9
    }
  ],
  "scheme": "jmj",
  "two_grid_error_inf_med": [
    4.380292569595729e-06,
    5.934258502518844e-07,
    7.763683436499275e-08,
    1.002100700163433e-08,
    1.2777175827788367e-09
  ]
}