{
  "bc": "periodic",
  "dt_sweep": [
    0.01,
    0.005,
    0.0025,
    0.00125,
    0.000625
  ],
  "grid": {
    "N": 256,
    "dx": 1.0
  },
  "notes": "Deeper asymptotics: smaller seed_scale and half-\u0394t extension.",
  "params": {
    "D": 1.0,
    "c": 0.5,
    "dg_tol": 1e-12,
    "dt_sweep_small": [
      0.01,
      0.005,
      0.0025,
      0.00125,
      0.000625
    ],
    "gate_R2": 0.999,
    "gate_slope": 2.9,
    "r": 0.2,
    "seed_scale": 0.01,
    "tag": "asymptotics-seed01",
    "u": 0.25
  },
  "scheme": "jmj",
  "seeds": 10
}