{
  "dt": [
    0.02,
    0.01,
    0.005,
    0.0025,
    0.00125
  ],
  "expected_slope": 2.0,
  "failed": false,
  "figure": "/mnt/ironwolf/git/Void_Unity_Proofs/derivation/code/outputs/figures/metriplectic/20251006_135015_residual_vs_dt_m_only__spectralDG.png",
  "fit": {
    "R2": 0.9999555684771938,
    "slope": 2.9478433154373973
  },
  "gate": {
    "R2_min": 0.999,
    "slope_min": 2.9
  },
  "scheme": "m_only",
  "trivial_exact": false,
  "two_grid_error_inf_med": [
    4.341158885297e-06,
    5.872829345080974e-07,
    7.644296847516413e-08,
    9.753166997986118e-09,
    1.2317150251128783e-09
  ]
}