{
  "dt": 0.00125,
  "figure": "/mnt/ironwolf/git/Void_Unity_Proofs/derivation/code/outputs/figures/metriplectic/20251006_135019_fixed_dt_deltaS_compare__spectralDG.png",
  "summaries": {
    "j_only": {
      "dt": 0.00125,
      "max_abs_delta_S": 3.952730476264321e-08,
      "mean_abs_delta_S": 1.6070394448508552e-08,
      "median_abs_delta_S": 1.2989503694882387e-08
    },
    "jmj": {
      "dt": 0.00125,
      "max_abs_delta_S": 0.00013293611564191288,
      "mean_abs_delta_S": 0.00012059807711309878,
      "median_abs_delta_S": 0.00012039391551260659
    },
    "m_only": {
      "dt": 0.00125,
      "max_abs_delta_S": 0.00013293732735919495,
      "mean_abs_delta_S": 0.00012060981507560076,
      "median_abs_delta_S": 0.000120404445885125
    }
  }
}