{
  "failed": false,
  "figure": "/mnt/ironwolf/git/Void_Unity_Proofs/derivation/code/outputs/figures/metriplectic/20251006_134931_lyapunov_delta_per_step_jmj__asymptotics-seed01.png",
  "series": [
    {
      "L": 0.001241509191600476,
      "delta_L": -6.891494281881455e-06,
      "step": 1
    },
    {
      "L": 0.0012346443862345337,
      "delta_L": -6.8648053659422104e-06,
      "step": 2
    },
    {
      "L": 0.0012278061591903858,
      "delta_L": -6.8382270441479185e-06,
      "step": 3
    },
    {
      "L": 0.0012209944003432195,
      "delta_L": -6.811758847166324e-06,
      "step": 4
    },
    {
      "L": 0.0012142090000355247,
      "delta_L": -6.785400307694799e-06,
      "step": 5
    },
    {
      "L": 0.001207449849075079,
      "delta_L": -6.759150960445595e-06,
      "step": 6
    },
    {
      "L": 0.0012007168387329367,
      "delta_L": -6.733010342142376e-06,
      "step": 7
    },
    {
      "L": 0.001194009860741428,
      "delta_L": -6.706977991508727e-06,
      "step": 8
    },
    {
      "L": 0.001187328807292168,
      "delta_L": -6.68105344925991e-06,
      "step": 9
    },
    {
      "L": 0.0011806735710340748,
      "delta_L": -6.655236258093326e-06,
      "step": 10
    },
    {
      "L": 0.0011740440450713923,
      "delta_L": -6.629525962682445e-06,
      "step": 11
    },
    {
      "L": 0.0011674401229617264,
      "delta_L": -6.6039221096659585e-06,
      "step": 12
    },
    {
      "L": 0.0011608616987140877,
      "delta_L": -6.578424247638678e-06,
      "step": 13
    },
    {
      "L": 0.0011543086667869437,
      "delta_L": -6.553031927143942e-06,
      "step": 14
    },
    {
      "L": 0.001147780922086278,
      "delta_L": -6.527744700665812e-06,
      "step": 15
    },
    {
      "L": 0.0011412783599636578,
      "delta_L": -6.5025621226201796e-06,
      "step": 16
    },
    {
      "L": 0.0011348008762143125,
      "delta_L": -6.477483749345227e-06,
      "step": 17
    },
    {
      "L": 0.001128348367075217,
      "delta_L": -6.452509139095574e-06,
      "step": 18
    },
    {
      "L": 0.001121920729223189,
      "delta_L": -6.427637852027962e-06,
      "step": 19
    },
    {
      "L": 0.0011155178597729866,
      "delta_L": -6.402869450202343e-06,
      "step": 20
    }
  ],
  "tol_pos": 1e-12,
  "violations": 0
}