{
  "pass_rate": 1.0,
  "passed": true,
  "results": [
    {
      "R2": 1.0,
      "lyapunov_log": {
        "failed": false,
        "figure": "/mnt/ironwolf/git/Void_Unity_Proofs/derivation/code/outputs/figures/metriplectic/20251006_132404_lyapunov_delta_per_step_jmj__tag-smoke.png",
        "series": [
          {
            "L": 0.02648506452478782,
            "delta_L": -0.005224022642077927,
            "step": 1
          },
          {
            "L": 0.021868667158082056,
            "delta_L": -0.004616397366705764,
            "step": 2
          },
          {
            "L": 0.017784433855561096,
            "delta_L": -0.004084233302520959,
            "step": 3
          },
          {
            "L": 0.014166487891042155,
            "delta_L": -0.0036179459645189413,
            "step": 4
          },
          {
            "L": 0.01095729927352082,
            "delta_L": -0.0032091886175213344,
            "step": 5
          },
          {
            "L": 0.008106608831623754,
            "delta_L": -0.002850690441897067,
            "step": 6
          },
          {
            "L": 0.005570492765704513,
            "delta_L": -0.002536116065919241,
            "step": 7
          },
          {
            "L": 0.003310549144266559,
            "delta_L": -0.0022599436214379535,
            "step": 8
          },
          {
            "L": 0.0012931902838759757,
            "delta_L": -0.0020173588603905833,
            "step": 9
          },
          {
            "L": -0.0005109729153444291,
            "delta_L": -0.0018041631992204048,
            "step": 10
          },
          {
            "L": -0.0021276667574747724,
            "delta_L": -0.0016166938421303433,
            "step": 11
          },
          {
            "L": -0.003579421148185424,
            "delta_L": -0.0014517543907106517,
            "step": 12
          },
          {
            "L": -0.004885975678891014,
            "delta_L": -0.0013065545307055894,
            "step": 13
          },
          {
            "L": -0.00606463330336567,
            "delta_L": -0.0011786576244746565,
            "step": 14
          },
          {
            "L": -0.007130568446225675,
            "delta_L": -0.0010659351428600047,
            "step": 15
          },
          {
            "L": -0.008097095489522067,
            "delta_L": -0.0009665270432963925,
            "step": 16
          },
          {
            "L": -0.008975902798648992,
            "delta_L": -0.0008788073091269243,
            "step": 17
          },
          {
            "L": -0.0097772567695695,
            "delta_L": -0.0008013539709205084,
            "step": 18
          },
          {
            "L": -0.0105101797902836,
            "delta_L": -0.0007329230207141005,
            "step": 19
          },
          {
            "L": -0.011182605498471995,
            "delta_L": -0.0006724257081883941,
            "step": 20
          }
        ],
        "tol_pos": 1e-12,
        "violations": 0
      },
      "lyapunov_violations": 0,
      "pass": true,
      "slope": 3.4795724372004853,
      "tuple": {
        "D": 1.0,
        "N": 256,
        "r": 0.2,
        "u": 0.25
      },
      "two_grid_log": {
        "dt": [
          0.02
        ],
        "expected_slope": 2.0,
        "failed": false,
        "figure": "/mnt/ironwolf/git/Void_Unity_Proofs/derivation/code/outputs/figures/metriplectic/20251006_132403_residual_vs_dt_jmj__tag-smoke.png",
        "fit": {
          "R2": 1.0,
          "slope": 3.4795724372004853
        },
        "gate": {
          "R2_min": 0.9,
          "slope_min": 2.0
        },
        "scheme": "jmj",
        "trivial_exact": false,
        "two_grid_error_inf_med": [
          5.035295437827436e-07
        ]
      }
    }
  ]
}