{
  "dt": [
    0.02,
    0.01,
    0.005,
    0.0025,
    0.00125
  ],
  "expected_slope": 2.0,
  "failed": false,
  "figure": "/mnt/ironwolf/git/Void_Unity_Proofs/derivation/code/outputs/figures/metriplectic/20251006_135015_residual_vs_dt_jmj__spectralDG.png",
  "fit": {
    "R2": 0.9999673192212063,
    "slope": 2.937445343678363
  },
  "gate": {
    "R2_min": 0.999,
    "slope_min": 2.9
  },
  "scheme": "jmj",
  "trivial_exact": false,
  "two_grid_error_inf_med": [
    4.380292569595729e-06,
    5.934258502518844e-07,
    7.763683436499275e-08,
    1.002100700163433e-08,
    1.2777175827788367e-09
  ]
}