{
  "bc": "periodic",
  "samples": [
    {
      "dt": 0.02,
      "seed": 0,
      "two_grid_error_inf": 4.4425815421004e-06
    },
    {
      "dt": 0.01,
      "seed": 0,
      "two_grid_error_inf": 6.021046881077297e-07
    },
    {
      "dt": 0.005,
      "seed": 0,
      "two_grid_error_inf": 7.844648784987446e-08
    },
    {
      "dt": 0.0025,
      "seed": 0,
      "two_grid_error_inf": 1.0013613434972646e-08
    },
    {
      "dt": 0.00125,
      "seed": 0,
      "two_grid_error_inf": 1.2638559686653505e-09
    },
    {
      "dt": 0.02,
      "seed": 1,
      "two_grid_error_inf": 4.444211647541656e-06
    },
    {
      "dt": 0.01,
      "seed": 1,
      "two_grid_error_inf": 6.025077477333357e-07
    },
    {
      "dt": 0.005,
      "seed": 1,
      "two_grid_error_inf": 7.851163145913137e-08
    },
    {
      "dt": 0.0025,
      "seed": 1,
      "two_grid_error_inf": 1.0022763499359377e-08
    },
    {
      "dt": 0.00125,
      "seed": 1,
      "two_grid_error_inf": 1.265151572914236e-09
    },
    {
      "dt": 0.02,
      "seed": 2,
      "two_grid_error_inf": 4.228125853098126e-06
    },
    {
      "dt": 0.01,
      "seed": 2,
      "two_grid_error_inf": 5.735726243288365e-07
    },
    {
      "dt": 0.005,
      "seed": 2,
      "two_grid_error_inf": 7.476671323594988e-08
    },
    {
      "dt": 0.0025,
      "seed": 2,
      "two_grid_error_inf": 9.54639112725475e-09
    },
    {
      "dt": 0.00125,
      "seed": 2,
      "two_grid_error_inf": 1.2049630377687637e-09
    },
    {
      "dt": 0.02,
      "seed": 3,
      "two_grid_error_inf": 3.6835427597997628e-06
    },
    {
      "dt": 0.01,
      "seed": 3,
      "two_grid_error_inf": 4.968188169959808e-07
    },
    {
      "dt": 0.005,
      "seed": 3,
      "two_grid_error_inf": 6.456579391966866e-08
    },
    {
      "dt": 0.0025,
      "seed": 3,
      "two_grid_error_inf": 8.23113362191652e-09
    },
    {
      "dt": 0.00125,
      "seed": 3,
      "two_grid_error_inf": 1.0398266137023882e-09
    },
    {
      "dt": 0.02,
      "seed": 4,
      "two_grid_error_inf": 4.813650620459631e-06
    },
    {
      "dt": 0.01,
      "seed": 4,
      "two_grid_error_inf": 6.51876376780991e-07
    },
    {
      "dt": 0.005,
      "seed": 4,
      "two_grid_error_inf": 8.48931969721356e-08
    },
    {
      "dt": 0.0025,
      "seed": 4,
      "two_grid_error_inf": 1.0833975244706195e-08
    },
    {
      "dt": 0.00125,
      "seed": 4,
      "two_grid_error_inf": 1.3694494288563064e-09
    },
    {
      "dt": 0.02,
      "seed": 5,
      "two_grid_error_inf": 4.313303276295283e-06
    },
    {
      "dt": 0.01,
      "seed": 5,
      "two_grid_error_inf": 5.830109368176045e-07
    },
    {
      "dt": 0.005,
      "seed": 5,
      "two_grid_error_inf": 7.585227677735229e-08
    },
    {
      "dt": 0.0025,
      "seed": 5,
      "two_grid_error_inf": 9.675530116687314e-09
    },
    {
      "dt": 0.00125,
      "seed": 5,
      "two_grid_error_inf": 1.2207243896278364e-09
    },
    {
      "dt": 0.02,
      "seed": 6,
      "two_grid_error_inf": 4.3690144942987175e-06
    },
    {
      "dt": 0.01,
      "seed": 6,
      "two_grid_error_inf": 5.915549321985902e-07
    },
    {
      "dt": 0.005,
      "seed": 6,
      "two_grid_error_inf": 7.703366017297597e-08
    },
    {
      "dt": 0.0025,
      "seed": 6,
      "two_grid_error_inf": 9.830803879284922e-09
    },
    {
      "dt": 0.00125,
      "seed": 6,
      "two_grid_error_inf": 1.2427056605979203e-09
    },
    {
      "dt": 0.02,
      "seed": 7,
      "two_grid_error_inf": 3.7422987568536126e-06
    },
    {
      "dt": 0.01,
      "seed": 7,
      "two_grid_error_inf": 5.036178243045253e-07
    },
    {
      "dt": 0.005,
      "seed": 7,
      "two_grid_error_inf": 6.537678599871644e-08
    },
    {
      "dt": 0.0025,
      "seed": 7,
      "two_grid_error_inf": 8.329914813476336e-09
    },
    {
      "dt": 0.00125,
      "seed": 7,
      "two_grid_error_inf": 1.0523022037078889e-09
    },
    {
      "dt": 0.02,
      "seed": 8,
      "two_grid_error_inf": 3.3758395735425384e-06
    },
    {
      "dt": 0.01,
      "seed": 8,
      "two_grid_error_inf": 4.567505997934984e-07
    },
    {
      "dt": 0.005,
      "seed": 8,
      "two_grid_error_inf": 5.945573752080824e-08
    },
    {
      "dt": 0.0025,
      "seed": 8,
      "two_grid_error_inf": 7.586008127224986e-09
    },
    {
      "dt": 0.00125,
      "seed": 8,
      "two_grid_error_inf": 9.585927190913779e-10
    },
    {
      "dt": 0.02,
      "seed": 9,
      "two_grid_error_inf": 4.989434936281817e-06
    },
    {
      "dt": 0.01,
      "seed": 9,
      "two_grid_error_inf": 6.749166511017986e-07
    },
    {
      "dt": 0.005,
      "seed": 9,
      "two_grid_error_inf": 8.784316369442324e-08
    },
    {
      "dt": 0.0025,
      "seed": 9,
      "two_grid_error_inf": 1.1207196583522955e-08
    },
    {
      "dt": 0.00125,
      "seed": 9,
      "two_grid_error_inf": 1.4139768457661905e-09
    }
  ],
  "scheme": "m_only"
}