{
  "bc": "periodic",
  "dt_sweep": [
    0.02
  ],
  "grid": {
    "N": 256,
    "dx": 1.0
  },
  "notes": "Minimal smoke test spec to exercise tag-aware artifact paths.",
  "params": {
    "D": 1.0,
    "c": 0.5,
    "dg_tol": 1e-12,
    "dt_sweep_small": [
      0.02
    ],
    "gate_R2": 0.9,
    "gate_slope": 2.0,
    "r": 0.2,
    "seed_scale": 0.05,
    "tag": "tag-smoke",
    "u": 0.25,
    "v5_grid": [
      {
        "D": 1.0,
        "N": 256,
        "r": 0.2,
        "u": 0.25
      }
    ]
  },
  "scheme": "jmj",
  "seeds": 1
}