{
  "bc": "periodic",
  "samples": [
    {
      "dt": 0.01,
      "seed": 0,
      "two_grid_error_inf": 1.2714261511670433e-08
    },
    {
      "dt": 0.005,
      "seed": 0,
      "two_grid_error_inf": 1.6187848891208168e-09
    },
    {
      "dt": 0.0025,
      "seed": 0,
      "two_grid_error_inf": 2.0373880534052535e-10
    },
    {
      "dt": 0.00125,
      "seed": 0,
      "two_grid_error_inf": 2.533943367633018e-11
    },
    {
      "dt": 0.000625,
      "seed": 0,
      "two_grid_error_inf": 3.328856287843074e-12
    },
    {
      "dt": 0.01,
      "seed": 1,
      "two_grid_error_inf": 1.1552885357895247e-08
    },
    {
      "dt": 0.005,
      "seed": 1,
      "two_grid_error_inf": 1.4713580104731144e-09
    },
    {
      "dt": 0.0025,
      "seed": 1,
      "two_grid_error_inf": 1.8519686207762315e-10
    },
    {
      "dt": 0.00125,
      "seed": 1,
      "two_grid_error_inf": 2.3032119505876636e-11
    },
    {
      "dt": 0.000625,
      "seed": 1,
      "two_grid_error_inf": 3.0279728377435866e-12
    },
    {
      "dt": 0.01,
      "seed": 2,
      "two_grid_error_inf": 1.0996356121137883e-08
    },
    {
      "dt": 0.005,
      "seed": 2,
      "two_grid_error_inf": 1.3998971981621366e-09
    },
    {
      "dt": 0.0025,
      "seed": 2,
      "two_grid_error_inf": 1.7617811642065342e-10
    },
    {
      "dt": 0.00125,
      "seed": 2,
      "two_grid_error_inf": 2.1911903335617572e-11
    },
    {
      "dt": 0.000625,
      "seed": 2,
      "two_grid_error_inf": 2.878074026931715e-12
    },
    {
      "dt": 0.01,
      "seed": 3,
      "two_grid_error_inf": 1.1101445391431541e-08
    },
    {
      "dt": 0.005,
      "seed": 3,
      "two_grid_error_inf": 1.4139742675334244e-09
    },
    {
      "dt": 0.0025,
      "seed": 3,
      "two_grid_error_inf": 1.7798268588109512e-10
    },
    {
      "dt": 0.00125,
      "seed": 3,
      "two_grid_error_inf": 2.2134820018560042e-11
    },
    {
      "dt": 0.000625,
      "seed": 3,
      "two_grid_error_inf": 2.910295268665486e-12
    },
    {
      "dt": 0.01,
      "seed": 4,
      "two_grid_error_inf": 1.356227790662301e-08
    },
    {
      "dt": 0.005,
      "seed": 4,
      "two_grid_error_inf": 1.7274564365760137e-09
    },
    {
      "dt": 0.0025,
      "seed": 4,
      "two_grid_error_inf": 2.1744061239059587e-10
    },
    {
      "dt": 0.00125,
      "seed": 4,
      "two_grid_error_inf": 2.704211507498222e-11
    },
    {
      "dt": 0.000625,
      "seed": 4,
      "two_grid_error_inf": 3.555706076796561e-12
    },
    {
      "dt": 0.01,
      "seed": 5,
      "two_grid_error_inf": 1.2262062207626934e-08
    },
    {
      "dt": 0.005,
      "seed": 5,
      "two_grid_error_inf": 1.5615696883361854e-09
    },
    {
      "dt": 0.0025,
      "seed": 5,
      "two_grid_error_inf": 1.9654922123451407e-10
    },
    {
      "dt": 0.00125,
      "seed": 5,
      "two_grid_error_inf": 2.4444174549081987e-11
    },
    {
      "dt": 0.000625,
      "seed": 5,
      "two_grid_error_inf": 3.213088432471589e-12
    },
    {
      "dt": 0.01,
      "seed": 6,
      "two_grid_error_inf": 1.1928123449037042e-08
    },
    {
      "dt": 0.005,
      "seed": 6,
      "two_grid_error_inf": 1.518984982934457e-09
    },
    {
      "dt": 0.0025,
      "seed": 6,
      "two_grid_error_inf": 1.9118842967125182e-10
    },
    {
      "dt": 0.00125,
      "seed": 6,
      "two_grid_error_inf": 2.377797264641046e-11
    },
    {
      "dt": 0.000625,
      "seed": 6,
      "two_grid_error_inf": 3.1250037280106113e-12
    },
    {
      "dt": 0.01,
      "seed": 7,
      "two_grid_error_inf": 1.2673500443538543e-08
    },
    {
      "dt": 0.005,
      "seed": 7,
      "two_grid_error_inf": 1.6127068239862874e-09
    },
    {
      "dt": 0.0025,
      "seed": 7,
      "two_grid_error_inf": 2.0294500628625922e-10
    },
    {
      "dt": 0.00125,
      "seed": 7,
      "two_grid_error_inf": 2.5242649984158483e-11
    },
    {
      "dt": 0.000625,
      "seed": 7,
      "two_grid_error_inf": 3.3119913062096273e-12
    },
    {
      "dt": 0.01,
      "seed": 8,
      "two_grid_error_inf": 9.679354150767157e-09
    },
    {
      "dt": 0.005,
      "seed": 8,
      "two_grid_error_inf": 1.2314814856881004e-09
    },
    {
      "dt": 0.0025,
      "seed": 8,
      "two_grid_error_inf": 1.5495569248309e-10
    },
    {
      "dt": 0.00125,
      "seed": 8,
      "two_grid_error_inf": 1.9274059019809553e-11
    },
    {
      "dt": 0.000625,
      "seed": 8,
      "two_grid_error_inf": 2.5281596477758073e-12
    },
    {
      "dt": 0.01,
      "seed": 9,
      "two_grid_error_inf": 1.3634471569021027e-08
    },
    {
      "dt": 0.005,
      "seed": 9,
      "two_grid_error_inf": 1.7367611260818774e-09
    },
    {
      "dt": 0.0025,
      "seed": 9,
      "two_grid_error_inf": 2.1861365186648038e-10
    },
    {
      "dt": 0.00125,
      "seed": 9,
      "two_grid_error_inf": 2.7187314628317888e-11
    },
    {
      "dt": 0.000625,
      "seed": 9,
      "two_grid_error_inf": 3.5756157420758355e-12
    }
  ],
  "scheme": "m_only"
}