{
  "dt": 0.000625,
  "figure": "/mnt/ironwolf/git/Void_Unity_Proofs/derivation/code/outputs/figures/metriplectic/20251006_134957_fixed_dt_deltaS_compare__asymptotics-seed01.png",
  "summaries": {
    "j_only": {
      "dt": 0.000625,
      "max_abs_delta_S": 1.581064168476587e-10,
      "mean_abs_delta_S": 6.431087329339391e-11,
      "median_abs_delta_S": 5.2739798639400703e-11
    },
    "jmj": {
      "dt": 0.000625,
      "max_abs_delta_S": 2.0102404954175368e-05,
      "mean_abs_delta_S": 1.880583148259063e-05,
      "median_abs_delta_S": 1.8676229197822636e-05
    },
    "m_only": {
      "dt": 0.000625,
      "max_abs_delta_S": 2.01024403555794e-05,
      "mean_abs_delta_S": 1.880587926184618e-05,
      "median_abs_delta_S": 1.8676372675094366e-05
    }
  }
}