{
  "dg_tol": 1e-12,
  "dt": [
    0.01,
    0.005,
    0.0025,
    0.00125,
    0.000625
  ],
  "failed": true,
  "figure": "/mnt/ironwolf/git/Void_Unity_Proofs/derivation/code/outputs/figures/metriplectic/failed_runs/20251006_134934_residual_vs_dt_small_jmj__asymptotics-seed01.png",
  "fit": {
    "R2": 0.9989663446676527,
    "slope": 2.5986914726748065
  },
  "newton_stats": [
    {
      "backtracks": 0,
      "converged": true,
      "dt": 0.01,
      "final_residual_inf": 5.903620962314365e-13,
      "iters": 7,
      "seed": 0
    },
    {
      "backtracks": 0,
      "converged": true,
      "dt": 0.005,
      "final_residual_inf": 2.214256474572865e-13,
      "iters": 6,
      "seed": 0
    },
    {
      "backtracks": 0,
      "converged": true,
      "dt": 0.0025,
      "final_residual_inf": 3.45436170173883e-13,
      "iters": 5,
      "seed": 0
    },
    {
      "backtracks": 0,
      "converged": true,
      "dt": 0.00125,
      "final_residual_inf": 1.0684670108309507e-14,
      "iters": 5,
      "seed": 0
    },
    {
      "backtracks": 0,
      "converged": true,
      "dt": 0.000625,
      "final_residual_inf": 1.3614849299228935e-13,
      "iters": 4,
      "seed": 0
    },
    {
      "backtracks": 0,
      "converged": true,
      "dt": 0.01,
      "final_residual_inf": 5.488270970500919e-13,
      "iters": 7,
      "seed": 1
    },
    {
      "backtracks": 0,
      "converged": true,
      "dt": 0.005,
      "final_residual_inf": 2.0399119540900554e-13,
      "iters": 6,
      "seed": 1
    },
    {
      "backtracks": 0,
      "converged": true,
      "dt": 0.0025,
      "final_residual_inf": 3.1612168124080936e-13,
      "iters": 5,
      "seed": 1
    },
    {
      "backtracks": 0,
      "converged": true,
      "dt": 0.00125,
      "final_residual_inf": 9.775627573052614e-15,
      "iters": 5,
      "seed": 1
    },
    {
      "backtracks": 0,
      "converged": true,
      "dt": 0.000625,
      "final_residual_inf": 1.2559418803082586e-13,
      "iters": 4,
      "seed": 1
    },
    {
      "backtracks": 0,
      "converged": true,
      "dt": 0.01,
      "final_residual_inf": 5.005209300409236e-13,
      "iters": 7,
      "seed": 2
    },
    {
      "backtracks": 0,
      "converged": true,
      "dt": 0.005,
      "final_residual_inf": 1.8657430743591885e-13,
      "iters": 6,
      "seed": 2
    },
    {
      "backtracks": 0,
      "converged": true,
      "dt": 0.0025,
      "final_residual_inf": 2.921006535608339e-13,
      "iters": 5,
      "seed": 2
    },
    {
      "backtracks": 0,
      "converged": true,
      "dt": 0.00125,
      "final_residual_inf": 9.036225408340023e-15,
      "iters": 5,
      "seed": 2
    },
    {
      "backtracks": 0,
      "converged": true,
      "dt": 0.000625,
      "final_residual_inf": 1.172952438166985e-13,
      "iters": 4,
      "seed": 2
    },
    {
      "backtracks": 0,
      "converged": true,
      "dt": 0.01,
      "final_residual_inf": 5.057372706382401e-13,
      "iters": 7,
      "seed": 3
    },
    {
      "backtracks": 0,
      "converged": true,
      "dt": 0.005,
      "final_residual_inf": 1.9171080331949544e-13,
      "iters": 6,
      "seed": 3
    },
    {
      "backtracks": 0,
      "converged": true,
      "dt": 0.0025,
      "final_residual_inf": 3.0263603241812397e-13,
      "iters": 5,
      "seed": 3
    },
    {
      "backtracks": 0,
      "converged": true,
      "dt": 0.00125,
      "final_residual_inf": 9.365502690321555e-15,
      "iters": 5,
      "seed": 3
    },
    {
      "backtracks": 0,
      "converged": true,
      "dt": 0.000625,
      "final_residual_inf": 1.2092038474171988e-13,
      "iters": 4,
      "seed": 3
    },
    {
      "backtracks": 0,
      "converged": true,
      "dt": 0.01,
      "final_residual_inf": 6.389784805872073e-13,
      "iters": 7,
      "seed": 4
    },
    {
      "backtracks": 0,
      "converged": true,
      "dt": 0.005,
      "final_residual_inf": 2.3887727733373776e-13,
      "iters": 6,
      "seed": 4
    },
    {
      "backtracks": 0,
      "converged": true,
      "dt": 0.0025,
      "final_residual_inf": 3.729266177007577e-13,
      "iters": 5,
      "seed": 4
    },
    {
      "backtracks": 0,
      "converged": true,
      "dt": 0.00125,
      "final_residual_inf": 1.153434918649103e-14,
      "iters": 5,
      "seed": 4
    },
    {
      "backtracks": 0,
      "converged": true,
      "dt": 0.000625,
      "final_residual_inf": 1.4791709422254124e-13,
      "iters": 4,
      "seed": 4
    },
    {
      "backtracks": 0,
      "converged": true,
      "dt": 0.01,
      "final_residual_inf": 5.650807783936368e-13,
      "iters": 7,
      "seed": 5
    },
    {
      "backtracks": 0,
      "converged": true,
      "dt": 0.005,
      "final_residual_inf": 2.1195839408714306e-13,
      "iters": 6,
      "seed": 5
    },
    {
      "backtracks": 0,
      "converged": true,
      "dt": 0.0025,
      "final_residual_inf": 3.3267870879968853e-13,
      "iters": 5,
      "seed": 5
    },
    {
      "backtracks": 0,
      "converged": true,
      "dt": 0.00125,
      "final_residual_inf": 1.0288370497343532e-14,
      "iters": 5,
      "seed": 5
    },
    {
      "backtracks": 0,
      "converged": true,
      "dt": 0.000625,
      "final_residual_inf": 1.3287670287264342e-13,
      "iters": 4,
      "seed": 5
    },
    {
      "backtracks": 0,
      "converged": true,
      "dt": 0.01,
      "final_residual_inf": 5.519246084467744e-13,
      "iters": 7,
      "seed": 6
    },
    {
      "backtracks": 0,
      "converged": true,
      "dt": 0.005,
      "final_residual_inf": 2.0449415002055799e-13,
      "iters": 6,
      "seed": 6
    },
    {
      "backtracks": 0,
      "converged": true,
      "dt": 0.0025,
      "final_residual_inf": 3.216887951222429e-13,
      "iters": 5,
      "seed": 6
    },
    {
      "backtracks": 0,
      "converged": true,
      "dt": 0.00125,
      "final_residual_inf": 9.949692843713373e-15,
      "iters": 5,
      "seed": 6
    },
    {
      "backtracks": 0,
      "converged": true,
      "dt": 0.000625,
      "final_residual_inf": 1.288124490563371e-13,
      "iters": 4,
      "seed": 6
    },
    {
      "backtracks": 0,
      "converged": true,
      "dt": 0.01,
      "final_residual_inf": 4.988919162767641e-13,
      "iters": 7,
      "seed": 7
    },
    {
      "backtracks": 0,
      "converged": true,
      "dt": 0.005,
      "final_residual_inf": 1.943054414197884e-13,
      "iters": 6,
      "seed": 7
    },
    {
      "backtracks": 0,
      "converged": true,
      "dt": 0.0025,
      "final_residual_inf": 3.173907466599672e-13,
      "iters": 5,
      "seed": 7
    },
    {
      "backtracks": 0,
      "converged": true,
      "dt": 0.00125,
      "final_residual_inf": 9.821790868677974e-15,
      "iters": 5,
      "seed": 7
    },
    {
      "backtracks": 0,
      "converged": true,
      "dt": 0.000625,
      "final_residual_inf": 1.3215515277432716e-13,
      "iters": 4,
      "seed": 7
    },
    {
      "backtracks": 0,
      "converged": true,
      "dt": 0.01,
      "final_residual_inf": 4.384565356185116e-13,
      "iters": 7,
      "seed": 8
    },
    {
      "backtracks": 0,
      "converged": true,
      "dt": 0.005,
      "final_residual_inf": 1.643236396020771e-13,
      "iters": 6,
      "seed": 8
    },
    {
      "backtracks": 0,
      "converged": true,
      "dt": 0.0025,
      "final_residual_inf": 2.5679549700324995e-13,
      "iters": 5,
      "seed": 8
    },
    {
      "backtracks": 0,
      "converged": true,
      "dt": 0.00125,
      "final_residual_inf": 7.942409411903183e-15,
      "iters": 5,
      "seed": 8
    },
    {
      "backtracks": 0,
      "converged": true,
      "dt": 0.000625,
      "final_residual_inf": 1.0152542242097612e-13,
      "iters": 4,
      "seed": 8
    },
    {
      "backtracks": 0,
      "converged": true,
      "dt": 0.01,
      "final_residual_inf": 6.541985106845588e-13,
      "iters": 7,
      "seed": 9
    },
    {
      "backtracks": 0,
      "converged": true,
      "dt": 0.005,
      "final_residual_inf": 2.4344759606657884e-13,
      "iters": 6,
      "seed": 9
    },
    {
      "backtracks": 0,
      "converged": true,
      "dt": 0.0025,
      "final_residual_inf": 3.783834953263038e-13,
      "iters": 5,
      "seed": 9
    },
    {
      "backtracks": 0,
      "converged": true,
      "dt": 0.00125,
      "final_residual_inf": 1.1701150302596136e-14,
      "iters": 5,
      "seed": 9
    },
    {
      "backtracks": 0,
      "converged": true,
      "dt": 0.000625,
      "final_residual_inf": 1.494105928795354e-13,
      "iters": 4,
      "seed": 9
    }
  ],
  "scheme": "jmj",
  "two_grid_error_inf_med": [
    1.353130180646589e-08,
    1.9548034681303277e-09,
    3.050103548635913e-10,
    5.2305383982376163e-11,
    1.0143726245255558e-11
  ]
}