{
  "bc": "periodic",
  "samples": [
    {
      "dt": 0.01,
      "seed": 0,
      "two_grid_error_inf": 1.2949882933349643e-08
    },
    {
      "dt": 0.005,
      "seed": 0,
      "two_grid_error_inf": 1.668094256473962e-09
    },
    {
      "dt": 0.0025,
      "seed": 0,
      "two_grid_error_inf": 2.1548396053616692e-10
    },
    {
      "dt": 0.00125,
      "seed": 0,
      "two_grid_error_inf": 2.8243792721260874e-11
    },
    {
      "dt": 0.000625,
      "seed": 0,
      "two_grid_error_inf": 4.0536549811287514e-12
    },
    {
      "dt": 0.01,
      "seed": 1,
      "two_grid_error_inf": 1.4060059966335484e-08
    },
    {
      "dt": 0.005,
      "seed": 1,
      "two_grid_error_inf": 2.190357899613596e-09
    },
    {
      "dt": 0.0025,
      "seed": 1,
      "two_grid_error_inf": 3.767055122699814e-10
    },
    {
      "dt": 0.00125,
      "seed": 1,
      "two_grid_error_inf": 7.23951671180445e-11
    },
    {
      "dt": 0.000625,
      "seed": 1,
      "two_grid_error_inf": 1.5537037802160203e-11
    },
    {
      "dt": 0.01,
      "seed": 2,
      "two_grid_error_inf": 1.7526190235206407e-08
    },
    {
      "dt": 0.005,
      "seed": 2,
      "two_grid_error_inf": 3.0670606753109564e-09
    },
    {
      "dt": 0.0025,
      "seed": 2,
      "two_grid_error_inf": 5.97156962333506e-10
    },
    {
      "dt": 0.00125,
      "seed": 2,
      "two_grid_error_inf": 1.2767103520217038e-10
    },
    {
      "dt": 0.000625,
      "seed": 2,
      "two_grid_error_inf": 2.9381578767195826e-11
    },
    {
      "dt": 0.01,
      "seed": 3,
      "two_grid_error_inf": 1.0563005853683749e-08
    },
    {
      "dt": 0.005,
      "seed": 3,
      "two_grid_error_inf": 1.2858008442695468e-09
    },
    {
      "dt": 0.0025,
      "seed": 3,
      "two_grid_error_inf": 1.7588791317510455e-10
    },
    {
      "dt": 0.00125,
      "seed": 3,
      "two_grid_error_inf": 2.586459952463871e-11
    },
    {
      "dt": 0.000625,
      "seed": 3,
      "two_grid_error_inf": 4.33822639270276e-12
    },
    {
      "dt": 0.01,
      "seed": 4,
      "two_grid_error_inf": 1.3354472531285078e-08
    },
    {
      "dt": 0.005,
      "seed": 4,
      "two_grid_error_inf": 1.6706257575244132e-09
    },
    {
      "dt": 0.0025,
      "seed": 4,
      "two_grid_error_inf": 2.1482887170576337e-10
    },
    {
      "dt": 0.00125,
      "seed": 4,
      "two_grid_error_inf": 2.8569584198390174e-11
    },
    {
      "dt": 0.000625,
      "seed": 4,
      "two_grid_error_inf": 4.1990542987146995e-12
    },
    {
      "dt": 0.01,
      "seed": 5,
      "two_grid_error_inf": 1.3610762517480418e-08
    },
    {
      "dt": 0.005,
      "seed": 5,
      "two_grid_error_inf": 1.8981144437246397e-09
    },
    {
      "dt": 0.0025,
      "seed": 5,
      "two_grid_error_inf": 2.8103732015172245e-10
    },
    {
      "dt": 0.00125,
      "seed": 5,
      "two_grid_error_inf": 4.563900819765099e-11
    },
    {
      "dt": 0.000625,
      "seed": 5,
      "two_grid_error_inf": 8.522814615510854e-12
    },
    {
      "dt": 0.01,
      "seed": 6,
      "two_grid_error_inf": 1.2351082309680628e-08
    },
    {
      "dt": 0.005,
      "seed": 6,
      "two_grid_error_inf": 1.6204727334295788e-09
    },
    {
      "dt": 0.0025,
      "seed": 6,
      "two_grid_error_inf": 2.1638687543179547e-10
    },
    {
      "dt": 0.00125,
      "seed": 6,
      "two_grid_error_inf": 3.0080000990029276e-11
    },
    {
      "dt": 0.000625,
      "seed": 6,
      "two_grid_error_inf": 4.7024224791858416e-12
    },
    {
      "dt": 0.01,
      "seed": 7,
      "two_grid_error_inf": 1.4752310255328194e-08
    },
    {
      "dt": 0.005,
      "seed": 7,
      "two_grid_error_inf": 2.1442196906917843e-09
    },
    {
      "dt": 0.0025,
      "seed": 7,
      "two_grid_error_inf": 3.371977506244628e-10
    },
    {
      "dt": 0.00125,
      "seed": 7,
      "two_grid_error_inf": 5.897175976710134e-11
    },
    {
      "dt": 0.000625,
      "seed": 7,
      "two_grid_error_inf": 1.1764637875000261e-11
    },
    {
      "dt": 0.01,
      "seed": 8,
      "two_grid_error_inf": 1.6373441365756525e-08
    },
    {
      "dt": 0.005,
      "seed": 8,
      "two_grid_error_inf": 2.9253183495350776e-09
    },
    {
      "dt": 0.0025,
      "seed": 8,
      "two_grid_error_inf": 5.817298006152716e-10
    },
    {
      "dt": 0.00125,
      "seed": 8,
      "two_grid_error_inf": 1.2643267032277916e-10
    },
    {
      "dt": 0.000625,
      "seed": 8,
      "two_grid_error_inf": 2.937928199331363e-11
    },
    {
      "dt": 0.01,
      "seed": 9,
      "two_grid_error_inf": 1.3451841095451361e-08
    },
    {
      "dt": 0.005,
      "seed": 9,
      "two_grid_error_inf": 2.0114924925360156e-09
    },
    {
      "dt": 0.0025,
      "seed": 9,
      "two_grid_error_inf": 3.2898338957546014e-10
    },
    {
      "dt": 0.00125,
      "seed": 9,
      "two_grid_error_inf": 6.010975788298123e-11
    },
    {
      "dt": 0.000625,
      "seed": 9,
      "two_grid_error_inf": 1.2424851078551846e-11
    }
  ],
  "scheme": "jmj"
}