{
  "pass_rate": 0.0,
  "passed": false,
  "results": [
    {
      "R2": 0.9985399307265442,
      "lyapunov_log": {
        "failed": false,
        "figure": "/mnt/ironwolf/git/Void_Unity_Proofs/derivation/code/outputs/figures/metriplectic/20251006_134955_lyapunov_delta_per_step_jmj__asymptotics-seed01.png",
        "series": [
          {
            "L": 0.0005473681371124004,
            "delta_L": -3.273190760386363e-06,
            "step": 1
          },
          {
            "L": 0.0005441080318893071,
            "delta_L": -3.260105223093306e-06,
            "step": 2
          },
          {
            "L": 0.0005408609562393104,
            "delta_L": -3.2470756499967425e-06,
            "step": 3
          },
          {
            "L": 0.00053762685444261,
            "delta_L": -3.234101796700372e-06,
            "step": 4
          },
          {
            "L": 0.0005344056710227193,
            "delta_L": -3.221183419890687e-06,
            "step": 5
          },
          {
            "L": 0.0005311973507453882,
            "delta_L": -3.2083202773311188e-06,
            "step": 6
          },
          {
            "L": 0.0005280018386175302,
            "delta_L": -3.195512127858024e-06,
            "step": 7
          },
          {
            "L": 0.0005248190798861538,
            "delta_L": -3.182758731376349e-06,
            "step": 8
          },
          {
            "L": 0.0005216490200373,
            "delta_L": -3.170059848853885e-06,
            "step": 9
          },
          {
            "L": 0.0005184916047949828,
            "delta_L": -3.157415242317145e-06,
            "step": 10
          },
          {
            "L": 0.0005153467801201366,
            "delta_L": -3.1448246748461616e-06,
            "step": 11
          },
          {
            "L": 0.0005122144922095667,
            "delta_L": -3.1322879105699338e-06,
            "step": 12
          },
          {
            "L": 0.0005090946874949044,
            "delta_L": -3.1198047146623054e-06,
            "step": 13
          },
          {
            "L": 0.0005059873126415674,
            "delta_L": -3.1073748533369788e-06,
            "step": 14
          },
          {
            "L": 0.0005028923145477255,
            "delta_L": -3.094998093841877e-06,
            "step": 15
          },
          {
            "L": 0.0004998096403432692,
            "delta_L": -3.082674204456324e-06,
            "step": 16
          },
          {
            "L": 0.0004967392373887851,
            "delta_L": -3.070402954484107e-06,
            "step": 17
          },
          {
            "L": 0.0004936810532745334,
            "delta_L": -3.058184114251741e-06,
            "step": 18
          },
          {
            "L": 0.0004906350358194317,
            "delta_L": -3.0460174551016385e-06,
            "step": 19
          },
          {
            "L": 0.0004876011330700435,
            "delta_L": -3.03390274938826e-06,
            "step": 20
          }
        ],
        "tol_pos": 1e-12,
        "violations": 0
      },
      "lyapunov_violations": 0,
      "pass": false,
      "slope": 2.4146942162770455,
      "tuple": {
        "D": 1.0,
        "N": 128,
        "r": 0.2,
        "u": 0.25
      },
      "two_grid_log": {
        "dt": [
          0.01,
          0.005,
          0.0025,
          0.00125,
          0.000625
        ],
        "expected_slope": 2.0,
        "failed": true,
        "figure": "/mnt/ironwolf/git/Void_Unity_Proofs/derivation/code/outputs/figures/metriplectic/failed_runs/20251006_134955_residual_vs_dt_jmj__asymptotics-seed01.png",
        "fit": {
          "R2": 0.9985399307265442,
          "slope": 2.4146942162770455
        },
        "gate": {
          "R2_min": 0.999,
          "slope_min": 2.9
        },
        "scheme": "jmj",
        "trivial_exact": false,
        "two_grid_error_inf_med": [
          1.5701992985353574e-08,
          2.4938848586057716e-09,
          4.4414774939480206e-10,
          8.82070547245789e-11,
          1.9371549937058363e-11
        ]
      }
    },
    {
      "R2": 0.9993168430608158,
      "lyapunov_log": {
        "failed": false,
        "figure": "/mnt/ironwolf/git/Void_Unity_Proofs/derivation/code/outputs/figures/metriplectic/20251006_134956_lyapunov_delta_per_step_jmj__asymptotics-seed01.png",
        "series": [
          {
            "L": 0.0002752063386487545,
            "delta_L": -8.197238446523421e-07,
            "step": 1
          },
          {
            "L": 0.00027438825624885593,
            "delta_L": -8.180823998985682e-07,
            "step": 2
          },
          {
            "L": 0.00027357181177795693,
            "delta_L": -8.164444708989968e-07,
            "step": 3
          },
          {
            "L": 0.00027275700172799404,
            "delta_L": -8.148100499628941e-07,
            "step": 4
          },
          {
            "L": 0.00027194382259857706,
            "delta_L": -8.131791294169817e-07,
            "step": 5
          },
          {
            "L": 0.0002711322708969723,
            "delta_L": -8.115517016047324e-07,
            "step": 6
          },
          {
            "L": 0.00027032234313808574,
            "delta_L": -8.099277588865866e-07,
            "step": 7
          },
          {
            "L": 0.00026951403584444573,
            "delta_L": -8.083072936400067e-07,
            "step": 8
          },
          {
            "L": 0.00026870734554618636,
            "delta_L": -8.066902982593687e-07,
            "step": 9
          },
          {
            "L": 0.0002679022687810304,
            "delta_L": -8.050767651559621e-07,
            "step": 10
          },
          {
            "L": 0.0002670988020942725,
            "delta_L": -8.034666867578815e-07,
            "step": 11
          },
          {
            "L": 0.00026629694203876255,
            "delta_L": -8.018600555099726e-07,
            "step": 12
          },
          {
            "L": 0.00026549668517488866,
            "delta_L": -8.002568638738861e-07,
            "step": 13
          },
          {
            "L": 0.0002646980280705608,
            "delta_L": -7.986571043278609e-07,
            "step": 14
          },
          {
            "L": 0.00026390096730119364,
            "delta_L": -7.970607693671581e-07,
            "step": 15
          },
          {
            "L": 0.0002631054994496901,
            "delta_L": -7.954678515035185e-07,
            "step": 16
          },
          {
            "L": 0.0002623116211064252,
            "delta_L": -7.93878343264946e-07,
            "step": 17
          },
          {
            "L": 0.0002615193288692288,
            "delta_L": -7.92292237196358e-07,
            "step": 18
          },
          {
            "L": 0.00026072861934336923,
            "delta_L": -7.907095258595856e-07,
            "step": 19
          },
          {
            "L": 0.0002599394891415371,
            "delta_L": -7.891302018321264e-07,
            "step": 20
          }
        ],
        "tol_pos": 1e-12,
        "violations": 0
      },
      "lyapunov_violations": 0,
      "pass": false,
      "slope": 2.065012130343823,
      "tuple": {
        "D": 0.5,
        "N": 128,
        "r": 0.1,
        "u": 0.2
      },
      "two_grid_log": {
        "dt": [
          0.01,
          0.005,
          0.0025,
          0.00125,
          0.000625
        ],
        "expected_slope": 2.0,
        "failed": true,
        "figure": "/mnt/ironwolf/git/Void_Unity_Proofs/derivation/code/outputs/figures/metriplectic/failed_runs/20251006_134955_residual_vs_dt_jmj__asymptotics-seed01.png",
        "fit": {
          "R2": 0.9993168430608158,
          "slope": 2.065012130343823
        },
        "gate": {
          "R2_min": 0.999,
          "slope_min": 2.9
        },
        "scheme": "jmj",
        "trivial_exact": false,
        "two_grid_error_inf_med": [
          5.586126569775626e-09,
          1.2242974240742749e-09,
          2.841431168045666e-10,
          6.874843272788866e-11,
          1.8376799431132906e-11
        ]
      }
    },
    {
      "R2": 0.9989239338762279,
      "lyapunov_log": {
        "failed": false,
        "figure": "/mnt/ironwolf/git/Void_Unity_Proofs/derivation/code/outputs/figures/metriplectic/20251006_134956_lyapunov_delta_per_step_jmj__asymptotics-seed01.png",
        "series": [
          {
            "L": 0.000838079186787557,
            "delta_L": -6.6304982251426565e-06,
            "step": 1
          },
          {
            "L": 0.0008314728521710968,
            "delta_L": -6.606334616460229e-06,
            "step": 2
          },
          {
            "L": 0.0008248905832412817,
            "delta_L": -6.582268929815143e-06,
            "step": 3
          },
          {
            "L": 0.0008183322824805052,
            "delta_L": -6.55830076077646e-06,
            "step": 4
          },
          {
            "L": 0.0008117978527738908,
            "delta_L": -6.534429706614355e-06,
            "step": 5
          },
          {
            "L": 0.0008052871974075972,
            "delta_L": -6.510655366293613e-06,
            "step": 6
          },
          {
            "L": 0.0007988002200671335,
            "delta_L": -6.486977340463759e-06,
            "step": 7
          },
          {
            "L": 0.0007923368248356787,
            "delta_L": -6.463395231454724e-06,
            "step": 8
          },
          {
            "L": 0.0007858969161924123,
            "delta_L": -6.4399086432664334e-06,
            "step": 9
          },
          {
            "L": 0.0007794803990108464,
            "delta_L": -6.416517181565885e-06,
            "step": 10
          },
          {
            "L": 0.000773087178557169,
            "delta_L": -6.393220453677385e-06,
            "step": 11
          },
          {
            "L": 0.0007667171604885941,
            "delta_L": -6.370018068574965e-06,
            "step": 12
          },
          {
            "L": 0.0007603702508517181,
            "delta_L": -6.3469096368759786e-06,
            "step": 13
          },
          {
            "L": 0.0007540463560808809,
            "delta_L": -6.323894770837203e-06,
            "step": 14
          },
          {
            "L": 0.0007477453829965392,
            "delta_L": -6.300973084341719e-06,
            "step": 15
          },
          {
            "L": 0.0007414672388036424,
            "delta_L": -6.278144192896741e-06,
            "step": 16
          },
          {
            "L": 0.0007352118310900153,
            "delta_L": -6.255407713627115e-06,
            "step": 17
          },
          {
            "L": 0.0007289790678247523,
            "delta_L": -6.232763265263063e-06,
            "step": 18
          },
          {
            "L": 0.0007227688573566116,
            "delta_L": -6.21021046814062e-06,
            "step": 19
          },
          {
            "L": 0.0007165811084124239,
            "delta_L": -6.187748944187755e-06,
            "step": 20
          }
        ],
        "tol_pos": 1e-12,
        "violations": 0
      },
      "lyapunov_violations": 0,
      "pass": false,
      "slope": 2.5818776966937462,
      "tuple": {
        "D": 1.0,
        "N": 256,
        "r": 0.3,
        "u": 0.25
      },
      "two_grid_log": {
        "dt": [
          0.01,
          0.005,
          0.0025,
          0.00125,
          0.000625
        ],
        "expected_slope": 2.0,
        "failed": true,
        "figure": "/mnt/ironwolf/git/Void_Unity_Proofs/derivation/code/outputs/figures/metriplectic/failed_runs/20251006_134956_residual_vs_dt_jmj__asymptotics-seed01.png",
        "fit": {
          "R2": 0.9989239338762279,
          "slope": 2.5818776966937462
        },
        "gate": {
          "R2_min": 0.999,
          "slope_min": 2.9
        },
        "scheme": "jmj",
        "trivial_exact": false,
        "two_grid_error_inf_med": [
          1.2587885995715697e-08,
          1.8341646770185863e-09,
          2.897695378458777e-10,
          5.026540793838519e-11,
          9.883805687956049e-12
        ]
      }
    }
  ]
}