{
  "dt": [
    0.01,
    0.005,
    0.0025,
    0.00125,
    0.000625
  ],
  "expected_slope": 2.0,
  "failed": true,
  "figure": "/mnt/ironwolf/git/Void_Unity_Proofs/derivation/code/outputs/figures/metriplectic/failed_runs/20251006_134935_residual_vs_dt_jmj__asymptotics-seed01.png",
  "fit": {
    "R2": 0.9985399307265442,
    "slope": 2.4146942162770455
  },
  "gate": {
    "R2_min": 0.999,
    "slope_min": 2.9
  },
  "scheme": "jmj",
  "trivial_exact": false,
  "two_grid_error_inf_med": [
    1.5701992985353574e-08,
    2.4938848586057716e-09,
    4.4414774939480206e-10,
    8.82070547245789e-11,
    1.9371549937058363e-11
  ]
}