{
  "dg_tol": 1e-12,
  "dt": [
    0.02,
    0.01,
    0.005,
    0.0025,
    0.00125
  ],
  "failed": true,
  "figure": "/mnt/ironwolf/git/Void_Unity_Proofs/derivation/code/outputs/figures/metriplectic/failed_runs/20251006_100721_residual_vs_dt_small_jmj.png",
  "fit": {
    "R2": 0.9993816206930906,
    "slope": 2.728377223444392
  },
  "newton_stats": [
    {
      "backtracks": 0,
      "converged": true,
      "dt": 0.02,
      "final_residual_inf": 2.2569121051196905e-13,
      "iters": 10,
      "seed": 0
    },
    {
      "backtracks": 0,
      "converged": true,
      "dt": 0.01,
      "final_residual_inf": 1.1688274046545155e-13,
      "iters": 8,
      "seed": 0
    },
    {
      "backtracks": 0,
      "converged": true,
      "dt": 0.005,
      "final_residual_inf": 2.1720797903357347e-14,
      "iters": 7,
      "seed": 0
    },
    {
      "backtracks": 0,
      "converged": true,
      "dt": 0.0025,
      "final_residual_inf": 1.6898510585630633e-14,
      "iters": 6,
      "seed": 0
    },
    {
      "backtracks": 0,
      "converged": true,
      "dt": 0.00125,
      "final_residual_inf": 5.3545845058247665e-14,
      "iters": 5,
      "seed": 0
    },
    {
      "backtracks": 0,
      "converged": true,
      "dt": 0.02,
      "final_residual_inf": 2.1687556264748942e-13,
      "iters": 10,
      "seed": 1
    },
    {
      "backtracks": 0,
      "converged": true,
      "dt": 0.01,
      "final_residual_inf": 1.0968331277949606e-13,
      "iters": 8,
      "seed": 1
    },
    {
      "backtracks": 0,
      "converged": true,
      "dt": 0.005,
      "final_residual_inf": 2.0172557201048047e-14,
      "iters": 7,
      "seed": 1
    },
    {
      "backtracks": 0,
      "converged": true,
      "dt": 0.0025,
      "final_residual_inf": 1.55639119214096e-14,
      "iters": 6,
      "seed": 1
    },
    {
      "backtracks": 0,
      "converged": true,
      "dt": 0.00125,
      "final_residual_inf": 4.900412215770589e-14,
      "iters": 5,
      "seed": 1
    },
    {
      "backtracks": 0,
      "converged": true,
      "dt": 0.02,
      "final_residual_inf": 2.007807982373766e-13,
      "iters": 10,
      "seed": 2
    },
    {
      "backtracks": 0,
      "converged": true,
      "dt": 0.01,
      "final_residual_inf": 1.0031667337095929e-13,
      "iters": 8,
      "seed": 2
    },
    {
      "backtracks": 0,
      "converged": true,
      "dt": 0.005,
      "final_residual_inf": 9.355675956168596e-13,
      "iters": 6,
      "seed": 2
    },
    {
      "backtracks": 0,
      "converged": true,
      "dt": 0.0025,
      "final_residual_inf": 1.4249506522651112e-14,
      "iters": 6,
      "seed": 2
    },
    {
      "backtracks": 0,
      "converged": true,
      "dt": 0.00125,
      "final_residual_inf": 4.531653372864819e-14,
      "iters": 5,
      "seed": 2
    },
    {
      "backtracks": 0,
      "converged": true,
      "dt": 0.02,
      "final_residual_inf": 1.8903997291153107e-13,
      "iters": 10,
      "seed": 3
    },
    {
      "backtracks": 0,
      "converged": true,
      "dt": 0.01,
      "final_residual_inf": 9.946080417599923e-14,
      "iters": 8,
      "seed": 3
    },
    {
      "backtracks": 0,
      "converged": true,
      "dt": 0.005,
      "final_residual_inf": 9.613609821407243e-13,
      "iters": 6,
      "seed": 3
    },
    {
      "backtracks": 0,
      "converged": true,
      "dt": 0.0025,
      "final_residual_inf": 1.4655675761518494e-14,
      "iters": 6,
      "seed": 3
    },
    {
      "backtracks": 0,
      "converged": true,
      "dt": 0.00125,
      "final_residual_inf": 4.6962081575938064e-14,
      "iters": 5,
      "seed": 3
    },
    {
      "backtracks": 0,
      "converged": true,
      "dt": 0.02,
      "final_residual_inf": 2.486565640891225e-13,
      "iters": 10,
      "seed": 4
    },
    {
      "backtracks": 0,
      "converged": true,
      "dt": 0.01,
      "final_residual_inf": 1.271144647874145e-13,
      "iters": 8,
      "seed": 4
    },
    {
      "backtracks": 0,
      "converged": true,
      "dt": 0.005,
      "final_residual_inf": 2.350300943448902e-14,
      "iters": 7,
      "seed": 4
    },
    {
      "backtracks": 0,
      "converged": true,
      "dt": 0.0025,
      "final_residual_inf": 1.8234220557078462e-14,
      "iters": 6,
      "seed": 4
    },
    {
      "backtracks": 0,
      "converged": true,
      "dt": 0.00125,
      "final_residual_inf": 5.783469135458436e-14,
      "iters": 5,
      "seed": 4
    },
    {
      "backtracks": 0,
      "converged": true,
      "dt": 0.02,
      "final_residual_inf": 2.2494874886425098e-13,
      "iters": 10,
      "seed": 5
    },
    {
      "backtracks": 0,
      "converged": true,
      "dt": 0.01,
      "final_residual_inf": 1.133303520473028e-13,
      "iters": 8,
      "seed": 5
    },
    {
      "backtracks": 0,
      "converged": true,
      "dt": 0.005,
      "final_residual_inf": 2.0776457811122473e-14,
      "iters": 7,
      "seed": 5
    },
    {
      "backtracks": 0,
      "converged": true,
      "dt": 0.0025,
      "final_residual_inf": 1.6175483261854362e-14,
      "iters": 6,
      "seed": 5
    },
    {
      "backtracks": 0,
      "converged": true,
      "dt": 0.00125,
      "final_residual_inf": 5.1582260056186324e-14,
      "iters": 5,
      "seed": 5
    },
    {
      "backtracks": 0,
      "converged": true,
      "dt": 0.02,
      "final_residual_inf": 2.211922051770232e-13,
      "iters": 10,
      "seed": 6
    },
    {
      "backtracks": 0,
      "converged": true,
      "dt": 0.01,
      "final_residual_inf": 1.1106296004398386e-13,
      "iters": 8,
      "seed": 6
    },
    {
      "backtracks": 0,
      "converged": true,
      "dt": 0.005,
      "final_residual_inf": 2.0295668357733776e-14,
      "iters": 7,
      "seed": 6
    },
    {
      "backtracks": 0,
      "converged": true,
      "dt": 0.0025,
      "final_residual_inf": 1.5607686584123703e-14,
      "iters": 6,
      "seed": 6
    },
    {
      "backtracks": 0,
      "converged": true,
      "dt": 0.00125,
      "final_residual_inf": 4.988919704868727e-14,
      "iters": 5,
      "seed": 6
    },
    {
      "backtracks": 0,
      "converged": true,
      "dt": 0.02,
      "final_residual_inf": 1.8450236997924474e-13,
      "iters": 10,
      "seed": 7
    },
    {
      "backtracks": 0,
      "converged": true,
      "dt": 0.01,
      "final_residual_inf": 9.610519845215659e-14,
      "iters": 8,
      "seed": 7
    },
    {
      "backtracks": 0,
      "converged": true,
      "dt": 0.005,
      "final_residual_inf": 9.741067544602466e-13,
      "iters": 6,
      "seed": 7
    },
    {
      "backtracks": 0,
      "converged": true,
      "dt": 0.0025,
      "final_residual_inf": 1.485077794245726e-14,
      "iters": 6,
      "seed": 7
    },
    {
      "backtracks": 0,
      "converged": true,
      "dt": 0.00125,
      "final_residual_inf": 4.92491247436333e-14,
      "iters": 5,
      "seed": 7
    },
    {
      "backtracks": 0,
      "converged": true,
      "dt": 0.02,
      "final_residual_inf": 1.6949907189617308e-13,
      "iters": 10,
      "seed": 8
    },
    {
      "backtracks": 0,
      "converged": true,
      "dt": 0.01,
      "final_residual_inf": 8.700305016359766e-14,
      "iters": 8,
      "seed": 8
    },
    {
      "backtracks": 0,
      "converged": true,
      "dt": 0.005,
      "final_residual_inf": 8.24020186937155e-13,
      "iters": 6,
      "seed": 8
    },
    {
      "backtracks": 0,
      "converged": true,
      "dt": 0.0025,
      "final_residual_inf": 1.2547146481522997e-14,
      "iters": 6,
      "seed": 8
    },
    {
      "backtracks": 0,
      "converged": true,
      "dt": 0.00125,
      "final_residual_inf": 3.982925100842749e-14,
      "iters": 5,
      "seed": 8
    },
    {
      "backtracks": 0,
      "converged": true,
      "dt": 0.02,
      "final_residual_inf": 2.5774738246497897e-13,
      "iters": 10,
      "seed": 9
    },
    {
      "backtracks": 0,
      "converged": true,
      "dt": 0.01,
      "final_residual_inf": 1.306533006784072e-13,
      "iters": 8,
      "seed": 9
    },
    {
      "backtracks": 0,
      "converged": true,
      "dt": 0.005,
      "final_residual_inf": 2.404776681605436e-14,
      "iters": 7,
      "seed": 9
    },
    {
      "backtracks": 0,
      "converged": true,
      "dt": 0.0025,
      "final_residual_inf": 1.857631344755195e-14,
      "iters": 6,
      "seed": 9
    },
    {
      "backtracks": 0,
      "converged": true,
      "dt": 0.00125,
      "final_residual_inf": 5.866434996202458e-14,
      "iters": 5,
      "seed": 9
    }
  ],
  "scheme": "jmj",
  "two_grid_error_inf_med": [
    5.037603016673324e-07,
    6.800704222768156e-08,
    9.814154697685568e-09,
    1.5321550118040095e-09,
    2.625624474783539e-10
  ]
}