{
  "dt": [
    0.01,
    0.005,
    0.0025,
    0.00125,
    0.000625
  ],
  "expected_slope": 2.0,
  "failed": true,
  "figure": "/mnt/ironwolf/git/Void_Unity_Proofs/derivation/code/outputs/figures/metriplectic/failed_runs/20251006_134936_residual_vs_dt_jmj__asymptotics-seed01.png",
  "fit": {
    "R2": 0.9989239338762279,
    "slope": 2.5818776966937462
  },
  "gate": {
    "R2_min": 0.999,
    "slope_min": 2.9
  },
  "scheme": "jmj",
  "trivial_exact": false,
  "two_grid_error_inf_med": [
    1.2587885995715697e-08,
    1.8341646770185863e-09,
    2.897695378458777e-10,
    5.026540793838519e-11,
    9.883805687956049e-12
  ]
}