{
  "bc": "periodic",
  "samples": [
    {
      "dt": 0.02,
      "seed": 0,
      "two_grid_error_inf": 5.035295437827436e-07
    },
    {
      "dt": 0.01,
      "seed": 0,
      "two_grid_error_inf": 6.538730096955492e-08
    },
    {
      "dt": 0.005,
      "seed": 0,
      "two_grid_error_inf": 8.416932512078645e-09
    },
    {
      "dt": 0.0025,
      "seed": 0,
      "two_grid_error_inf": 1.0893420956947786e-09
    },
    {
      "dt": 0.00125,
      "seed": 0,
      "two_grid_error_inf": 1.4250119834136044e-10
    },
    {
      "dt": 0.02,
      "seed": 1,
      "two_grid_error_inf": 4.845484188088778e-07
    },
    {
      "dt": 0.01,
      "seed": 1,
      "two_grid_error_inf": 7.068761919207245e-08
    },
    {
      "dt": 0.005,
      "seed": 1,
      "two_grid_error_inf": 1.0997155333938857e-08
    },
    {
      "dt": 0.0025,
      "seed": 1,
      "two_grid_error_inf": 1.89109076315086e-09
    },
    {
      "dt": 0.00125,
      "seed": 1,
      "two_grid_error_inf": 3.6274904694627574e-10
    },
    {
      "dt": 0.02,
      "seed": 2,
      "two_grid_error_inf": 5.516884206725747e-07
    },
    {
      "dt": 0.01,
      "seed": 2,
      "two_grid_error_inf": 8.792946450120187e-08
    },
    {
      "dt": 0.005,
      "seed": 2,
      "two_grid_error_inf": 1.537018342809282e-08
    },
    {
      "dt": 0.0025,
      "seed": 2,
      "two_grid_error_inf": 2.9920262309413026e-09
    },
    {
      "dt": 0.00125,
      "seed": 2,
      "two_grid_error_inf": 6.389513536320113e-10
    },
    {
      "dt": 0.02,
      "seed": 3,
      "two_grid_error_inf": 4.1930610263085644e-07
    },
    {
      "dt": 0.01,
      "seed": 3,
      "two_grid_error_inf": 5.334931543060639e-08
    },
    {
      "dt": 0.005,
      "seed": 3,
      "two_grid_error_inf": 6.494313448124345e-09
    },
    {
      "dt": 0.0025,
      "seed": 3,
      "two_grid_error_inf": 8.83363306114493e-10
    },
    {
      "dt": 0.00125,
      "seed": 3,
      "two_grid_error_inf": 1.2967428172916406e-10
    },
    {
      "dt": 0.02,
      "seed": 4,
      "two_grid_error_inf": 5.26068093829879e-07
    },
    {
      "dt": 0.01,
      "seed": 4,
      "two_grid_error_inf": 6.751629313267449e-08
    },
    {
      "dt": 0.005,
      "seed": 4,
      "two_grid_error_inf": 8.44280498984995e-09
    },
    {
      "dt": 0.0025,
      "seed": 4,
      "two_grid_error_inf": 1.08583444319299e-09
    },
    {
      "dt": 0.00125,
      "seed": 4,
      "two_grid_error_inf": 1.4414429372333615e-10
    },
    {
      "dt": 0.02,
      "seed": 5,
      "two_grid_error_inf": 5.039910595519212e-07
    },
    {
      "dt": 0.01,
      "seed": 5,
      "two_grid_error_inf": 6.83956060832519e-08
    },
    {
      "dt": 0.005,
      "seed": 5,
      "two_grid_error_inf": 9.529120285380055e-09
    },
    {
      "dt": 0.0025,
      "seed": 5,
      "two_grid_error_inf": 1.412280191230575e-09
    },
    {
      "dt": 0.00125,
      "seed": 5,
      "two_grid_error_inf": 2.2887221284850767e-10
    },
    {
      "dt": 0.02,
      "seed": 6,
      "two_grid_error_inf": 4.757414056033582e-07
    },
    {
      "dt": 0.01,
      "seed": 6,
      "two_grid_error_inf": 6.245599643017741e-08
    },
    {
      "dt": 0.005,
      "seed": 6,
      "two_grid_error_inf": 8.18716922729168e-09
    },
    {
      "dt": 0.0025,
      "seed": 6,
      "two_grid_error_inf": 1.0948155854118014e-09
    },
    {
      "dt": 0.00125,
      "seed": 6,
      "two_grid_error_inf": 1.518124029264989e-10
    },
    {
      "dt": 0.02,
      "seed": 7,
      "two_grid_error_inf": 5.345412575283315e-07
    },
    {
      "dt": 0.01,
      "seed": 7,
      "two_grid_error_inf": 7.444952516977299e-08
    },
    {
      "dt": 0.005,
      "seed": 7,
      "two_grid_error_inf": 1.0805751952946974e-08
    },
    {
      "dt": 0.0025,
      "seed": 7,
      "two_grid_error_inf": 1.698696357188556e-09
    },
    {
      "dt": 0.00125,
      "seed": 7,
      "two_grid_error_inf": 2.962526821082001e-10
    },
    {
      "dt": 0.02,
      "seed": 8,
      "two_grid_error_inf": 5.084605553887234e-07
    },
    {
      "dt": 0.01,
      "seed": 8,
      "two_grid_error_inf": 8.208412468138637e-08
    },
    {
      "dt": 0.005,
      "seed": 8,
      "two_grid_error_inf": 1.4651382719901851e-08
    },
    {
      "dt": 0.0025,
      "seed": 8,
      "two_grid_error_inf": 2.913300004014907e-09
    },
    {
      "dt": 0.00125,
      "seed": 8,
      "two_grid_error_inf": 6.325898693759768e-10
    },
    {
      "dt": 0.02,
      "seed": 9,
      "two_grid_error_inf": 4.860689725161293e-07
    },
    {
      "dt": 0.01,
      "seed": 9,
      "two_grid_error_inf": 6.761847837211121e-08
    },
    {
      "dt": 0.005,
      "seed": 9,
      "two_grid_error_inf": 1.009918910999108e-08
    },
    {
      "dt": 0.0025,
      "seed": 9,
      "two_grid_error_inf": 1.652029832377444e-09
    },
    {
      "dt": 0.00125,
      "seed": 9,
      "two_grid_error_inf": 3.012639374078141e-10
    }
  ],
  "scheme": "jmj"
}