{
  "pass_rate": 0.0,
  "passed": false,
  "results": [
    {
      "R2": 0.9993816206930906,
      "lyapunov_log": {
        "failed": false,
        "figure": "/mnt/ironwolf/git/Void_Unity_Proofs/derivation/code/outputs/figures/metriplectic/20251006_100842_lyapunov_delta_per_step_jmj.png",
        "series": [
          {
            "L": 0.03136332945401524,
            "delta_L": -0.0003457577128505099,
            "step": 1
          },
          {
            "L": 0.031020254441613555,
            "delta_L": -0.0003430750124016821,
            "step": 2
          },
          {
            "L": 0.030679839895329596,
            "delta_L": -0.00034041454628395973,
            "step": 3
          },
          {
            "L": 0.030342063769573026,
            "delta_L": -0.0003377761257565698,
            "step": 4
          },
          {
            "L": 0.030006904205863834,
            "delta_L": -0.000335159563709192,
            "step": 5
          },
          {
            "L": 0.02967433953121621,
            "delta_L": -0.00033256467464762296,
            "step": 6
          },
          {
            "L": 0.029344348256536573,
            "delta_L": -0.0003299912746796384,
            "step": 7
          },
          {
            "L": 0.029016909075035534,
            "delta_L": -0.0003274391815010387,
            "step": 8
          },
          {
            "L": 0.028692000860653842,
            "delta_L": -0.0003249082143816917,
            "step": 9
          },
          {
            "L": 0.028369602666502052,
            "delta_L": -0.0003223981941517899,
            "step": 10
          },
          {
            "L": 0.02804969372331388,
            "delta_L": -0.0003199089431881706,
            "step": 11
          },
          {
            "L": 0.02773225343791303,
            "delta_L": -0.00031744028540085095,
            "step": 12
          },
          {
            "L": 0.027417261391693495,
            "delta_L": -0.0003149920462195352,
            "step": 13
          },
          {
            "L": 0.027104697339113075,
            "delta_L": -0.00031256405258042047,
            "step": 14
          },
          {
            "L": 0.026794541206200145,
            "delta_L": -0.0003101561329129296,
            "step": 15
          },
          {
            "L": 0.026486773089073413,
            "delta_L": -0.00030776811712673185,
            "step": 16
          },
          {
            "L": 0.02618137325247465,
            "delta_L": -0.0003053998365987638,
            "step": 17
          },
          {
            "L": 0.025878322128314292,
            "delta_L": -0.0003030511241603577,
            "step": 18
          },
          {
            "L": 0.02557760031422965,
            "delta_L": -0.0003007218140846403,
            "step": 19
          },
          {
            "L": 0.025279188572155796,
            "delta_L": -0.00029841174207385565,
            "step": 20
          }
        ],
        "tol_pos": 1e-12,
        "violations": 0
      },
      "lyapunov_violations": 0,
      "pass": false,
      "slope": 2.728377223444392,
      "tuple": {
        "D": 1.0,
        "N": 256,
        "r": 0.2,
        "u": 0.25
      },
      "two_grid_log": {
        "dt": [
          0.02,
          0.01,
          0.005,
          0.0025,
          0.00125
        ],
        "expected_slope": 2.0,
        "failed": true,
        "figure": "/mnt/ironwolf/git/Void_Unity_Proofs/derivation/code/outputs/figures/metriplectic/failed_runs/20251006_100841_residual_vs_dt_jmj.png",
        "fit": {
          "R2": 0.9993816206930906,
          "slope": 2.728377223444392
        },
        "gate": {
          "R2_min": 0.999,
          "slope_min": 2.9
        },
        "scheme": "jmj",
        "trivial_exact": false,
        "two_grid_error_inf_med": [
          5.037603016673324e-07,
          6.800704222768156e-08,
          9.814154697685568e-09,
          1.5321550118040095e-09,
          2.625624474783539e-10
        ]
      }
    },
    {
      "R2": 0.9988913896505622,
      "lyapunov_log": {
        "failed": false,
        "figure": "/mnt/ironwolf/git/Void_Unity_Proofs/derivation/code/outputs/figures/metriplectic/20251006_100843_lyapunov_delta_per_step_jmj.png",
        "series": [
          {
            "L": 0.015954735716018506,
            "delta_L": -8.695912484192603e-05,
            "step": 1
          },
          {
            "L": 0.015868115683106046,
            "delta_L": -8.662003291246001e-05,
            "step": 2
          },
          {
            "L": 0.015781833331181133,
            "delta_L": -8.628235192491285e-05,
            "step": 3
          },
          {
            "L": 0.015695887255316655,
            "delta_L": -8.594607586447783e-05,
            "step": 4
          },
          {
            "L": 0.015610276056574187,
            "delta_L": -8.561119874246799e-05,
            "step": 5
          },
          {
            "L": 0.015524998341978052,
            "delta_L": -8.527771459613566e-05,
            "step": 6
          },
          {
            "L": 0.015440052724489416,
            "delta_L": -8.494561748863608e-05,
            "step": 7
          },
          {
            "L": 0.015355437822980586,
            "delta_L": -8.461490150882961e-05,
            "step": 8
          },
          {
            "L": 0.015271152262209323,
            "delta_L": -8.428556077126267e-05,
            "step": 9
          },
          {
            "L": 0.01518719467279334,
            "delta_L": -8.395758941598386e-05,
            "step": 10
          },
          {
            "L": 0.01510356369118489,
            "delta_L": -8.363098160845024e-05,
            "step": 11
          },
          {
            "L": 0.015020257959645457,
            "delta_L": -8.330573153943199e-05,
            "step": 12
          },
          {
            "L": 0.014937276126220572,
            "delta_L": -8.298183342488573e-05,
            "step": 13
          },
          {
            "L": 0.014854616844714712,
            "delta_L": -8.26592815058591e-05,
            "step": 14
          },
          {
            "L": 0.01477227877466637,
            "delta_L": -8.233807004834164e-05,
            "step": 15
          },
          {
            "L": 0.014690260581323165,
            "delta_L": -8.20181933432057e-05,
            "step": 16
          },
          {
            "L": 0.014608560935617087,
            "delta_L": -8.16996457060782e-05,
            "step": 17
          },
          {
            "L": 0.014527178514139878,
            "delta_L": -8.138242147720867e-05,
            "step": 18
          },
          {
            "L": 0.014446111999118475,
            "delta_L": -8.106651502140343e-05,
            "step": 19
          },
          {
            "L": 0.0143653600783906,
            "delta_L": -8.075192072787458e-05,
            "step": 20
          }
        ],
        "tol_pos": 1e-12,
        "violations": 0
      },
      "lyapunov_violations": 0,
      "pass": false,
      "slope": 2.318715995424784,
      "tuple": {
        "D": 0.5,
        "N": 256,
        "r": 0.1,
        "u": 0.2
      },
      "two_grid_log": {
        "dt": [
          0.02,
          0.01,
          0.005,
          0.0025,
          0.00125
        ],
        "expected_slope": 2.0,
        "failed": true,
        "figure": "/mnt/ironwolf/git/Void_Unity_Proofs/derivation/code/outputs/figures/metriplectic/failed_runs/20251006_100842_residual_vs_dt_jmj.png",
        "fit": {
          "R2": 0.9988913896505622,
          "slope": 2.318715995424784
        },
        "gate": {
          "R2_min": 0.999,
          "slope_min": 2.9
        },
        "scheme": "jmj",
        "trivial_exact": false,
        "two_grid_error_inf_med": [
          9.575282593514076e-08,
          1.671529491990148e-08,
          3.2014116470649445e-09,
          6.752037466466188e-10,
          1.5416147958885462e-10
        ]
      }
    },
    {
      "R2": 0.9993485898227821,
      "lyapunov_log": {
        "failed": false,
        "figure": "/mnt/ironwolf/git/Void_Unity_Proofs/derivation/code/outputs/figures/metriplectic/20251006_100844_lyapunov_delta_per_step_jmj.png",
        "series": [
          {
            "L": 0.021284414612120654,
            "delta_L": -0.0003323975330036602,
            "step": 1
          },
          {
            "L": 0.020954446864197254,
            "delta_L": -0.00032996774792340075,
            "step": 2
          },
          {
            "L": 0.020626889212708555,
            "delta_L": -0.00032755765148869895,
            "step": 3
          },
          {
            "L": 0.020301722131670374,
            "delta_L": -0.00032516708103818084,
            "step": 4
          },
          {
            "L": 0.019978926256391798,
            "delta_L": -0.00032279587527857603,
            "step": 5
          },
          {
            "L": 0.019658482382118734,
            "delta_L": -0.0003204438742730638,
            "step": 6
          },
          {
            "L": 0.019340371462688973,
            "delta_L": -0.0003181109194297614,
            "step": 7
          },
          {
            "L": 0.01902457460919877,
            "delta_L": -0.00031579685349020226,
            "step": 8
          },
          {
            "L": 0.018711073088680724,
            "delta_L": -0.0003135015205180461,
            "step": 9
          },
          {
            "L": 0.018399848322792983,
            "delta_L": -0.00031122476588774095,
            "step": 10
          },
          {
            "L": 0.01809088188651955,
            "delta_L": -0.00030896643627343484,
            "step": 11
          },
          {
            "L": 0.017784155506881748,
            "delta_L": -0.0003067263796378006,
            "step": 12
          },
          {
            "L": 0.01747965106166048,
            "delta_L": -0.0003045044452212667,
            "step": 13
          },
          {
            "L": 0.01717735057812964,
            "delta_L": -0.00030230048353084224,
            "step": 14
          },
          {
            "L": 0.01687723623180003,
            "delta_L": -0.000300114346329608,
            "step": 15
          },
          {
            "L": 0.016579290345174164,
            "delta_L": -0.0002979458866258673,
            "step": 16
          },
          {
            "L": 0.01628349538651159,
            "delta_L": -0.00029579495866257494,
            "step": 17
          },
          {
            "L": 0.015989833968604712,
            "delta_L": -0.0002936614179068764,
            "step": 18
          },
          {
            "L": 0.015698288847565113,
            "delta_L": -0.0002915451210395992,
            "step": 19
          },
          {
            "L": 0.015408842921620088,
            "delta_L": -0.0002894459259450248,
            "step": 20
          }
        ],
        "tol_pos": 1e-12,
        "violations": 0
      },
      "lyapunov_violations": 0,
      "pass": false,
      "slope": 2.7138520145626566,
      "tuple": {
        "D": 1.0,
        "N": 256,
        "r": 0.3,
        "u": 0.25
      },
      "two_grid_log": {
        "dt": [
          0.02,
          0.01,
          0.005,
          0.0025,
          0.00125
        ],
        "expected_slope": 2.0,
        "failed": true,
        "figure": "/mnt/ironwolf/git/Void_Unity_Proofs/derivation/code/outputs/figures/metriplectic/failed_runs/20251006_100843_residual_vs_dt_jmj.png",
        "fit": {
          "R2": 0.9993485898227821,
          "slope": 2.7138520145626566
        },
        "gate": {
          "R2_min": 0.999,
          "slope_min": 2.9
        },
        "scheme": "jmj",
        "trivial_exact": false,
        "two_grid_error_inf_med": [
          4.651470059827481e-07,
          6.32668457644682e-08,
          9.208104461214117e-09,
          1.4555328951663948e-09,
          2.522975352942103e-10
        ]
      }
    },
    {
      "R2": 0.9993790259522376,
      "lyapunov_log": {
        "failed": false,
        "figure": "/mnt/ironwolf/git/Void_Unity_Proofs/derivation/code/outputs/figures/metriplectic/20251006_100845_lyapunov_delta_per_step_jmj.png",
        "series": [
          {
            "L": 0.03148762987637745,
            "delta_L": -0.0003462247954400047,
            "step": 1
          },
          {
            "L": 0.03114409402924772,
            "delta_L": -0.0003435358471297334,
            "step": 2
          },
          {
            "L": 0.030803224831534064,
            "delta_L": -0.00034086919771365506,
            "step": 3
          },
          {
            "L": 0.030465000173746773,
            "delta_L": -0.00033822465778729147,
            "step": 4
          },
          {
            "L": 0.030129398134163474,
            "delta_L": -0.00033560203958329926,
            "step": 5
          },
          {
            "L": 0.029796396977206447,
            "delta_L": -0.00033300115695702667,
            "step": 6
          },
          {
            "L": 0.029465975151833905,
            "delta_L": -0.00033042182537254203,
            "step": 7
          },
          {
            "L": 0.029138111289945538,
            "delta_L": -0.0003278638618883674,
            "step": 8
          },
          {
            "L": 0.02881278420480196,
            "delta_L": -0.00032532708514357647,
            "step": 9
          },
          {
            "L": 0.028489972889458003,
            "delta_L": -0.0003228113153439585,
            "step": 10
          },
          {
            "L": 0.028169656515209685,
            "delta_L": -0.0003203163742483174,
            "step": 11
          },
          {
            "L": 0.02785181443005487,
            "delta_L": -0.00031784208515481596,
            "step": 12
          },
          {
            "L": 0.02753642615716723,
            "delta_L": -0.00031538827288763935,
            "step": 13
          },
          {
            "L": 0.027223471393383766,
            "delta_L": -0.00031295476378346426,
            "step": 14
          },
          {
            "L": 0.02691293000770537,
            "delta_L": -0.00031054138567839645,
            "step": 15
          },
          {
            "L": 0.026604782039810655,
            "delta_L": -0.00030814796789471396,
            "step": 16
          },
          {
            "L": 0.026299007698582705,
            "delta_L": -0.0003057743412279504,
            "step": 17
          },
          {
            "L": 0.025995587360648706,
            "delta_L": -0.0003034203379339989,
            "step": 18
          },
          {
            "L": 0.025694501568932417,
            "delta_L": -0.0003010857917162893,
            "step": 19
          },
          {
            "L": 0.02539573103121924,
            "delta_L": -0.00029877053771317635,
            "step": 20
          }
        ],
        "tol_pos": 1e-12,
        "violations": 0
      },
      "lyapunov_violations": 0,
      "pass": false,
      "slope": 2.728677955667302,
      "tuple": {
        "D": 1.0,
        "N": 256,
        "r": 0.2,
        "u": 0.3
      },
      "two_grid_log": {
        "dt": [
          0.02,
          0.01,
          0.005,
          0.0025,
          0.00125
        ],
        "expected_slope": 2.0,
        "failed": true,
        "figure": "/mnt/ironwolf/git/Void_Unity_Proofs/derivation/code/outputs/figures/metriplectic/failed_runs/20251006_100844_residual_vs_dt_jmj.png",
        "fit": {
          "R2": 0.9993790259522376,
          "slope": 2.728677955667302
        },
        "gate": {
          "R2_min": 0.999,
          "slope_min": 2.9
        },
        "scheme": "jmj",
        "trivial_exact": false,
        "two_grid_error_inf_med": [
          5.046935842322776e-07,
          6.809388932230154e-08,
          9.825230391866807e-09,
          1.5335535445692994e-09,
          2.628226659744104e-10
        ]
      }
    }
  ]
}