{
  "dt": [
    0.02,
    0.01,
    0.005,
    0.0025,
    0.00125
  ],
  "expected_slope": 2.0,
  "failed": true,
  "figure": "/mnt/ironwolf/git/Void_Unity_Proofs/derivation/code/outputs/figures/metriplectic/failed_runs/20251006_135018_residual_vs_dt_jmj__spectralDG.png",
  "fit": {
    "R2": 0.9991506810051156,
    "slope": 2.5929300924153837
  },
  "gate": {
    "R2_min": 0.999,
    "slope_min": 2.9
  },
  "scheme": "jmj",
  "trivial_exact": false,
  "two_grid_error_inf_med": [
    5.967176657482864e-07,
    9.164241770043963e-08,
    1.3869976417607913e-08,
    2.3848619819417938e-09,
    4.627398130473137e-10
  ]
}