{
  "dt": [
    0.02,
    0.01,
    0.005,
    0.0025,
    0.00125
  ],
  "expected_slope": 2.0,
  "failed": true,
  "figure": "/mnt/ironwolf/git/Void_Unity_Proofs/derivation/code/outputs/figures/metriplectic/failed_runs/20251006_135017_residual_vs_dt_jmj__spectralDG.png",
  "fit": {
    "R2": 0.999929251921266,
    "slope": 2.8504762188568944
  },
  "gate": {
    "R2_min": 0.999,
    "slope_min": 2.9
  },
  "scheme": "jmj",
  "trivial_exact": false,
  "two_grid_error_inf_med": [
    3.9073111836071366e-06,
    5.372951931616882e-07,
    7.273869735398633e-08,
    9.936169456659094e-09,
    1.4722472921769453e-09
  ]
}