{
  "pass_rate": 0.0,
  "passed": false,
  "results": [
    {
      "R2": 0.9999098553697611,
      "lyapunov_log": {
        "failed": false,
        "figure": "/mnt/ironwolf/git/Void_Unity_Proofs/derivation/code/outputs/figures/metriplectic/20251006_095440_lyapunov_delta_per_step_jmj.png",
        "series": [
          {
            "L": 0.0545692345666645,
            "delta_L": -0.002611093891654405,
            "step": 1
          },
          {
            "L": 0.05204104091411881,
            "delta_L": -0.002528193652545689,
            "step": 2
          },
          {
            "L": 0.04959294201467111,
            "delta_L": -0.0024480988994476996,
            "step": 3
          },
          {
            "L": 0.047222229364464935,
            "delta_L": -0.0023707126502061776,
            "step": 4
          },
          {
            "L": 0.04492628804080856,
            "delta_L": -0.0022959413236563753,
            "step": 5
          },
          {
            "L": 0.04270259342166208,
            "delta_L": -0.0022236946191464824,
            "step": 6
          },
          {
            "L": 0.040548708021300395,
            "delta_L": -0.0021538854003616825,
            "step": 7
          },
          {
            "L": 0.038462278438006314,
            "delta_L": -0.0020864295832940805,
            "step": 8
          },
          {
            "L": 0.036441032409796376,
            "delta_L": -0.0020212460282099387,
            "step": 9
          },
          {
            "L": 0.034482775974325586,
            "delta_L": -0.00195825643547079,
            "step": 10
          },
          {
            "L": 0.03258539072925603,
            "delta_L": -0.0018973852450695564,
            "step": 11
          },
          {
            "L": 0.030746831189507103,
            "delta_L": -0.0018385595397489261,
            "step": 12
          },
          {
            "L": 0.02896512223793376,
            "delta_L": -0.0017817089515733443,
            "step": 13
          },
          {
            "L": 0.027238356666103414,
            "delta_L": -0.0017267655718303451,
            "step": 14
          },
          {
            "L": 0.025564692801960984,
            "delta_L": -0.00167366386414243,
            "step": 15
          },
          {
            "L": 0.02394235222128715,
            "delta_L": -0.0016223405806738353,
            "step": 16
          },
          {
            "L": 0.02236961753996561,
            "delta_L": -0.00157273468132154,
            "step": 17
          },
          {
            "L": 0.020844830284182242,
            "delta_L": -0.0015247872557833664,
            "step": 18
          },
          {
            "L": 0.019366388835781904,
            "delta_L": -0.0014784414484003382,
            "step": 19
          },
          {
            "L": 0.01793274645010847,
            "delta_L": -0.001433642385673433,
            "step": 20
          }
        ],
        "tol_pos": 1e-12,
        "violations": 0
      },
      "lyapunov_violations": 0,
      "pass": false,
      "slope": 2.741945831971441,
      "tuple": {
        "D": 1.0,
        "N": 128,
        "r": 0.2,
        "u": 0.25
      },
      "two_grid_log": {
        "dt": [
          0.04,
          0.02,
          0.01,
          0.005
        ],
        "expected_slope": 2.0,
        "failed": false,
        "figure": "/mnt/ironwolf/git/Void_Unity_Proofs/derivation/code/outputs/figures/metriplectic/20251006_095439_residual_vs_dt_jmj.png",
        "fit": {
          "R2": 0.9999098553697611,
          "slope": 2.741945831971441
        },
        "scheme": "jmj",
        "trivial_exact": false,
        "two_grid_error_inf_med": [
          7.483021107292098e-06,
          1.0957291636179423e-06,
          1.5998243511894383e-07,
          2.5191893009146593e-08
        ]
      }
    },
    {
      "R2": 0.999355991085979,
      "lyapunov_log": {
        "failed": false,
        "figure": "/mnt/ironwolf/git/Void_Unity_Proofs/derivation/code/outputs/figures/metriplectic/20251006_095440_lyapunov_delta_per_step_jmj.png",
        "series": [
          {
            "L": 0.02863250326264812,
            "delta_L": -0.0006630595235247415,
            "step": 1
          },
          {
            "L": 0.027980129302311148,
            "delta_L": -0.0006523739603369709,
            "step": 2
          },
          {
            "L": 0.02733825755692232,
            "delta_L": -0.0006418717453888292,
            "step": 3
          },
          {
            "L": 0.02670670789778488,
            "delta_L": -0.0006315496591374377,
            "step": 4
          },
          {
            "L": 0.026085303358340042,
            "delta_L": -0.0006214045394448385,
            "step": 5
          },
          {
            "L": 0.025473870077794558,
            "delta_L": -0.0006114332805454842,
            "step": 6
          },
          {
            "L": 0.024872237245762645,
            "delta_L": -0.0006016328320319134,
            "step": 7
          },
          {
            "L": 0.024280237047903608,
            "delta_L": -0.000592000197859037,
            "step": 8
          },
          {
            "L": 0.02369770461253733,
            "delta_L": -0.0005825324353662779,
            "step": 9
          },
          {
            "L": 0.023124477958219883,
            "delta_L": -0.000573226654317447,
            "step": 10
          },
          {
            "L": 0.022560397942262056,
            "delta_L": -0.0005640800159578269,
            "step": 11
          },
          {
            "L": 0.022005308210173748,
            "delta_L": -0.0005550897320883083,
            "step": 12
          },
          {
            "L": 0.02145905514601731,
            "delta_L": -0.0005462530641564371,
            "step": 13
          },
          {
            "L": 0.02092148782365381,
            "delta_L": -0.0005375673223634997,
            "step": 14
          },
          {
            "L": 0.020392457958865726,
            "delta_L": -0.0005290298647880852,
            "step": 15
          },
          {
            "L": 0.019871819862340503,
            "delta_L": -0.0005206380965252222,
            "step": 16
          },
          {
            "L": 0.019359430393499293,
            "delta_L": -0.0005123894688412109,
            "step": 17
          },
          {
            "L": 0.01885514891515563,
            "delta_L": -0.0005042814783436621,
            "step": 18
          },
          {
            "L": 0.0183588372489892,
            "delta_L": -0.0004963116661664303,
            "step": 19
          },
          {
            "L": 0.017870359631819745,
            "delta_L": -0.0004884776171694555,
            "step": 20
          }
        ],
        "tol_pos": 1e-12,
        "violations": 0
      },
      "lyapunov_violations": 0,
      "pass": false,
      "slope": 2.321463630397098,
      "tuple": {
        "D": 0.5,
        "N": 128,
        "r": 0.1,
        "u": 0.2
      },
      "two_grid_log": {
        "dt": [
          0.04,
          0.02,
          0.01,
          0.005
        ],
        "expected_slope": 2.0,
        "failed": false,
        "figure": "/mnt/ironwolf/git/Void_Unity_Proofs/derivation/code/outputs/figures/metriplectic/20251006_095440_residual_vs_dt_jmj.png",
        "fit": {
          "R2": 0.999355991085979,
          "slope": 2.321463630397098
        },
        "scheme": "jmj",
        "trivial_exact": false,
        "two_grid_error_inf_med": [
          1.5374480016906722e-06,
          2.800106314090195e-07,
          5.624278273663741e-08,
          1.2295203501155871e-08
        ]
      }
    },
    {
      "R2": 0.9999835757739056,
      "lyapunov_log": {
        "failed": false,
        "figure": "/mnt/ironwolf/git/Void_Unity_Proofs/derivation/code/outputs/figures/metriplectic/20251006_095441_lyapunov_delta_per_step_jmj.png",
        "series": [
          {
            "L": 0.0836726363413213,
            "delta_L": -0.00528996233821008,
            "step": 1
          },
          {
            "L": 0.07853627001663849,
            "delta_L": -0.005136366324682812,
            "step": 2
          },
          {
            "L": 0.07354857298984291,
            "delta_L": -0.004987697026795579,
            "step": 3
          },
          {
            "L": 0.06870477969435812,
            "delta_L": -0.004843793295484788,
            "step": 4
          },
          {
            "L": 0.06400028034787736,
            "delta_L": -0.004704499346480762,
            "step": 5
          },
          {
            "L": 0.059430615768492345,
            "delta_L": -0.004569664579385013,
            "step": 6
          },
          {
            "L": 0.05499147236558205,
            "delta_L": -0.004439143402910295,
            "step": 7
          },
          {
            "L": 0.05067867729950749,
            "delta_L": -0.004312795066074564,
            "step": 8
          },
          {
            "L": 0.046488193804365106,
            "delta_L": -0.00419048349514238,
            "step": 9
          },
          {
            "L": 0.04241611666824814,
            "delta_L": -0.004072077136116965,
            "step": 10
          },
          {
            "L": 0.03845866786565556,
            "delta_L": -0.003957448802592578,
            "step": 11
          },
          {
            "L": 0.03461219233687242,
            "delta_L": -0.0038464755287831442,
            "step": 12
          },
          {
            "L": 0.030873153909323575,
            "delta_L": -0.0037390384275488436,
            "step": 13
          },
          {
            "L": 0.027238131356072934,
            "delta_L": -0.0036350225532506414,
            "step": 14
          },
          {
            "L": 0.023703814586807474,
            "delta_L": -0.0035343167692654595,
            "step": 15
          },
          {
            "L": 0.02026700096680376,
            "delta_L": -0.0034368136200037154,
            "step": 16
          },
          {
            "L": 0.0169245917595303,
            "delta_L": -0.00334240920727346,
            "step": 17
          },
          {
            "L": 0.013673588688686653,
            "delta_L": -0.0032510030708436458,
            "step": 18
          },
          {
            "L": 0.010511090615625114,
            "delta_L": -0.003162498073061539,
            "step": 19
          },
          {
            "L": 0.007434290328239352,
            "delta_L": -0.003076800287385762,
            "step": 20
          }
        ],
        "tol_pos": 1e-12,
        "violations": 0
      },
      "lyapunov_violations": 0,
      "pass": false,
      "slope": 2.88867364734004,
      "tuple": {
        "D": 1.0,
        "N": 256,
        "r": 0.3,
        "u": 0.25
      },
      "two_grid_log": {
        "dt": [
          0.04,
          0.02,
          0.01,
          0.005
        ],
        "expected_slope": 2.0,
        "failed": false,
        "figure": "/mnt/ironwolf/git/Void_Unity_Proofs/derivation/code/outputs/figures/metriplectic/20251006_095441_residual_vs_dt_jmj.png",
        "fit": {
          "R2": 0.9999835757739056,
          "slope": 2.88867364734004
        },
        "scheme": "jmj",
        "trivial_exact": false,
        "two_grid_error_inf_med": [
          6.833170694462397e-06,
          9.391191695485093e-07,
          1.2689515849640537e-07,
          1.681858426832994e-08
        ]
      }
    }
  ]
}