{
  "pass_rate": 0.3333333333333333,
  "passed": false,
  "results": [
    {
      "R2": 0.999929251921266,
      "lyapunov_log": {
        "failed": false,
        "figure": "/mnt/ironwolf/git/Void_Unity_Proofs/derivation/code/outputs/figures/metriplectic/20251006_135017_lyapunov_delta_per_step_jmj__spectralDG.png",
        "series": [
          {
            "L": 0.013692531999023233,
            "delta_L": -0.00030863405013424085,
            "step": 1
          },
          {
            "L": 0.013389175085199923,
            "delta_L": -0.00030335691382330984,
            "step": 2
          },
          {
            "L": 0.013090995325643102,
            "delta_L": -0.00029817975955682106,
            "step": 3
          },
          {
            "L": 0.01279789473242569,
            "delta_L": -0.00029310059321741196,
            "step": 4
          },
          {
            "L": 0.012509777270596049,
            "delta_L": -0.00028811746182964143,
            "step": 5
          },
          {
            "L": 0.012226548817905383,
            "delta_L": -0.00028322845269066615,
            "step": 6
          },
          {
            "L": 0.0119481171253858,
            "delta_L": -0.00027843169251958247,
            "step": 7
          },
          {
            "L": 0.01167439177876074,
            "delta_L": -0.00027372534662506096,
            "step": 8
          },
          {
            "L": 0.011405284160669892,
            "delta_L": -0.00026910761809084693,
            "step": 9
          },
          {
            "L": 0.011140707413691081,
            "delta_L": -0.00026457674697881114,
            "step": 10
          },
          {
            "L": 0.010880576404141994,
            "delta_L": -0.00026013100954908747,
            "step": 11
          },
          {
            "L": 0.010624807686645038,
            "delta_L": -0.0002557687174969559,
            "step": 12
          },
          {
            "L": 0.010373319469438928,
            "delta_L": -0.0002514882172061101,
            "step": 13
          },
          {
            "L": 0.010126031580420945,
            "delta_L": -0.00024728788901798304,
            "step": 14
          },
          {
            "L": 0.009882865433904257,
            "delta_L": -0.0002431661465166872,
            "step": 15
          },
          {
            "L": 0.009643743998074893,
            "delta_L": -0.00023912143582936404,
            "step": 16
          },
          {
            "L": 0.009408591763133432,
            "delta_L": -0.000235152234941461,
            "step": 17
          },
          {
            "L": 0.009177334710106688,
            "delta_L": -0.0002312570530267448,
            "step": 18
          },
          {
            "L": 0.008949900280315013,
            "delta_L": -0.0002274344297916748,
            "step": 19
          },
          {
            "L": 0.008726217345481267,
            "delta_L": -0.00022368293483374622,
            "step": 20
          }
        ],
        "tol_pos": 1e-12,
        "violations": 0
      },
      "lyapunov_violations": 0,
      "pass": false,
      "slope": 2.8504762188568944,
      "tuple": {
        "D": 1.0,
        "N": 128,
        "r": 0.2,
        "u": 0.25
      },
      "two_grid_log": {
        "dt": [
          0.02,
          0.01,
          0.005,
          0.0025,
          0.00125
        ],
        "expected_slope": 2.0,
        "failed": true,
        "figure": "/mnt/ironwolf/git/Void_Unity_Proofs/derivation/code/outputs/figures/metriplectic/failed_runs/20251006_135017_residual_vs_dt_jmj__spectralDG.png",
        "fit": {
          "R2": 0.999929251921266,
          "slope": 2.8504762188568944
        },
        "gate": {
          "R2_min": 0.999,
          "slope_min": 2.9
        },
        "scheme": "jmj",
        "trivial_exact": false,
        "two_grid_error_inf_med": [
          3.9073111836071366e-06,
          5.372951931616882e-07,
          7.273869735398633e-08,
          9.936169456659094e-09,
          1.4722472921769453e-09
        ]
      }
    },
    {
      "R2": 0.9991506810051156,
      "lyapunov_log": {
        "failed": false,
        "figure": "/mnt/ironwolf/git/Void_Unity_Proofs/derivation/code/outputs/figures/metriplectic/20251006_135018_lyapunov_delta_per_step_jmj__spectralDG.png",
        "series": [
          {
            "L": 0.0070110348070367475,
            "delta_L": -7.772303716866574e-05,
            "step": 1
          },
          {
            "L": 0.006933980513877763,
            "delta_L": -7.705429315898495e-05,
            "step": 2
          },
          {
            "L": 0.0068575885899248,
            "delta_L": -7.639192395296219e-05,
            "step": 3
          },
          {
            "L": 0.006781852724362564,
            "delta_L": -7.573586556223599e-05,
            "step": 4
          },
          {
            "L": 0.0067067666696996086,
            "delta_L": -7.508605466295584e-05,
            "step": 5
          },
          {
            "L": 0.006632324241110902,
            "delta_L": -7.444242858870628e-05,
            "step": 6
          },
          {
            "L": 0.006558519315787348,
            "delta_L": -7.380492532355412e-05,
            "step": 7
          },
          {
            "L": 0.006485345832292287,
            "delta_L": -7.317348349506099e-05,
            "step": 8
          },
          {
            "L": 0.006412797789924764,
            "delta_L": -7.254804236752309e-05,
            "step": 9
          },
          {
            "L": 0.0063408692480896225,
            "delta_L": -7.192854183514161e-05,
            "step": 10
          },
          {
            "L": 0.0062695543256742585,
            "delta_L": -7.131492241536398e-05,
            "step": 11
          },
          {
            "L": 0.006198847200432026,
            "delta_L": -7.07071252422321e-05,
            "step": 12
          },
          {
            "L": 0.006128742108372149,
            "delta_L": -7.010509205987708e-05,
            "step": 13
          },
          {
            "L": 0.006059233343156159,
            "delta_L": -6.950876521599064e-05,
            "step": 14
          },
          {
            "L": 0.005990315255500708,
            "delta_L": -6.891808765545088e-05,
            "step": 15
          },
          {
            "L": 0.005921982252586743,
            "delta_L": -6.833300291396449e-05,
            "step": 16
          },
          {
            "L": 0.0058542287974749415,
            "delta_L": -6.77534551118018e-05,
            "step": 17
          },
          {
            "L": 0.005787049408527348,
            "delta_L": -6.717938894759343e-05,
            "step": 18
          },
          {
            "L": 0.00572043865883516,
            "delta_L": -6.661074969218847e-05,
            "step": 19
          },
          {
            "L": 0.005654391175652559,
            "delta_L": -6.604748318260033e-05,
            "step": 20
          }
        ],
        "tol_pos": 1e-12,
        "violations": 0
      },
      "lyapunov_violations": 0,
      "pass": false,
      "slope": 2.5929300924153837,
      "tuple": {
        "D": 0.5,
        "N": 128,
        "r": 0.1,
        "u": 0.2
      },
      "two_grid_log": {
        "dt": [
          0.02,
          0.01,
          0.005,
          0.0025,
          0.00125
        ],
        "expected_slope": 2.0,
        "failed": true,
        "figure": "/mnt/ironwolf/git/Void_Unity_Proofs/derivation/code/outputs/figures/metriplectic/failed_runs/20251006_135018_residual_vs_dt_jmj__spectralDG.png",
        "fit": {
          "R2": 0.9991506810051156,
          "slope": 2.5929300924153837
        },
        "gate": {
          "R2_min": 0.999,
          "slope_min": 2.9
        },
        "scheme": "jmj",
        "trivial_exact": false,
        "two_grid_error_inf_med": [
          5.967176657482864e-07,
          9.164241770043963e-08,
          1.3869976417607913e-08,
          2.3848619819417938e-09,
          4.627398130473137e-10
        ]
      }
    },
    {
      "R2": 0.9999714225284287,
      "lyapunov_log": {
        "failed": false,
        "figure": "/mnt/ironwolf/git/Void_Unity_Proofs/derivation/code/outputs/figures/metriplectic/20251006_135019_lyapunov_delta_per_step_jmj__spectralDG.png",
        "series": [
          {
            "L": 0.02101914365702863,
            "delta_L": -0.0005976684880956845,
            "step": 1
          },
          {
            "L": 0.020430682662703835,
            "delta_L": -0.0005884609943247951,
            "step": 2
          },
          {
            "L": 0.019851266528689182,
            "delta_L": -0.0005794161340146528,
            "step": 3
          },
          {
            "L": 0.01928073569012736,
            "delta_L": -0.0005705308385618238,
            "step": 4
          },
          {
            "L": 0.018718933590165385,
            "delta_L": -0.0005618020999619729,
            "step": 5
          },
          {
            "L": 0.01816570662059061,
            "delta_L": -0.000553226969574775,
            "step": 6
          },
          {
            "L": 0.01762090406367616,
            "delta_L": -0.0005448025569144491,
            "step": 7
          },
          {
            "L": 0.017084378035210623,
            "delta_L": -0.0005365260284655379,
            "step": 8
          },
          {
            "L": 0.016555983428687367,
            "delta_L": -0.0005283946065232567,
            "step": 9
          },
          {
            "L": 0.016035577860629133,
            "delta_L": -0.000520405568058234,
            "step": 10
          },
          {
            "L": 0.015523021617024506,
            "delta_L": -0.0005125562436046269,
            "step": 11
          },
          {
            "L": 0.01501817760085308,
            "delta_L": -0.0005048440161714261,
            "step": 12
          },
          {
            "L": 0.014520911280676474,
            "delta_L": -0.0004972663201766054,
            "step": 13
          },
          {
            "L": 0.014031090640273313,
            "delta_L": -0.0004898206404031612,
            "step": 14
          },
          {
            "L": 0.013548586129296268,
            "delta_L": -0.0004825045109770453,
            "step": 15
          },
          {
            "L": 0.013073270614930032,
            "delta_L": -0.00047531551436623583,
            "step": 16
          },
          {
            "L": 0.012605019334529347,
            "delta_L": -0.0004682512804006847,
            "step": 17
          },
          {
            "L": 0.012143709849216863,
            "delta_L": -0.00046130948531248467,
            "step": 18
          },
          {
            "L": 0.011689221998420752,
            "delta_L": -0.0004544878507961106,
            "step": 19
          },
          {
            "L": 0.011241437855332694,
            "delta_L": -0.00044778414308805845,
            "step": 20
          }
        ],
        "tol_pos": 1e-12,
        "violations": 0
      },
      "lyapunov_violations": 0,
      "pass": true,
      "slope": 2.9366572223180984,
      "tuple": {
        "D": 1.0,
        "N": 256,
        "r": 0.3,
        "u": 0.25
      },
      "two_grid_log": {
        "dt": [
          0.02,
          0.01,
          0.005,
          0.0025,
          0.00125
        ],
        "expected_slope": 2.0,
        "failed": false,
        "figure": "/mnt/ironwolf/git/Void_Unity_Proofs/derivation/code/outputs/figures/metriplectic/20251006_135018_residual_vs_dt_jmj__spectralDG.png",
        "fit": {
          "R2": 0.9999714225284287,
          "slope": 2.9366572223180984
        },
        "gate": {
          "R2_min": 0.999,
          "slope_min": 2.9
        },
        "scheme": "jmj",
        "trivial_exact": false,
        "two_grid_error_inf_med": [
          4.228810907798159e-06,
          5.723491340930628e-07,
          7.486521684703373e-08,
          9.664440741609381e-09,
          1.2369463483000165e-09
        ]
      }
    }
  ]
}