{
  "bc": "periodic",
  "samples": [
    {
      "dt": 0.02,
      "seed": 0,
      "two_grid_error_inf": 4.589843102453459e-06
    },
    {
      "dt": 0.01,
      "seed": 0,
      "two_grid_error_inf": 6.249956837857049e-07
    },
    {
      "dt": 0.005,
      "seed": 0,
      "two_grid_error_inf": 8.272886417668573e-08
    },
    {
      "dt": 0.0025,
      "seed": 0,
      "two_grid_error_inf": 1.0928362702191524e-08
    },
    {
      "dt": 0.00125,
      "seed": 0,
      "two_grid_error_inf": 1.4747611860009557e-09
    },
    {
      "dt": 0.02,
      "seed": 1,
      "two_grid_error_inf": 4.584198463341432e-06
    },
    {
      "dt": 0.01,
      "seed": 1,
      "two_grid_error_inf": 6.391187558733857e-07
    },
    {
      "dt": 0.005,
      "seed": 1,
      "two_grid_error_inf": 8.782831536959662e-08
    },
    {
      "dt": 0.0025,
      "seed": 1,
      "two_grid_error_inf": 1.237120244787504e-08
    },
    {
      "dt": 0.00125,
      "seed": 1,
      "two_grid_error_inf": 1.8546338336616897e-09
    },
    {
      "dt": 0.02,
      "seed": 2,
      "two_grid_error_inf": 2.428381416244574e-06
    },
    {
      "dt": 0.01,
      "seed": 2,
      "two_grid_error_inf": 3.3467939558953774e-07
    },
    {
      "dt": 0.005,
      "seed": 2,
      "two_grid_error_inf": 4.568333774115918e-08
    },
    {
      "dt": 0.0025,
      "seed": 2,
      "two_grid_error_inf": 6.403691996809124e-09
    },
    {
      "dt": 0.00125,
      "seed": 2,
      "two_grid_error_inf": 9.55406788405444e-10
    },
    {
      "dt": 0.02,
      "seed": 3,
      "two_grid_error_inf": 3.740630212453744e-06
    },
    {
      "dt": 0.01,
      "seed": 3,
      "two_grid_error_inf": 5.221367881877437e-07
    },
    {
      "dt": 0.005,
      "seed": 3,
      "two_grid_error_inf": 7.17229960145449e-08
    },
    {
      "dt": 0.0025,
      "seed": 3,
      "two_grid_error_inf": 1.0084132778809263e-08
    },
    {
      "dt": 0.00125,
      "seed": 3,
      "two_grid_error_inf": 1.5083727114562073e-09
    },
    {
      "dt": 0.02,
      "seed": 4,
      "two_grid_error_inf": 3.983242638872474e-06
    },
    {
      "dt": 0.01,
      "seed": 4,
      "two_grid_error_inf": 5.501579058674044e-07
    },
    {
      "dt": 0.005,
      "seed": 4,
      "two_grid_error_inf": 7.444316982643806e-08
    },
    {
      "dt": 0.0025,
      "seed": 4,
      "two_grid_error_inf": 1.021433755372253e-08
    },
    {
      "dt": 0.00125,
      "seed": 4,
      "two_grid_error_inf": 1.4697333983529348e-09
    },
    {
      "dt": 0.02,
      "seed": 5,
      "two_grid_error_inf": 4.311714196483102e-06
    },
    {
      "dt": 0.01,
      "seed": 5,
      "two_grid_error_inf": 5.763686123745268e-07
    },
    {
      "dt": 0.005,
      "seed": 5,
      "two_grid_error_inf": 7.375439869342776e-08
    },
    {
      "dt": 0.0025,
      "seed": 5,
      "two_grid_error_inf": 9.2695110493618e-09
    },
    {
      "dt": 0.00125,
      "seed": 5,
      "two_grid_error_inf": 1.2381705348507577e-09
    },
    {
      "dt": 0.02,
      "seed": 6,
      "two_grid_error_inf": 4.497594983485231e-06
    },
    {
      "dt": 0.01,
      "seed": 6,
      "two_grid_error_inf": 6.235623959960357e-07
    },
    {
      "dt": 0.005,
      "seed": 6,
      "two_grid_error_inf": 8.531919029608481e-08
    },
    {
      "dt": 0.0025,
      "seed": 6,
      "two_grid_error_inf": 1.1960496822116529e-08
    },
    {
      "dt": 0.00125,
      "seed": 6,
      "two_grid_error_inf": 1.7839867361146844e-09
    },
    {
      "dt": 0.02,
      "seed": 7,
      "two_grid_error_inf": 3.831379728341799e-06
    },
    {
      "dt": 0.01,
      "seed": 7,
      "two_grid_error_inf": 5.244324804559719e-07
    },
    {
      "dt": 0.005,
      "seed": 7,
      "two_grid_error_inf": 7.032997085404391e-08
    },
    {
      "dt": 0.0025,
      "seed": 7,
      "two_grid_error_inf": 9.533275897866123e-09
    },
    {
      "dt": 0.00125,
      "seed": 7,
      "two_grid_error_inf": 1.348576611492902e-09
    },
    {
      "dt": 0.02,
      "seed": 8,
      "two_grid_error_inf": 3.5097221427471403e-06
    },
    {
      "dt": 0.01,
      "seed": 8,
      "two_grid_error_inf": 4.905928788906389e-07
    },
    {
      "dt": 0.005,
      "seed": 8,
      "two_grid_error_inf": 6.811643048915128e-08
    },
    {
      "dt": 0.0025,
      "seed": 8,
      "two_grid_error_inf": 9.788206134508926e-09
    },
    {
      "dt": 0.00125,
      "seed": 8,
      "two_grid_error_inf": 1.5146056006609676e-09
    },
    {
      "dt": 0.02,
      "seed": 9,
      "two_grid_error_inf": 2.9540968031829817e-06
    },
    {
      "dt": 0.01,
      "seed": 9,
      "two_grid_error_inf": 3.9463224739411107e-07
    },
    {
      "dt": 0.005,
      "seed": 9,
      "two_grid_error_inf": 5.057214317108483e-08
    },
    {
      "dt": 0.0025,
      "seed": 9,
      "two_grid_error_inf": 6.49722856418955e-09
    },
    {
      "dt": 0.00125,
      "seed": 9,
      "two_grid_error_inf": 8.592008736429957e-10
    }
  ],
  "scheme": "jmj"
}