{
  "cap_ok": true,
  "dt": 0.000625,
  "fft_roundoff_bound": {
    "epsilon": 2.220446049250313e-16,
    "epsilon_sqrtN": 3.552713678800501e-15,
    "observed_c": 1748.8897705078125,
    "sqrtN": 16.0
  },
  "justification": "FFT round-off observed; strict 1e-12 not met, but <= 1e-10 cap holds.",
  "l2_drifts": {
    "W1_minus_W0": 5.79813974610488e-14,
    "W2_minus_W0": 1.1597667270990542e-13
  },
  "l2_norms": {
    "W0": 0.08840425856917475,
    "W1": 0.08840425856911677,
    "W2": 0.08840425856905877
  },
  "passes": false,
  "passes_strict": false,
  "rev_inf_error": 6.213304610397374e-12,
  "tolerances": {
    "l2_cap": 1e-10,
    "rev_inf_cap": 1e-10,
    "rev_inf_strict": 1e-12
  }
}