{
  "dg_tol": 1e-12,
  "dt": [
    0.02,
    0.01,
    0.005,
    0.0025,
    0.00125
  ],
  "failed": true,
  "figure": "/mnt/ironwolf/git/Void_Unity_Proofs/derivation/code/outputs/figures/metriplectic/failed_runs/20251006_100837_residual_vs_dt_small_jmj.png",
  "fit": {
    "R2": 0.9997401151470448,
    "slope": 2.749800518534313
  },
  "newton_stats": [
    {
      "backtracks": 0,
      "converged": true,
      "dt": 0.02,
      "final_residual_inf": 2.257699235896915e-13,
      "iters": 10,
      "seed": 0
    },
    {
      "backtracks": 0,
      "converged": true,
      "dt": 0.01,
      "final_residual_inf": 1.169016055832528e-13,
      "iters": 8,
      "seed": 0
    },
    {
      "backtracks": 0,
      "converged": true,
      "dt": 0.005,
      "final_residual_inf": 2.17224784167247e-14,
      "iters": 7,
      "seed": 0
    },
    {
      "backtracks": 0,
      "converged": true,
      "dt": 0.0025,
      "final_residual_inf": 1.6899025581662563e-14,
      "iters": 6,
      "seed": 0
    },
    {
      "backtracks": 0,
      "converged": true,
      "dt": 0.00125,
      "final_residual_inf": 5.3546915707892995e-14,
      "iters": 5,
      "seed": 0
    },
    {
      "backtracks": 0,
      "converged": true,
      "dt": 0.02,
      "final_residual_inf": 2.168248219858171e-13,
      "iters": 10,
      "seed": 1
    },
    {
      "backtracks": 0,
      "converged": true,
      "dt": 0.01,
      "final_residual_inf": 1.0967453074189892e-13,
      "iters": 8,
      "seed": 1
    },
    {
      "backtracks": 0,
      "converged": true,
      "dt": 0.005,
      "final_residual_inf": 2.017564717723963e-14,
      "iters": 7,
      "seed": 1
    },
    {
      "backtracks": 0,
      "converged": true,
      "dt": 0.0025,
      "final_residual_inf": 1.5562122987825e-14,
      "iters": 6,
      "seed": 1
    },
    {
      "backtracks": 0,
      "converged": true,
      "dt": 0.00125,
      "final_residual_inf": 4.90018046755622e-14,
      "iters": 5,
      "seed": 1
    },
    {
      "backtracks": 0,
      "converged": true,
      "dt": 0.02,
      "final_residual_inf": 2.270494989936589e-13,
      "iters": 10,
      "seed": 2
    },
    {
      "backtracks": 0,
      "converged": true,
      "dt": 0.01,
      "final_residual_inf": 1.1663792761490432e-13,
      "iters": 8,
      "seed": 2
    },
    {
      "backtracks": 0,
      "converged": true,
      "dt": 0.005,
      "final_residual_inf": 2.1636284344012102e-14,
      "iters": 7,
      "seed": 2
    },
    {
      "backtracks": 0,
      "converged": true,
      "dt": 0.0025,
      "final_residual_inf": 1.6838093419568878e-14,
      "iters": 6,
      "seed": 2
    },
    {
      "backtracks": 0,
      "converged": true,
      "dt": 0.00125,
      "final_residual_inf": 5.34678773695188e-14,
      "iters": 5,
      "seed": 2
    },
    {
      "backtracks": 0,
      "converged": true,
      "dt": 0.02,
      "final_residual_inf": 2.6538363520622887e-13,
      "iters": 10,
      "seed": 3
    },
    {
      "backtracks": 0,
      "converged": true,
      "dt": 0.01,
      "final_residual_inf": 1.3332206432598026e-13,
      "iters": 8,
      "seed": 3
    },
    {
      "backtracks": 0,
      "converged": true,
      "dt": 0.005,
      "final_residual_inf": 2.4422792347517097e-14,
      "iters": 7,
      "seed": 3
    },
    {
      "backtracks": 0,
      "converged": true,
      "dt": 0.0025,
      "final_residual_inf": 1.8843677703286876e-14,
      "iters": 6,
      "seed": 3
    },
    {
      "backtracks": 0,
      "converged": true,
      "dt": 0.00125,
      "final_residual_inf": 5.960447521831391e-14,
      "iters": 5,
      "seed": 3
    },
    {
      "backtracks": 0,
      "converged": true,
      "dt": 0.02,
      "final_residual_inf": 2.4880271454197356e-13,
      "iters": 10,
      "seed": 4
    },
    {
      "backtracks": 0,
      "converged": true,
      "dt": 0.01,
      "final_residual_inf": 1.2707304826442556e-13,
      "iters": 8,
      "seed": 4
    },
    {
      "backtracks": 0,
      "converged": true,
      "dt": 0.005,
      "final_residual_inf": 2.350024471894918e-14,
      "iters": 7,
      "seed": 4
    },
    {
      "backtracks": 0,
      "converged": true,
      "dt": 0.0025,
      "final_residual_inf": 1.823533186430526e-14,
      "iters": 6,
      "seed": 4
    },
    {
      "backtracks": 0,
      "converged": true,
      "dt": 0.00125,
      "final_residual_inf": 5.783085598939919e-14,
      "iters": 5,
      "seed": 4
    },
    {
      "backtracks": 0,
      "converged": true,
      "dt": 0.02,
      "final_residual_inf": 2.2511029498795132e-13,
      "iters": 10,
      "seed": 5
    },
    {
      "backtracks": 0,
      "converged": true,
      "dt": 0.01,
      "final_residual_inf": 1.1336591387856032e-13,
      "iters": 8,
      "seed": 5
    },
    {
      "backtracks": 0,
      "converged": true,
      "dt": 0.005,
      "final_residual_inf": 2.0779439367096808e-14,
      "iters": 7,
      "seed": 5
    },
    {
      "backtracks": 0,
      "converged": true,
      "dt": 0.0025,
      "final_residual_inf": 1.617721798533034e-14,
      "iters": 6,
      "seed": 5
    },
    {
      "backtracks": 0,
      "converged": true,
      "dt": 0.00125,
      "final_residual_inf": 5.158392701702652e-14,
      "iters": 5,
      "seed": 5
    },
    {
      "backtracks": 0,
      "converged": true,
      "dt": 0.02,
      "final_residual_inf": 2.2117225585704947e-13,
      "iters": 10,
      "seed": 6
    },
    {
      "backtracks": 0,
      "converged": true,
      "dt": 0.01,
      "final_residual_inf": 1.1105818955442492e-13,
      "iters": 8,
      "seed": 6
    },
    {
      "backtracks": 0,
      "converged": true,
      "dt": 0.005,
      "final_residual_inf": 2.0295939408276897e-14,
      "iters": 7,
      "seed": 6
    },
    {
      "backtracks": 0,
      "converged": true,
      "dt": 0.0025,
      "final_residual_inf": 1.5611752342270524e-14,
      "iters": 6,
      "seed": 6
    },
    {
      "backtracks": 0,
      "converged": true,
      "dt": 0.00125,
      "final_residual_inf": 4.989131124292362e-14,
      "iters": 5,
      "seed": 6
    },
    {
      "backtracks": 0,
      "converged": true,
      "dt": 0.02,
      "final_residual_inf": 2.1224059836011389e-13,
      "iters": 10,
      "seed": 7
    },
    {
      "backtracks": 0,
      "converged": true,
      "dt": 0.01,
      "final_residual_inf": 1.0633551331129532e-13,
      "iters": 8,
      "seed": 7
    },
    {
      "backtracks": 0,
      "converged": true,
      "dt": 0.005,
      "final_residual_inf": 9.864988058209956e-13,
      "iters": 6,
      "seed": 7
    },
    {
      "backtracks": 0,
      "converged": true,
      "dt": 0.0025,
      "final_residual_inf": 1.503183970526234e-14,
      "iters": 6,
      "seed": 7
    },
    {
      "backtracks": 0,
      "converged": true,
      "dt": 0.00125,
      "final_residual_inf": 4.9243825705515276e-14,
      "iters": 5,
      "seed": 7
    },
    {
      "backtracks": 0,
      "converged": true,
      "dt": 0.02,
      "final_residual_inf": 1.7911518622459877e-13,
      "iters": 10,
      "seed": 8
    },
    {
      "backtracks": 0,
      "converged": true,
      "dt": 0.01,
      "final_residual_inf": 9.049076592215766e-14,
      "iters": 8,
      "seed": 8
    },
    {
      "backtracks": 0,
      "converged": true,
      "dt": 0.005,
      "final_residual_inf": 8.418498103485161e-13,
      "iters": 6,
      "seed": 8
    },
    {
      "backtracks": 0,
      "converged": true,
      "dt": 0.0025,
      "final_residual_inf": 1.2813426535085437e-14,
      "iters": 6,
      "seed": 8
    },
    {
      "backtracks": 0,
      "converged": true,
      "dt": 0.00125,
      "final_residual_inf": 4.0291880075427056e-14,
      "iters": 5,
      "seed": 8
    },
    {
      "backtracks": 0,
      "converged": true,
      "dt": 0.02,
      "final_residual_inf": 2.5825760800735065e-13,
      "iters": 10,
      "seed": 9
    },
    {
      "backtracks": 0,
      "converged": true,
      "dt": 0.01,
      "final_residual_inf": 1.3077603236433255e-13,
      "iters": 8,
      "seed": 9
    },
    {
      "backtracks": 0,
      "converged": true,
      "dt": 0.005,
      "final_residual_inf": 2.405877146810509e-14,
      "iters": 7,
      "seed": 9
    },
    {
      "backtracks": 0,
      "converged": true,
      "dt": 0.0025,
      "final_residual_inf": 1.8580460520861708e-14,
      "iters": 6,
      "seed": 9
    },
    {
      "backtracks": 0,
      "converged": true,
      "dt": 0.00125,
      "final_residual_inf": 5.867059767704352e-14,
      "iters": 5,
      "seed": 9
    }
  ],
  "scheme": "jmj",
  "two_grid_error_inf_med": [
    5.150074358639678e-07,
    7.252297619386727e-08,
    1.038684182760874e-08,
    1.5551869046032119e-09,
    2.5544524481779796e-10
  ]
}