{
  "dt": [
    0.01,
    0.005,
    0.0025,
    0.00125,
    0.000625
  ],
  "expected_slope": 2.0,
  "failed": true,
  "figure": "/mnt/ironwolf/git/Void_Unity_Proofs/derivation/code/outputs/figures/metriplectic/failed_runs/20251006_134936_residual_vs_dt_jmj__asymptotics-seed01.png",
  "fit": {
    "R2": 0.9993168430608158,
    "slope": 2.065012130343823
  },
  "gate": {
    "R2_min": 0.999,
    "slope_min": 2.9
  },
  "scheme": "jmj",
  "trivial_exact": false,
  "two_grid_error_inf_med": [
    5.586126569775626e-09,
    1.2242974240742749e-09,
    2.841431168045666e-10,
    6.874843272788866e-11,
    1.8376799431132906e-11
  ]
}