{
  "bc": "periodic",
  "samples": [
    {
      "dt": 0.01,
      "seed": 0,
      "two_grid_error_inf": 1.514283777016845e-08
    },
    {
      "dt": 0.005,
      "seed": 0,
      "two_grid_error_inf": 2.231261710117227e-09
    },
    {
      "dt": 0.0025,
      "seed": 0,
      "two_grid_error_inf": 3.5790380728539795e-10
    },
    {
      "dt": 0.00125,
      "seed": 0,
      "two_grid_error_inf": 6.403678108612976e-11
    },
    {
      "dt": 0.000625,
      "seed": 0,
      "two_grid_error_inf": 1.3024387124360715e-11
    },
    {
      "dt": 0.01,
      "seed": 1,
      "two_grid_error_inf": 1.8837267413453207e-08
    },
    {
      "dt": 0.005,
      "seed": 1,
      "two_grid_error_inf": 3.3290868967777998e-09
    },
    {
      "dt": 0.0025,
      "seed": 1,
      "two_grid_error_inf": 6.541650621801759e-10
    },
    {
      "dt": 0.00125,
      "seed": 1,
      "two_grid_error_inf": 1.4083905265985242e-10
    },
    {
      "dt": 0.000625,
      "seed": 1,
      "two_grid_error_inf": 3.255019127498815e-11
    },
    {
      "dt": 0.01,
      "seed": 2,
      "two_grid_error_inf": 1.2556887865004113e-08
    },
    {
      "dt": 0.005,
      "seed": 2,
      "two_grid_error_inf": 2.066968942792541e-09
    },
    {
      "dt": 0.0025,
      "seed": 2,
      "two_grid_error_inf": 3.790116840166058e-10
    },
    {
      "dt": 0.00125,
      "seed": 2,
      "two_grid_error_inf": 7.723305675555459e-11
    },
    {
      "dt": 0.000625,
      "seed": 2,
      "two_grid_error_inf": 1.7244244226999328e-11
    },
    {
      "dt": 0.01,
      "seed": 3,
      "two_grid_error_inf": 1.6866756467198707e-08
    },
    {
      "dt": 0.005,
      "seed": 3,
      "two_grid_error_inf": 2.8926276252755345e-09
    },
    {
      "dt": 0.0025,
      "seed": 3,
      "two_grid_error_inf": 5.517888628653322e-10
    },
    {
      "dt": 0.00125,
      "seed": 3,
      "two_grid_error_inf": 1.1607090462384395e-10
    },
    {
      "dt": 0.000625,
      "seed": 3,
      "two_grid_error_inf": 2.6452709814273057e-11
    },
    {
      "dt": 0.01,
      "seed": 4,
      "two_grid_error_inf": 1.4836403453878655e-08
    },
    {
      "dt": 0.005,
      "seed": 4,
      "two_grid_error_inf": 2.4598606042716686e-09
    },
    {
      "dt": 0.0025,
      "seed": 4,
      "two_grid_error_inf": 4.543077259874795e-10
    },
    {
      "dt": 0.00125,
      "seed": 4,
      "two_grid_error_inf": 9.313267561664174e-11
    },
    {
      "dt": 0.000625,
      "seed": 4,
      "two_grid_error_inf": 2.0886775815853742e-11
    },
    {
      "dt": 0.01,
      "seed": 5,
      "two_grid_error_inf": 1.301515738846154e-08
    },
    {
      "dt": 0.005,
      "seed": 5,
      "two_grid_error_inf": 1.875833204045829e-09
    },
    {
      "dt": 0.0025,
      "seed": 5,
      "two_grid_error_inf": 2.917035159429038e-10
    },
    {
      "dt": 0.00125,
      "seed": 5,
      "two_grid_error_inf": 5.036883432042727e-11
    },
    {
      "dt": 0.000625,
      "seed": 5,
      "two_grid_error_inf": 9.94850903046629e-12
    },
    {
      "dt": 0.01,
      "seed": 6,
      "two_grid_error_inf": 1.8752599995411345e-08
    },
    {
      "dt": 0.005,
      "seed": 6,
      "two_grid_error_inf": 3.2518825271443674e-09
    },
    {
      "dt": 0.0025,
      "seed": 6,
      "two_grid_error_inf": 6.281562613813518e-10
    },
    {
      "dt": 0.00125,
      "seed": 6,
      "two_grid_error_inf": 1.3351430898367322e-10
    },
    {
      "dt": 0.000625,
      "seed": 6,
      "two_grid_error_inf": 3.0622646779443485e-11
    },
    {
      "dt": 0.01,
      "seed": 7,
      "two_grid_error_inf": 1.62611482005387e-08
    },
    {
      "dt": 0.005,
      "seed": 7,
      "two_grid_error_inf": 2.5279091129398745e-09
    },
    {
      "dt": 0.0025,
      "seed": 7,
      "two_grid_error_inf": 4.3398777280212464e-10
    },
    {
      "dt": 0.00125,
      "seed": 7,
      "two_grid_error_inf": 8.328143383251607e-11
    },
    {
      "dt": 0.000625,
      "seed": 7,
      "two_grid_error_inf": 1.7856324058262985e-11
    },
    {
      "dt": 0.01,
      "seed": 8,
      "two_grid_error_inf": 1.6660447520709665e-08
    },
    {
      "dt": 0.005,
      "seed": 8,
      "two_grid_error_inf": 2.999594318265665e-09
    },
    {
      "dt": 0.0025,
      "seed": 8,
      "two_grid_error_inf": 6.005471608287044e-10
    },
    {
      "dt": 0.00125,
      "seed": 8,
      "two_grid_error_inf": 1.3116369665736038e-10
    },
    {
      "dt": 0.000625,
      "seed": 8,
      "two_grid_error_inf": 3.0565086702946664e-11
    },
    {
      "dt": 0.01,
      "seed": 9,
      "two_grid_error_inf": 1.0093269314521286e-08
    },
    {
      "dt": 0.005,
      "seed": 9,
      "two_grid_error_inf": 1.3079884948578868e-09
    },
    {
      "dt": 0.0025,
      "seed": 9,
      "two_grid_error_inf": 1.9585554055304155e-10
    },
    {
      "dt": 0.00125,
      "seed": 9,
      "two_grid_error_inf": 3.2329235209044294e-11
    },
    {
      "dt": 0.000625,
      "seed": 9,
      "two_grid_error_inf": 6.122993605195415e-12
    }
  ],
  "scheme": "jmj"
}