{
  "dt": [
    0.01,
    0.005,
    0.0025,
    0.00125,
    0.000625
  ],
  "expected_slope": 2.0,
  "failed": true,
  "figure": "/mnt/ironwolf/git/Void_Unity_Proofs/derivation/code/outputs/figures/metriplectic/failed_runs/20251006_134932_residual_vs_dt_jmj__asymptotics-seed01.png",
  "fit": {
    "R2": 0.9989663446676527,
    "slope": 2.5986914726748065
  },
  "gate": {
    "R2_min": 0.999,
    "slope_min": 2.9
  },
  "scheme": "jmj",
  "trivial_exact": false,
  "two_grid_error_inf_med": [
    1.353130180646589e-08,
    1.9548034681303277e-09,
    3.050103548635913e-10,
    5.2305383982376163e-11,
    1.0143726245255558e-11
  ]
}