{
  "bc": "periodic",
  "samples": [
    {
      "dt": 0.02,
      "seed": 0,
      "two_grid_error_inf": 6.629619314947599e-07
    },
    {
      "dt": 0.01,
      "seed": 0,
      "two_grid_error_inf": 9.194959943448211e-08
    },
    {
      "dt": 0.005,
      "seed": 0,
      "two_grid_error_inf": 1.3233729567480729e-08
    },
    {
      "dt": 0.0025,
      "seed": 0,
      "two_grid_error_inf": 2.0529014287118397e-09
    },
    {
      "dt": 0.00125,
      "seed": 0,
      "two_grid_error_inf": 3.5544087378241995e-10
    },
    {
      "dt": 0.02,
      "seed": 1,
      "two_grid_error_inf": 7.440890113022403e-07
    },
    {
      "dt": 0.01,
      "seed": 1,
      "two_grid_error_inf": 1.1502763007376071e-07
    },
    {
      "dt": 0.005,
      "seed": 1,
      "two_grid_error_inf": 1.9320709928639934e-08
    },
    {
      "dt": 0.0025,
      "seed": 1,
      "two_grid_error_inf": 3.610363158608465e-09
    },
    {
      "dt": 0.00125,
      "seed": 1,
      "two_grid_error_inf": 7.488904687352749e-10
    },
    {
      "dt": 0.02,
      "seed": 2,
      "two_grid_error_inf": 3.8773878778888826e-07
    },
    {
      "dt": 0.01,
      "seed": 2,
      "two_grid_error_inf": 5.9472588659348347e-08
    },
    {
      "dt": 0.005,
      "seed": 2,
      "two_grid_error_inf": 9.921761509601446e-09
    },
    {
      "dt": 0.0025,
      "seed": 2,
      "two_grid_error_inf": 1.8436988706571622e-09
    },
    {
      "dt": 0.00125,
      "seed": 2,
      "two_grid_error_inf": 3.8118683903798356e-10
    },
    {
      "dt": 0.02,
      "seed": 3,
      "two_grid_error_inf": 6.023652380643396e-07
    },
    {
      "dt": 0.01,
      "seed": 3,
      "two_grid_error_inf": 9.328947304237944e-08
    },
    {
      "dt": 0.005,
      "seed": 3,
      "two_grid_error_inf": 1.5625568089427944e-08
    },
    {
      "dt": 0.0025,
      "seed": 3,
      "two_grid_error_inf": 2.910334334638165e-09
    },
    {
      "dt": 0.00125,
      "seed": 3,
      "two_grid_error_inf": 5.999829660874312e-10
    },
    {
      "dt": 0.02,
      "seed": 4,
      "two_grid_error_inf": 6.160799762445351e-07
    },
    {
      "dt": 0.01,
      "seed": 4,
      "two_grid_error_inf": 9.133523596639714e-08
    },
    {
      "dt": 0.005,
      "seed": 4,
      "two_grid_error_inf": 1.4506223267735097e-08
    },
    {
      "dt": 0.0025,
      "seed": 4,
      "two_grid_error_inf": 2.5521064784053693e-09
    },
    {
      "dt": 0.00125,
      "seed": 4,
      "two_grid_error_inf": 5.026561484752778e-10
    },
    {
      "dt": 0.02,
      "seed": 5,
      "two_grid_error_inf": 5.644186176004262e-07
    },
    {
      "dt": 0.01,
      "seed": 5,
      "two_grid_error_inf": 7.73623879089802e-08
    },
    {
      "dt": 0.005,
      "seed": 5,
      "two_grid_error_inf": 1.0942562016225121e-08
    },
    {
      "dt": 0.0025,
      "seed": 5,
      "two_grid_error_inf": 1.6564863196399937e-09
    },
    {
      "dt": 0.00125,
      "seed": 5,
      "two_grid_error_inf": 2.785400226440471e-10
    },
    {
      "dt": 0.02,
      "seed": 6,
      "two_grid_error_inf": 7.235343711942122e-07
    },
    {
      "dt": 0.01,
      "seed": 6,
      "two_grid_error_inf": 1.1094184534932161e-07
    },
    {
      "dt": 0.005,
      "seed": 6,
      "two_grid_error_inf": 1.846341000227847e-08
    },
    {
      "dt": 0.0025,
      "seed": 6,
      "two_grid_error_inf": 3.4238202273328966e-09
    },
    {
      "dt": 0.00125,
      "seed": 6,
      "two_grid_error_inf": 7.040091521900993e-10
    },
    {
      "dt": 0.02,
      "seed": 7,
      "two_grid_error_inf": 5.772365417738845e-07
    },
    {
      "dt": 0.01,
      "seed": 7,
      "two_grid_error_inf": 8.392889656871905e-08
    },
    {
      "dt": 0.005,
      "seed": 7,
      "two_grid_error_inf": 1.298217040812677e-08
    },
    {
      "dt": 0.0025,
      "seed": 7,
      "two_grid_error_inf": 2.2176174854782182e-09
    },
    {
      "dt": 0.00125,
      "seed": 7,
      "two_grid_error_inf": 4.228234776193496e-10
    },
    {
      "dt": 0.02,
      "seed": 8,
      "two_grid_error_inf": 5.910700934322333e-07
    },
    {
      "dt": 0.01,
      "seed": 8,
      "two_grid_error_inf": 9.409862532921975e-08
    },
    {
      "dt": 0.005,
      "seed": 8,
      "two_grid_error_inf": 1.6403553834698492e-08
    },
    {
      "dt": 0.0025,
      "seed": 8,
      "two_grid_error_inf": 3.184609284612172e-09
    },
    {
      "dt": 0.00125,
      "seed": 8,
      "two_grid_error_inf": 6.792832685231787e-10
    },
    {
      "dt": 0.02,
      "seed": 9,
      "two_grid_error_inf": 3.935519356894346e-07
    },
    {
      "dt": 0.01,
      "seed": 9,
      "two_grid_error_inf": 5.354301453944221e-08
    },
    {
      "dt": 0.005,
      "seed": 9,
      "two_grid_error_inf": 7.4455766795045175e-09
    },
    {
      "dt": 0.0025,
      "seed": 9,
      "two_grid_error_inf": 1.0962458267538278e-09
    },
    {
      "dt": 0.00125,
      "seed": 9,
      "two_grid_error_inf": 1.7760552403767171e-10
    }
  ],
  "scheme": "jmj"
}