{
  "bc": "periodic",
  "samples": [
    {
      "dt": 0.01,
      "seed": 0,
      "two_grid_error_inf": 4.066653467096892e-09
    },
    {
      "dt": 0.005,
      "seed": 0,
      "two_grid_error_inf": 8.204186028454297e-10
    },
    {
      "dt": 0.0025,
      "seed": 0,
      "two_grid_error_inf": 1.8014871885907446e-10
    },
    {
      "dt": 0.00125,
      "seed": 0,
      "two_grid_error_inf": 4.211456010316805e-11
    },
    {
      "dt": 0.000625,
      "seed": 0,
      "two_grid_error_inf": 1.1908406552518791e-11
    },
    {
      "dt": 0.01,
      "seed": 1,
      "two_grid_error_inf": 8.90400212480262e-09
    },
    {
      "dt": 0.005,
      "seed": 1,
      "two_grid_error_inf": 2.0612405185471694e-09
    },
    {
      "dt": 0.0025,
      "seed": 1,
      "two_grid_error_inf": 4.942782327096301e-10
    },
    {
      "dt": 0.00125,
      "seed": 1,
      "two_grid_error_inf": 1.2111903797615287e-10
    },
    {
      "dt": 0.000625,
      "seed": 1,
      "two_grid_error_inf": 3.1557672924495406e-11
    },
    {
      "dt": 0.01,
      "seed": 2,
      "two_grid_error_inf": 4.887870806019601e-09
    },
    {
      "dt": 0.005,
      "seed": 2,
      "two_grid_error_inf": 1.0909056149741025e-09
    },
    {
      "dt": 0.0025,
      "seed": 2,
      "two_grid_error_inf": 2.560484836308663e-10
    },
    {
      "dt": 0.00125,
      "seed": 2,
      "two_grid_error_inf": 6.205398174474741e-11
    },
    {
      "dt": 0.000625,
      "seed": 2,
      "two_grid_error_inf": 1.6502505958970737e-11
    },
    {
      "dt": 0.01,
      "seed": 3,
      "two_grid_error_inf": 7.336770168828166e-09
    },
    {
      "dt": 0.005,
      "seed": 3,
      "two_grid_error_inf": 1.6738587599318677e-09
    },
    {
      "dt": 0.0025,
      "seed": 3,
      "two_grid_error_inf": 3.97936794627185e-10
    },
    {
      "dt": 0.00125,
      "seed": 3,
      "two_grid_error_inf": 9.708585324563757e-11
    },
    {
      "dt": 0.000625,
      "seed": 3,
      "two_grid_error_inf": 2.5489237456821634e-11
    },
    {
      "dt": 0.01,
      "seed": 4,
      "two_grid_error_inf": 5.895581737646455e-09
    },
    {
      "dt": 0.005,
      "seed": 4,
      "two_grid_error_inf": 1.3211107438050596e-09
    },
    {
      "dt": 0.0025,
      "seed": 4,
      "two_grid_error_inf": 3.1084421972180087e-10
    },
    {
      "dt": 0.00125,
      "seed": 4,
      "two_grid_error_inf": 7.544288371102992e-11
    },
    {
      "dt": 0.000625,
      "seed": 4,
      "two_grid_error_inf": 1.9996631520774466e-11
    },
    {
      "dt": 0.01,
      "seed": 5,
      "two_grid_error_inf": 3.2003317999157455e-09
    },
    {
      "dt": 0.005,
      "seed": 5,
      "two_grid_error_inf": 6.254798770935488e-10
    },
    {
      "dt": 0.0025,
      "seed": 5,
      "two_grid_error_inf": 1.3417080944530535e-10
    },
    {
      "dt": 0.00125,
      "seed": 5,
      "two_grid_error_inf": 3.094563082346735e-11
    },
    {
      "dt": 0.000625,
      "seed": 5,
      "two_grid_error_inf": 8.953047071075249e-12
    },
    {
      "dt": 0.01,
      "seed": 6,
      "two_grid_error_inf": 8.448936926822026e-09
    },
    {
      "dt": 0.005,
      "seed": 6,
      "two_grid_error_inf": 1.9391225170722892e-09
    },
    {
      "dt": 0.0025,
      "seed": 6,
      "two_grid_error_inf": 4.627481887259366e-10
    },
    {
      "dt": 0.00125,
      "seed": 6,
      "two_grid_error_inf": 1.131197288617436e-10
    },
    {
      "dt": 0.000625,
      "seed": 6,
      "two_grid_error_inf": 2.959478669073423e-11
    },
    {
      "dt": 0.01,
      "seed": 7,
      "two_grid_error_inf": 5.276671401904798e-09
    },
    {
      "dt": 0.005,
      "seed": 7,
      "two_grid_error_inf": 1.1274841043434902e-09
    },
    {
      "dt": 0.0025,
      "seed": 7,
      "two_grid_error_inf": 2.5744201388733234e-10
    },
    {
      "dt": 0.00125,
      "seed": 7,
      "two_grid_error_inf": 6.149482312256538e-11
    },
    {
      "dt": 0.000625,
      "seed": 7,
      "two_grid_error_inf": 1.6756967341491347e-11
    },
    {
      "dt": 0.01,
      "seed": 8,
      "two_grid_error_inf": 8.297250691418137e-09
    },
    {
      "dt": 0.005,
      "seed": 8,
      "two_grid_error_inf": 1.9369600562152076e-09
    },
    {
      "dt": 0.0025,
      "seed": 8,
      "two_grid_error_inf": 4.668175340640651e-10
    },
    {
      "dt": 0.00125,
      "seed": 8,
      "two_grid_error_inf": 1.1467580194896715e-10
    },
    {
      "dt": 0.000625,
      "seed": 8,
      "two_grid_error_inf": 2.97580741515438e-11
    },
    {
      "dt": 0.01,
      "seed": 9,
      "two_grid_error_inf": 2.0599776229431044e-09
    },
    {
      "dt": 0.005,
      "seed": 9,
      "two_grid_error_inf": 3.849153235729874e-10
    },
    {
      "dt": 0.0025,
      "seed": 9,
      "two_grid_error_inf": 7.97736490580625e-11
    },
    {
      "dt": 0.00125,
      "seed": 9,
      "two_grid_error_inf": 1.8009687057646273e-11
    },
    {
      "dt": 0.000625,
      "seed": 9,
      "two_grid_error_inf": 5.4182248965251034e-12
    }
  ],
  "scheme": "jmj"
}