{
  "bc": "periodic",
  "samples": [
    {
      "dt": 0.01,
      "seed": 0,
      "two_grid_error_inf": 1.191323223924401e-08
    },
    {
      "dt": 0.005,
      "seed": 0,
      "two_grid_error_inf": 1.5357061056847643e-09
    },
    {
      "dt": 0.0025,
      "seed": 0,
      "two_grid_error_inf": 1.987697107602715e-10
    },
    {
      "dt": 0.00125,
      "seed": 0,
      "two_grid_error_inf": 2.615006301776024e-11
    },
    {
      "dt": 0.000625,
      "seed": 0,
      "two_grid_error_inf": 3.786958593932077e-12
    },
    {
      "dt": 0.01,
      "seed": 1,
      "two_grid_error_inf": 1.3151121866202334e-08
    },
    {
      "dt": 0.005,
      "seed": 1,
      "two_grid_error_inf": 2.0740007764582374e-09
    },
    {
      "dt": 0.0025,
      "seed": 1,
      "two_grid_error_inf": 3.6199688971221e-10
    },
    {
      "dt": 0.00125,
      "seed": 1,
      "two_grid_error_inf": 7.055148349213725e-11
    },
    {
      "dt": 0.000625,
      "seed": 1,
      "two_grid_error_inf": 1.5302177493875524e-11
    },
    {
      "dt": 0.01,
      "seed": 2,
      "two_grid_error_inf": 1.6621122849152375e-08
    },
    {
      "dt": 0.005,
      "seed": 2,
      "two_grid_error_inf": 2.9512255898637985e-09
    },
    {
      "dt": 0.0025,
      "seed": 2,
      "two_grid_error_inf": 5.825163823525159e-10
    },
    {
      "dt": 0.00125,
      "seed": 2,
      "two_grid_error_inf": 1.2583602606100475e-10
    },
    {
      "dt": 0.000625,
      "seed": 2,
      "two_grid_error_inf": 2.9147797890594074e-11
    },
    {
      "dt": 0.01,
      "seed": 3,
      "two_grid_error_inf": 9.691794030514123e-09
    },
    {
      "dt": 0.005,
      "seed": 3,
      "two_grid_error_inf": 1.1784605500643475e-09
    },
    {
      "dt": 0.0025,
      "seed": 3,
      "two_grid_error_inf": 1.6380842472393797e-10
    },
    {
      "dt": 0.00125,
      "seed": 3,
      "two_grid_error_inf": 2.4352225097556968e-11
    },
    {
      "dt": 0.000625,
      "seed": 3,
      "two_grid_error_inf": 4.145679893124976e-12
    },
    {
      "dt": 0.01,
      "seed": 4,
      "two_grid_error_inf": 1.2277673088270658e-08
    },
    {
      "dt": 0.005,
      "seed": 4,
      "two_grid_error_inf": 1.5328505530848302e-09
    },
    {
      "dt": 0.0025,
      "seed": 4,
      "two_grid_error_inf": 1.9942321058397106e-10
    },
    {
      "dt": 0.00125,
      "seed": 4,
      "two_grid_error_inf": 2.663916396500321e-11
    },
    {
      "dt": 0.000625,
      "seed": 4,
      "two_grid_error_inf": 3.952871883983189e-12
    },
    {
      "dt": 0.01,
      "seed": 5,
      "two_grid_error_inf": 1.264219683322701e-08
    },
    {
      "dt": 0.005,
      "seed": 5,
      "two_grid_error_inf": 1.7742508744752333e-09
    },
    {
      "dt": 0.0025,
      "seed": 5,
      "two_grid_error_inf": 2.6538911617347144e-10
    },
    {
      "dt": 0.00125,
      "seed": 5,
      "two_grid_error_inf": 4.3678314003842145e-11
    },
    {
      "dt": 0.000625,
      "seed": 5,
      "two_grid_error_inf": 8.272912086285111e-12
    },
    {
      "dt": 0.01,
      "seed": 6,
      "two_grid_error_inf": 1.1388779454224451e-08
    },
    {
      "dt": 0.005,
      "seed": 6,
      "two_grid_error_inf": 1.4974476641310686e-09
    },
    {
      "dt": 0.0025,
      "seed": 6,
      "two_grid_error_inf": 2.0084662231967254e-10
    },
    {
      "dt": 0.00125,
      "seed": 6,
      "two_grid_error_inf": 2.81328467466313e-11
    },
    {
      "dt": 0.000625,
      "seed": 6,
      "two_grid_error_inf": 4.4543327359924945e-12
    },
    {
      "dt": 0.01,
      "seed": 7,
      "two_grid_error_inf": 1.3706363315157954e-08
    },
    {
      "dt": 0.005,
      "seed": 7,
      "two_grid_error_inf": 2.0104065738546506e-09
    },
    {
      "dt": 0.0025,
      "seed": 7,
      "two_grid_error_inf": 3.202879454711205e-10
    },
    {
      "dt": 0.00125,
      "seed": 7,
      "two_grid_error_inf": 5.685250187292823e-11
    },
    {
      "dt": 0.000625,
      "seed": 7,
      "two_grid_error_inf": 1.1494699289626986e-11
    },
    {
      "dt": 0.01,
      "seed": 8,
      "two_grid_error_inf": 1.5533966584834608e-08
    },
    {
      "dt": 0.005,
      "seed": 8,
      "two_grid_error_inf": 2.818382792337676e-09
    },
    {
      "dt": 0.0025,
      "seed": 8,
      "two_grid_error_inf": 5.682452459965237e-10
    },
    {
      "dt": 0.00125,
      "seed": 8,
      "two_grid_error_inf": 1.2474437888904122e-10
    },
    {
      "dt": 0.000625,
      "seed": 8,
      "two_grid_error_inf": 2.916443909289912e-11
    },
    {
      "dt": 0.01,
      "seed": 9,
      "two_grid_error_inf": 1.2533575158204385e-08
    },
    {
      "dt": 0.005,
      "seed": 9,
      "two_grid_error_inf": 1.894078479561939e-09
    },
    {
      "dt": 0.0025,
      "seed": 9,
      "two_grid_error_inf": 3.1414995951828395e-10
    },
    {
      "dt": 0.00125,
      "seed": 9,
      "two_grid_error_inf": 5.825100384687643e-11
    },
    {
      "dt": 0.000625,
      "seed": 9,
      "two_grid_error_inf": 1.21880964522314e-11
    }
  ],
  "scheme": "jmj"
}