N,scenario,visits_per_tick,mean_intervisit_ticks,t_95pct_coverage_ticks,t_expected_full_coverage_ticks
100,visits_per_tick=16 (default SentinelScout),16,6.25,18.72332670971244,32.38991156806016
100,visits_per_tick=64,64,1.5625,4.68083167742811,8.09747789201504
100,visits_per_tick=256,256,0.390625,1.1702079193570274,2.02436947300376
100,visits_per_tick=0.01*N (1% of nodes/tick),1,100.0,299.573227355399,518.2385850889625
106,visits_per_tick=16 (default SentinelScout),16,6.625,19.846726312295182,34.719337778465096
106,visits_per_tick=64,64,1.65625,4.9616815780737955,8.679834444616274
106,visits_per_tick=256,256,0.4140625,1.2404203945184489,2.1699586111540685
106,visits_per_tick=0.01*N (1% of nodes/tick),1,106.0,317.5476209967229,555.5094044554415
112,visits_per_tick=16 (default SentinelScout),16,7.0,20.97012591487793,37.07000175337639
112,visits_per_tick=64,64,1.75,5.242531478719482,9.267500438344097
112,visits_per_tick=256,256,0.4375,1.3106328696798706,2.3168751095860243
112,visits_per_tick=0.01*N (1% of nodes/tick),1,112.0,335.52201463804687,593.1200280540222
119,visits_per_tick=16 (default SentinelScout),16,7.4375,22.2807587845578,39.83777248772215
119,visits_per_tick=64,64,1.859375,5.57018969613945,9.959443121930537
119,visits_per_tick=256,256,0.46484375,1.3925474240348625,2.4898607804826343
119,visits_per_tick=0.01*N (1% of nodes/tick),1,119.0,356.4921405529248,637.4043598035544
126,visits_per_tick=16 (default SentinelScout),16,7.875,23.591391654237672,42.63129337834246
126,visits_per_tick=64,64,1.96875,5.897847913559418,10.657823344585616
126,visits_per_tick=256,256,0.4921875,1.4744619783898545,2.664455836146404
126,visits_per_tick=0.01*N (1% of nodes/tick),1,126.0,377.46226646780275,682.1006940534794
134,visits_per_tick=16 (default SentinelScout),16,8.375,25.089257791014667,45.853589518139216
134,visits_per_tick=64,64,2.09375,6.272314447753667,11.463397379534804
134,visits_per_tick=256,256,0.5234375,1.5680786119384167,2.865849344883701
134,visits_per_tick=0.01*N (1% of nodes/tick),1,134.0,401.4281246562347,733.6574322902275
141,visits_per_tick=16 (default SentinelScout),16,8.8125,26.39989066069454,48.69765958090237
141,visits_per_tick=64,64,2.203125,6.599972665173635,12.174414895225592
141,visits_per_tick=256,256,0.55078125,1.6499931662934086,3.043603723806398
141,visits_per_tick=0.01*N (1% of nodes/tick),1,141.0,422.3982505711126,779.1625532944379
150,visits_per_tick=16 (default SentinelScout),16,9.375,28.084990064568657,52.386102740604265
150,visits_per_tick=64,64,2.34375,7.021247516142164,13.096525685151066
150,visits_per_tick=256,256,0.5859375,1.755311879035541,3.2741314212877666
150,visits_per_tick=0.01*N (1% of nodes/tick),2,75.0,224.67992051654926,419.0888219248341
159,visits_per_tick=16 (default SentinelScout),16,9.9375,29.770089468442777,56.10831617952253
159,visits_per_tick=64,64,2.484375,7.442522367110694,14.027079044880633
159,visits_per_tick=256,256,0.62109375,1.8606305917776735,3.5067697612201583
159,visits_per_tick=0.01*N (1% of nodes/tick),2,79.5,238.1607157475422,448.86652943618026
168,visits_per_tick=16 (default SentinelScout),16,10.5,31.455188872316896,59.862386265200314
168,visits_per_tick=64,64,2.625,7.863797218079224,14.965596566300079
168,visits_per_tick=256,256,0.65625,1.965949304519806,3.7413991415750196
168,visits_per_tick=0.01*N (1% of nodes/tick),2,84.0,251.64151097853517,478.8990901216025
178,visits_per_tick=16 (default SentinelScout),16,11.125,33.327521543288135,64.068866269029
178,visits_per_tick=64,64,2.78125,8.331880385822034,16.01721656725725
178,visits_per_tick=256,256,0.6953125,2.0829700964555085,4.004304141814313
178,visits_per_tick=0.01*N (1% of nodes/tick),2,89.0,266.6201723463051,512.550930152232
189,visits_per_tick=16 (default SentinelScout),16,11.8125,35.38708748135651,68.73649665704139
189,visits_per_tick=64,64,2.953125,8.846771870339127,17.184124164260346
189,visits_per_tick=256,256,0.73828125,2.211692967584782,4.296031041065087
189,visits_per_tick=0.01*N (1% of nodes/tick),2,94.5,283.0966998508521,549.8919732563311
200,visits_per_tick=16 (default SentinelScout),16,12.5,37.44665341942488,73.44416289311961
200,visits_per_tick=64,64,3.125,9.36166335485622,18.361040723279903
200,visits_per_tick=256,256,0.78125,2.340415838714055,4.590260180819976
200,visits_per_tick=0.01*N (1% of nodes/tick),2,100.0,299.573227355399,587.5533031449569
212,visits_per_tick=16 (default SentinelScout),16,13.25,39.693452624590364,78.62287569934948
212,visits_per_tick=64,64,3.3125,9.923363156147591,19.65571892483737
212,visits_per_tick=256,256,0.828125,2.4808407890368978,4.913929731209342
212,visits_per_tick=0.01*N (1% of nodes/tick),2,106.0,317.5476209967229,628.9830055947958
225,visits_per_tick=16 (default SentinelScout),16,14.0625,42.127485096852986,84.28100719367747
225,visits_per_tick=64,64,3.515625,10.531871274213247,21.070251798419367
225,visits_per_tick=256,256,0.87890625,2.6329678185533116,5.267562949604842
225,visits_per_tick=0.01*N (1% of nodes/tick),2,112.5,337.0198807748239,674.2480575494197
238,visits_per_tick=16 (default SentinelScout),16,14.875,44.5615175691156,89.98610928627349
238,visits_per_tick=64,64,3.71875,11.1403793922789,22.496527321568372
238,visits_per_tick=256,256,0.9296875,2.785094848069725,5.624131830392093
238,visits_per_tick=0.01*N (1% of nodes/tick),2,119.0,356.4921405529248,719.8888742901879
252,visits_per_tick=16 (default SentinelScout),16,15.75,47.182783308475344,96.17965485050406
252,visits_per_tick=64,64,3.9375,11.795695827118836,24.044913712626016
252,visits_per_tick=256,256,0.984375,2.948923956779709,6.011228428156504
252,visits_per_tick=0.01*N (1% of nodes/tick),3,84.0,251.64151097853517,512.9581592026883
267,visits_per_tick=16 (default SentinelScout),16,16.6875,49.99128231493221,102.86949839509849
267,visits_per_tick=64,64,4.171875,12.497820578733052,25.717374598774622
267,visits_per_tick=256,256,1.04296875,3.124455144683263,6.429343649693656
267,visits_per_tick=0.01*N (1% of nodes/tick),3,89.0,266.6201723463051,548.6373247738586
283,visits_per_tick=16 (default SentinelScout),16,17.6875,52.9870145884862,110.06334407501063
283,visits_per_tick=64,64,4.421875,13.24675364712155,27.51583601875266
283,visits_per_tick=256,256,1.10546875,3.3116884117803873,6.878959004688165
283,visits_per_tick=0.01*N (1% of nodes/tick),3,94.33333333333333,282.59741113859303,587.0045017333899
300,visits_per_tick=16 (default SentinelScout),16,18.75,56.169980129137315,117.76871511670751
300,visits_per_tick=64,64,4.6875,14.042495032284329,29.442178779176878
300,visits_per_tick=256,256,1.171875,3.510623758071082,7.3605446947942195
300,visits_per_tick=0.01*N (1% of nodes/tick),3,100.0,299.573227355399,628.0998139557734
318,visits_per_tick=16 (default SentinelScout),16,19.875,59.54017893688555,125.99293257267398
318,visits_per_tick=64,64,4.96875,14.885044734221388,31.498233143168495
318,visits_per_tick=256,256,1.2421875,3.721261183555347,7.874558285792124
318,visits_per_tick=0.01*N (1% of nodes/tick),3,106.0,317.5476209967229,671.9623070542613
337,visits_per_tick=16 (default SentinelScout),16,21.0625,63.09761101173091,134.74310166253514
337,visits_per_tick=64,64,5.265625,15.774402752932728,33.685775415633785
337,visits_per_tick=256,256,1.31640625,3.943600688233182,8.421443853908446
337,visits_per_tick=0.01*N (1% of nodes/tick),3,112.33333333333333,336.52059206256484,718.6298755335208
357,visits_per_tick=16 (default SentinelScout),16,22.3125,66.8422763536734,144.02610415407364
357,visits_per_tick=64,64,5.578125,16.71056908841835,36.00652603851841
357,visits_per_tick=256,256,1.39453125,4.177642272104587,9.001631509629602
357,visits_per_tick=0.01*N (1% of nodes/tick),4,89.25,267.3691054146936,576.1044166162945
378,visits_per_tick=16 (default SentinelScout),16,23.625,70.77417496271302,153.8485954548115
378,visits_per_tick=64,64,5.90625,17.693543740678255,38.46214886370287
378,visits_per_tick=256,256,1.4765625,4.423385935169564,9.615537215925718
378,visits_per_tick=0.01*N (1% of nodes/tick),4,94.5,283.0966998508521,615.394381819246
401,visits_per_tick=16 (default SentinelScout),16,25.0625,75.08054010594687,164.69012587346555
401,visits_per_tick=64,64,6.265625,18.770135026486717,41.17253146836639
401,visits_per_tick=256,256,1.56640625,4.692533756621679,10.293132867091597
401,visits_per_tick=0.01*N (1% of nodes/tick),4,100.25,300.32216042378747,658.7605034938622
425,visits_per_tick=16 (default SentinelScout),16,26.5625,79.57413851627786,176.0909096485018
425,visits_per_tick=64,64,6.640625,19.893534629069464,44.02272741212545
425,visits_per_tick=256,256,1.66015625,4.973383657267366,11.005681853031362
425,visits_per_tick=0.01*N (1% of nodes/tick),4,106.25,318.2965540651114,704.3636385940072
450,visits_per_tick=16 (default SentinelScout),16,28.125,84.25497019370597,188.05677884060339
450,visits_per_tick=64,64,7.03125,21.063742548426493,47.014194710150846
450,visits_per_tick=256,256,1.7578125,5.265935637106623,11.753548677537712
450,visits_per_tick=0.01*N (1% of nodes/tick),4,112.5,337.0198807748239,752.2271153624135
477,visits_per_tick=16 (default SentinelScout),16,29.8125,89.31026840532833,201.07732739448562
477,visits_per_tick=64,64,7.453125,22.327567101332082,50.269331848621405
477,visits_per_tick=256,256,1.86328125,5.581891775333021,12.567332962155351
477,visits_per_tick=0.01*N (1% of nodes/tick),5,95.4,285.7928588970507,643.4474476623541
505,visits_per_tick=16 (default SentinelScout),16,31.5625,94.55279988404781,214.68099484745818
505,visits_per_tick=64,64,7.890625,23.638199971011954,53.670248711864545
505,visits_per_tick=256,256,1.97265625,5.909549992752988,13.417562177966136
505,visits_per_tick=0.01*N (1% of nodes/tick),5,101.0,302.568959628953,686.9791835118662
535,visits_per_tick=16 (default SentinelScout),16,33.4375,100.16979789696154,229.3639431444802
535,visits_per_tick=64,64,8.359375,25.042449474240385,57.34098578612005
535,visits_per_tick=256,256,2.08984375,6.260612368560096,14.335246446530013
535,visits_per_tick=0.01*N (1% of nodes/tick),5,107.0,320.54335327027695,733.9646180623366
567,visits_per_tick=16 (default SentinelScout),16,35.4375,106.16126244406952,245.14156295080028
567,visits_per_tick=64,64,8.859375,26.54031561101738,61.28539073770007
567,visits_per_tick=256,256,2.21484375,6.635078902754345,15.321347684425017
567,visits_per_tick=0.01*N (1% of nodes/tick),6,94.5,283.0966998508521,653.7108345354674
601,visits_per_tick=16 (default SentinelScout),16,37.5625,112.52719352537174,262.0288856413426
601,visits_per_tick=64,64,9.390625,28.131798381342936,65.50722141033565
601,visits_per_tick=256,256,2.34765625,7.032949595335734,16.37680535258391
601,visits_per_tick=0.01*N (1% of nodes/tick),6,100.16666666666667,300.072516067658,698.7436950435801
637,visits_per_tick=16 (default SentinelScout),16,39.8125,119.26759114086822,280.04054057135903
637,visits_per_tick=64,64,9.953125,29.816897785217055,70.01013514283976
637,visits_per_tick=256,256,2.48828125,7.454224446304264,17.50253378570994
637,visits_per_tick=0.01*N (1% of nodes/tick),6,106.16666666666667,318.04690970898196,746.7747748569574
675,visits_per_tick=16 (default SentinelScout),16,42.1875,126.38245529055895,299.1907275092183
675,visits_per_tick=64,64,10.546875,31.595613822639738,74.79768187730457
675,visits_per_tick=256,256,2.63671875,7.8989034556599345,18.699420469326142
675,visits_per_tick=0.01*N (1% of nodes/tick),7,96.42857142857143,288.8741835212776,683.8645200210703
715,visits_per_tick=16 (default SentinelScout),16,44.6875,133.87178597444392,319.4932011519257
715,visits_per_tick=64,64,11.171875,33.46794649361098,79.87330028798142
715,visits_per_tick=256,256,2.79296875,8.366986623402745,19.968325071995356
715,visits_per_tick=0.01*N (1% of nodes/tick),7,102.14285714285714,305.99265365587183,730.2701740615445
758,visits_per_tick=16 (default SentinelScout),16,47.375,141.92281645962026,341.4742175195175
758,visits_per_tick=64,64,11.84375,35.480704114905066,85.36855437987937
758,visits_per_tick=256,256,2.9609375,8.870176028726267,21.342138594969843
758,visits_per_tick=0.01*N (1% of nodes/tick),8,94.75,283.84563291924053,682.948435039035
803,visits_per_tick=16 (default SentinelScout),16,50.1875,150.34831347899086,364.64081338844875
803,visits_per_tick=64,64,12.546875,37.587078369747715,91.16020334711219
803,visits_per_tick=256,256,3.13671875,9.396769592436929,22.790050836778047
803,visits_per_tick=0.01*N (1% of nodes/tick),8,100.375,300.6966269579817,729.2816267768975
850,visits_per_tick=16 (default SentinelScout),16,53.125,159.1482770325557,389.0052632642507
850,visits_per_tick=64,64,13.28125,39.78706925813893,97.25131581606267
850,visits_per_tick=256,256,3.3203125,9.946767314534732,24.312828954015668
850,visits_per_tick=0.01*N (1% of nodes/tick),8,106.25,318.2965540651114,778.0105265285014
901,visits_per_tick=16 (default SentinelScout),16,56.3125,168.69717365450907,415.62684694883706
901,visits_per_tick=64,64,14.078125,42.17429341362727,103.90671173720926
901,visits_per_tick=256,256,3.51953125,10.543573353406817,25.976677934302316
901,visits_per_tick=0.01*N (1% of nodes/tick),9,100.11111111111111,299.906086496905,738.8921723534881
955,visits_per_tick=16 (default SentinelScout),16,59.6875,178.8077700777538,444.01095563375384
955,visits_per_tick=64,64,14.921875,44.70194251943845,111.00273890843846
955,visits_per_tick=256,256,3.73046875,11.175485629859612,27.750684727109615
955,visits_per_tick=0.01*N (1% of nodes/tick),10,95.5,286.09243212440606,710.4175290140062
1012,visits_per_tick=16 (default SentinelScout),16,63.25,189.48006630228986,474.1788943078707
1012,visits_per_tick=64,64,15.8125,47.370016575572464,118.54472357696767
1012,visits_per_tick=256,256,3.953125,11.842504143893116,29.636180894241917
1012,visits_per_tick=0.01*N (1% of nodes/tick),10,101.2,303.1681060836638,758.6862308925931
1072,visits_per_tick=16 (default SentinelScout),16,67.0,200.71406232811734,506.1512994376628
1072,visits_per_tick=64,64,16.75,50.178515582029334,126.5378248594157
1072,visits_per_tick=256,256,4.1875,12.544628895507334,31.634456214853923
1072,visits_per_tick=0.01*N (1% of nodes/tick),11,97.45454545454545,291.9477270227161,736.2200719093277
1136,visits_per_tick=16 (default SentinelScout),16,71.0,212.6969914223333,540.4863827569667
1136,visits_per_tick=64,64,17.75,53.174247855583324,135.12159568924167
1136,visits_per_tick=256,256,4.4375,13.293561963895831,33.78039892231042
1136,visits_per_tick=0.01*N (1% of nodes/tick),11,103.27272727272727,309.3774420688484,786.1620112828606
1203,visits_per_tick=16 (default SentinelScout),16,75.1875,225.2416203178406,576.6722890746302
1203,visits_per_tick=64,64,18.796875,56.31040507946015,144.16807226865754
1203,visits_per_tick=256,256,4.69921875,14.077601269865038,36.042018067164385
1203,visits_per_tick=0.01*N (1% of nodes/tick),12,100.25,300.32216042378747,768.8963854328401
1275,visits_per_tick=16 (default SentinelScout),16,79.6875,238.72241554883357,615.8183956987453
1275,visits_per_tick=64,64,19.921875,59.68060388720839,153.95459892468634
1275,visits_per_tick=256,256,4.98046875,14.920150971802098,38.488649731171584
1275,visits_per_tick=0.01*N (1% of nodes/tick),13,98.07692307692308,293.81220375241054,757.9303331676866
1351,visits_per_tick=16 (default SentinelScout),16,84.4375,252.95214384821503,657.4148387416375
1351,visits_per_tick=64,64,21.109375,63.23803596205376,164.35370968540937
1351,visits_per_tick=256,256,5.27734375,15.80950899051344,41.08842742135234
1351,visits_per_tick=0.01*N (1% of nodes/tick),14,96.5,289.08816439796004,751.3312442761571
1431,visits_per_tick=16 (default SentinelScout),16,89.4375,267.930805215985,701.4891187512109
1431,visits_per_tick=64,64,22.359375,66.98270130399625,175.37227968780272
1431,visits_per_tick=256,256,5.58984375,16.745675325999063,43.84306992195068
1431,visits_per_tick=0.01*N (1% of nodes/tick),14,102.21428571428571,306.20663453255423,801.7018500013838
1517,visits_per_tick=16 (default SentinelScout),16,94.8125,284.0328661863377,749.1804663954592
1517,visits_per_tick=64,64,23.703125,71.00821654658442,187.2951165988648
1517,visits_per_tick=256,256,5.92578125,17.752054136646105,46.8237791497162
1517,visits_per_tick=0.01*N (1% of nodes/tick),15,101.13333333333334,302.9683905987602,799.1258308218232
1607,visits_per_tick=16 (default SentinelScout),16,100.4375,300.8838602250789,799.4162143273091
1607,visits_per_tick=64,64,25.109375,75.22096505626972,199.8540535818273
1607,visits_per_tick=256,256,6.27734375,18.80524126406743,49.96351339545682
1607,visits_per_tick=0.01*N (1% of nodes/tick),16,100.4375,300.8838602250789,799.4162143273091
1703,visits_per_tick=16 (default SentinelScout),16,106.4375,318.85825386640283,853.3480046559918
1703,visits_per_tick=64,64,26.609375,79.71456346660071,213.33700116399794
1703,visits_per_tick=256,256,6.65234375,19.928640866650177,53.334250290999485
1703,visits_per_tick=0.01*N (1% of nodes/tick),17,100.17647058823529,300.1018859919085,803.1510632056393
1804,visits_per_tick=16 (default SentinelScout),16,112.75,337.76881384321234,910.4536979628425
1804,visits_per_tick=64,64,28.1875,84.44220346080309,227.61342449071063
1804,visits_per_tick=256,256,7.046875,21.11055086520077,56.90335612267766
1804,visits_per_tick=0.01*N (1% of nodes/tick),18,100.22222222222223,300.238945638411,809.2921759669712
1912,visits_per_tick=16 (default SentinelScout),16,119.5,357.99000668970183,971.9079306422891
1912,visits_per_tick=64,64,29.875,89.49750167242546,242.97698266057228
1912,visits_per_tick=256,256,7.46875,22.374375418106364,60.74424566514307
1912,visits_per_tick=0.01*N (1% of nodes/tick),19,100.63157894736842,301.46526879132784,818.4487836987697
2026,visits_per_tick=16 (default SentinelScout),16,126.625,379.33459913877397,1037.1897245320492
2026,visits_per_tick=64,64,31.65625,94.83364978469349,259.2974311330123
2026,visits_per_tick=256,256,7.9140625,23.708412446173373,64.82435778325308
2026,visits_per_tick=0.01*N (1% of nodes/tick),20,101.3,303.4676793110192,829.7517796256393
2146,visits_per_tick=16 (default SentinelScout),16,134.125,401.8025911904289,1106.3403348778634
2146,visits_per_tick=64,64,33.53125,100.45064779760723,276.58508371946584
2146,visits_per_tick=256,256,8.3828125,25.112661949401808,69.14627092986646
2146,visits_per_tick=0.01*N (1% of nodes/tick),21,102.19047619047619,306.1353075736601,842.925969430753
2274,visits_per_tick=16 (default SentinelScout),16,142.125,425.76844937886085,1180.5629240855076
2274,visits_per_tick=64,64,35.53125,106.44211234471521,295.1407310213769
2274,visits_per_tick=256,256,8.8828125,26.610528086178803,73.78518275534422
2274,visits_per_tick=0.01*N (1% of nodes/tick),23,98.8695652173913,296.1867473939901,821.2611645812227
2409,visits_per_tick=16 (default SentinelScout),16,150.5625,451.04494043697264,1259.3322528779386
2409,visits_per_tick=64,64,37.640625,112.76123510924316,314.83306321948464
2409,visits_per_tick=256,256,9.41015625,28.19030877731079,78.70826580487116
2409,visits_per_tick=0.01*N (1% of nodes/tick),24,100.375,300.6966269579817,839.554835251959
2553,visits_per_tick=16 (default SentinelScout),16,159.5625,478.00653089895854,1343.873683106945
2553,visits_per_tick=64,64,39.890625,119.50163272473964,335.96842077673625
2553,visits_per_tick=256,256,9.97265625,29.87540818118491,83.99210519418406
2553,visits_per_tick=0.01*N (1% of nodes/tick),26,98.1923076923077,294.15786516858986,826.9991896042739
2705,visits_per_tick=16 (default SentinelScout),16,169.0625,506.4659874977214,1433.662317248289
2705,visits_per_tick=64,64,42.265625,126.61649687443035,358.4155793120722
2705,visits_per_tick=256,256,10.56640625,31.65412421860759,89.60389482801806
2705,visits_per_tick=0.01*N (1% of nodes/tick),27,100.18518518518519,300.12799259124233,849.5776694804675
2866,visits_per_tick=16 (default SentinelScout),16,179.125,536.6105435003584,1529.3492369530088
2866,visits_per_tick=64,64,44.78125,134.1526358750896,382.3373092382522
2866,visits_per_tick=256,256,11.1953125,33.5381589687724,95.58432730956305
2866,visits_per_tick=0.01*N (1% of nodes/tick),29,98.82758620689656,296.06098951743917,843.7788893533842
3037,visits_per_tick=16 (default SentinelScout),16,189.8125,568.6274321739667,1631.5980944781188
3037,visits_per_tick=64,64,47.453125,142.15685804349167,407.8995236195297
3037,visits_per_tick=256,256,11.86328125,35.53921451087292,101.97488090488243
3037,visits_per_tick=0.01*N (1% of nodes/tick),30,101.23333333333333,303.2679638261156,870.18565038833
3218,visits_per_tick=16 (default SentinelScout),16,201.125,602.5166535185463,1740.4816458572832
3218,visits_per_tick=64,64,50.28125,150.62916337963657,435.1204114643208
3218,visits_per_tick=256,256,12.5703125,37.65729084490914,108.7801028660802
3218,visits_per_tick=0.01*N (1% of nodes/tick),32,100.5625,301.25832675927313,870.2408229286416
3409,visits_per_tick=16 (default SentinelScout),16,213.0625,638.278207534097,1856.0705184604649
3409,visits_per_tick=64,64,53.265625,159.56955188352424,464.0176296151162
3409,visits_per_tick=256,256,13.31640625,39.89238797088106,116.00440740377906
3409,visits_per_tick=0.01*N (1% of nodes/tick),34,100.26470588235294,300.3662153101633,873.4449498637482
3612,visits_per_tick=16 (default SentinelScout),16,225.75,676.2865607548132,1979.654254808221
3612,visits_per_tick=64,64,56.4375,169.0716401887033,494.9135637020552
3612,visits_per_tick=256,256,14.109375,42.267910047175825,123.7283909255138
3612,visits_per_tick=0.01*N (1% of nodes/tick),36,100.33333333333333,300.571804779917,879.8463354703204
3827,visits_per_tick=16 (default SentinelScout),16,239.1875,716.541713180695,2111.3205362063954
3827,visits_per_tick=64,64,59.796875,179.13542829517374,527.8301340515989
3827,visits_per_tick=256,256,14.94921875,44.783857073793435,131.95753351289972
3827,visits_per_tick=0.01*N (1% of nodes/tick),38,100.71052631578948,301.701773970819,888.9770678763772
4055,visits_per_tick=16 (default SentinelScout),16,253.4375,759.2308980788393,2251.7723259708746
4055,visits_per_tick=64,64,63.359375,189.80772451970984,562.9430814927186
4055,visits_per_tick=256,256,15.83984375,47.45193112992746,140.73577037317966
4055,visits_per_tick=0.01*N (1% of nodes/tick),41,98.90243902439025,296.28522851857144,878.7404198910731
4297,visits_per_tick=16 (default SentinelScout),16,268.5625,804.5413487163435,2401.7243715726904
4297,visits_per_tick=64,64,67.140625,201.13533717908587,600.4310928931726
4297,visits_per_tick=256,256,16.78515625,50.28383429477147,150.10777322329315
4297,visits_per_tick=0.01*N (1% of nodes/tick),43,99.93023255813954,299.3642227781743,893.6648824456523
4553,visits_per_tick=16 (default SentinelScout),16,284.5625,852.4730650932073,2561.2779992484966
4553,visits_per_tick=64,64,71.140625,213.11826627330183,640.3194998121241
4553,visits_per_tick=256,256,17.78515625,53.27956656832546,160.07987495303104
4553,visits_per_tick=0.01*N (1% of nodes/tick),46,98.97826086956522,296.5123704672025,890.8793040864336
4824,visits_per_tick=16 (default SentinelScout),16,301.5,903.213280476528,2731.1601825975295
4824,visits_per_tick=64,64,75.375,225.803320119132,682.7900456493824
4824,visits_per_tick=256,256,18.84375,56.450830029783,170.6975114123456
4824,visits_per_tick=0.01*N (1% of nodes/tick),48,100.5,301.071093492176,910.3867275325098
5111,visits_per_tick=16 (default SentinelScout),16,319.4375,956.9492281334027,2912.109171686026
5111,visits_per_tick=64,64,79.859375,239.23730703335067,728.0272929215065
5111,visits_per_tick=256,256,19.96484375,59.80932675833767,182.00682323037663
5111,visits_per_tick=0.01*N (1% of nodes/tick),51,100.2156862745098,300.21936568891067,913.6028773916945
5416,visits_per_tick=16 (default SentinelScout),16,338.5,1014.0553745980257,3105.5101903085983
5416,visits_per_tick=64,64,84.625,253.5138436495064,776.3775475771496
5416,visits_per_tick=256,256,21.15625,63.3784609123766,194.0943868942874
5416,visits_per_tick=0.01*N (1% of nodes/tick),54,100.29629629629629,300.4608517327483,920.151167498844
5738,visits_per_tick=16 (default SentinelScout),16,358.625,1074.3444866032996,3310.85528583494
5738,visits_per_tick=64,64,89.65625,268.5861216508249,827.713821458735
5738,visits_per_tick=256,256,22.4140625,67.14653041270623,206.92845536468374
5738,visits_per_tick=0.01*N (1% of nodes/tick),57,100.66666666666667,301.570382204435,929.3628872519131
6080,visits_per_tick=16 (default SentinelScout),16,380.0,1138.3782639505162,3530.1907431474633
6080,visits_per_tick=64,64,95.0,284.59456598762904,882.5476857868658
6080,visits_per_tick=256,256,23.75,71.14864149690726,220.63692144671646
6080,visits_per_tick=0.01*N (1% of nodes/tick),61,99.67213114754098,298.5910200525944,925.9516703337608
6442,visits_per_tick=16 (default SentinelScout),16,402.625,1206.1567066396751,3763.661999153402
6442,visits_per_tick=64,64,100.65625,301.5391766599188,940.9154997883505
6442,visits_per_tick=256,256,25.1640625,75.3847941649797,235.22887494708763
6442,visits_per_tick=0.01*N (1% of nodes/tick),64,100.65625,301.5391766599188,940.9154997883505
6826,visits_per_tick=16 (default SentinelScout),16,426.625,1278.054281204971,4012.710941022327
6826,visits_per_tick=64,64,106.65625,319.51357030124274,1003.1777352555818
6826,visits_per_tick=256,256,26.6640625,79.87839257531068,250.79443381389544
6826,visits_per_tick=0.01*N (1% of nodes/tick),68,100.38235294117646,300.7186544011696,944.1672802405475
7233,visits_per_tick=16 (default SentinelScout),16,452.0625,1354.2582209135005,4278.149900503353
7233,visits_per_tick=64,64,113.015625,338.5645552283751,1069.5374751258382
7233,visits_per_tick=256,256,28.25390625,84.64113880709378,267.38436878145956
7233,visits_per_tick=0.01*N (1% of nodes/tick),72,100.45833333333333,300.94627131411124,950.6999778896339
7663,visits_per_tick=16 (default SentinelScout),16,478.9375,1434.768525765264,4560.143297616666
7663,visits_per_tick=64,64,119.734375,358.692131441316,1140.0358244041665
7663,visits_per_tick=256,256,29.93359375,89.673032860329,285.00895610104163
7663,visits_per_tick=0.01*N (1% of nodes/tick),77,99.51948051948052,298.1337196395354,947.562243660606
8120,visits_per_tick=16 (default SentinelScout),16,507.5,1520.33412882865,4861.495307264058
8120,visits_per_tick=64,64,126.875,380.0835322071625,1215.3738268160146
8120,visits_per_tick=256,256,31.71875,95.02088305179062,303.84345670400364
8120,visits_per_tick=0.01*N (1% of nodes/tick),81,100.24691358024691,300.3129143365234,960.2953693361102
8603,visits_per_tick=16 (default SentinelScout),16,537.6875,1610.767796836561,5181.73848675421
8603,visits_per_tick=64,64,134.421875,402.69194920914026,1295.4346216885524
8603,visits_per_tick=256,256,33.60546875,100.67298730228507,323.8586554221381
8603,visits_per_tick=0.01*N (1% of nodes/tick),86,100.03488372093024,299.6777296440114,964.0443696286902
9116,visits_per_tick=16 (default SentinelScout),16,569.75,1706.8184628573858,5523.727420988435
9116,visits_per_tick=64,64,142.4375,426.70461571434646,1380.9318552471088
9116,visits_per_tick=256,256,35.609375,106.67615392858661,345.2329638117772
9116,visits_per_tick=0.01*N (1% of nodes/tick),91,100.17582417582418,300.0999495133865,971.2048212726919
9659,visits_per_tick=16 (default SentinelScout),16,603.6875,1808.4861268911243,5887.680315433358
9659,visits_per_tick=64,64,150.921875,452.12153172278107,1471.9200788583396
9659,visits_per_tick=256,256,37.73046875,113.03038293069527,367.9800197145849
9659,visits_per_tick=0.01*N (1% of nodes/tick),97,99.57731958762886,298.3069900026597,971.1637633704507
10234,visits_per_tick=16 (default SentinelScout),16,639.625,1916.1452554719708,6275.160323310256
10234,visits_per_tick=64,64,159.90625,479.0363138679927,1568.790080827564
10234,visits_per_tick=256,256,39.9765625,119.75907846699818,392.197520206891
10234,visits_per_tick=0.01*N (1% of nodes/tick),102,100.33333333333333,300.571804779917,984.338874244746
10844,visits_per_tick=16 (default SentinelScout),16,677.75,2030.3575484012167,6688.432043883741
10844,visits_per_tick=64,64,169.4375,507.5893871003042,1672.1080109709353
10844,visits_per_tick=256,256,42.359375,126.89734677507604,418.0270027427338
10844,visits_per_tick=0.01*N (1% of nodes/tick),108,100.4074074074074,300.7937108742543,990.8788213161098
11490,visits_per_tick=16 (default SentinelScout),16,718.125,2151.310238945959,7128.4304956689
11490,visits_per_tick=64,64,179.53125,537.8275597364898,1782.107623917225
11490,visits_per_tick=256,256,44.8828125,134.45688993412244,445.52690597930626
11490,visits_per_tick=0.01*N (1% of nodes/tick),115,99.91304347826087,299.31272889682907,991.7816341800209
12174,visits_per_tick=16 (default SentinelScout),16,760.875,2279.377793640392,7596.784079495817
12174,visits_per_tick=64,64,190.21875,569.844448410098,1899.1960198739544
12174,visits_per_tick=256,256,47.5546875,142.4611121025245,474.7990049684886
12174,visits_per_tick=0.01*N (1% of nodes/tick),122,99.78688524590164,298.934792608576,996.2995514092876
12899,visits_per_tick=16 (default SentinelScout),16,806.1875,2415.1219122858074,8095.832208327948
12899,visits_per_tick=64,64,201.546875,603.7804780714519,2023.958052081987
12899,visits_per_tick=256,256,50.38671875,150.94511951786296,505.98951302049676
12899,visits_per_tick=0.01*N (1% of nodes/tick),129,99.9922480620155,299.5500046245963,1004.134227389513
13667,visits_per_tick=16 (default SentinelScout),16,854.1875,2558.9170614163986,8627.255407117325
13667,visits_per_tick=64,64,213.546875,639.7292653540997,2156.8138517793313
13667,visits_per_tick=256,256,53.38671875,159.9323163385249,539.2034629448328
13667,visits_per_tick=0.01*N (1% of nodes/tick),137,99.75912408759125,298.8516276106743,1007.5626752837752
14481,visits_per_tick=16 (default SentinelScout),16,905.0625,2711.324940833458,9193.4514552776
14481,visits_per_tick=64,64,226.265625,677.8312352083645,2298.3628638194
14481,visits_per_tick=256,256,56.56640625,169.45780880209114,574.59071595485
14481,visits_per_tick=0.01*N (1% of nodes/tick),145,99.86896551724138,299.18068312645056,1014.4498157547696
15344,visits_per_tick=16 (default SentinelScout),16,959.0,2872.9072503382763,9796.851948081738
15344,visits_per_tick=64,64,239.75,718.2268125845691,2449.2129870204344
15344,visits_per_tick=256,256,59.9375,179.55670314614227,612.3032467551086
15344,visits_per_tick=0.01*N (1% of nodes/tick),153,100.2875816993464,300.43474513341454,1024.5073932634498
16258,visits_per_tick=16 (default SentinelScout),16,1016.125,3044.038456465048,10439.217130340281
16258,visits_per_tick=64,64,254.03125,761.009614116262,2609.8042825850703
16258,visits_per_tick=256,256,63.5078125,190.2524035290655,652.4510706462676
16258,visits_per_tick=0.01*N (1% of nodes/tick),163,99.74233128834356,298.8013208800047,1024.7084299720523
17226,visits_per_tick=16 (default SentinelScout),16,1076.625,3225.2802590150645,11123.03363539261
17226,visits_per_tick=64,64,269.15625,806.3200647537661,2780.7584088481526
17226,visits_per_tick=256,256,67.2890625,201.58001618844153,695.1896022120382
17226,visits_per_tick=0.01*N (1% of nodes/tick),172,100.15116279069767,300.0260706060525,1034.7008032923356
18252,visits_per_tick=16 (default SentinelScout),16,1140.75,3417.381591056714,11851.531926126874
18252,visits_per_tick=64,64,285.1875,854.3453977641785,2962.8829815317185
18252,visits_per_tick=256,256,71.296875,213.58634944104463,740.7207453829296
18252,visits_per_tick=0.01*N (1% of nodes/tick),183,99.73770491803279,298.78746151315534,1036.1995126668305
19339,visits_per_tick=16 (default SentinelScout),16,1208.6875,3620.9041523912883,12627.272806951016
19339,visits_per_tick=64,64,302.171875,905.2260380978221,3156.818201737754
19339,visits_per_tick=256,256,75.54296875,226.30650952445552,789.2045504344385
19339,visits_per_tick=0.01*N (1% of nodes/tick),193,100.20207253886011,300.1785825816612,1046.8205435814314
20491,visits_per_tick=16 (default SentinelScout),16,1280.6875,3836.5968760871756,13453.56674556271
20491,visits_per_tick=64,64,320.171875,959.1492190217939,3363.3916863906775
20491,visits_per_tick=256,256,80.04296875,239.78730475544847,840.8479215976694
20491,visits_per_tick=0.01*N (1% of nodes/tick),205,99.9560975609756,299.4417074019259,1050.0344777024554
21711,visits_per_tick=16 (default SentinelScout),16,1356.9375,4065.0214619456674,14333.045839933064
21711,visits_per_tick=64,64,339.234375,1016.2553654864168,3583.261459983266
21711,visits_per_tick=256,256,84.80859375,254.0638413716042,895.8153649958165
21711,visits_per_tick=0.01*N (1% of nodes/tick),217,100.05069124423963,299.72508475175425,1056.814439810733
23004,visits_per_tick=16 (default SentinelScout),16,1437.75,4307.1140763022495,15269.823805258753
23004,visits_per_tick=64,64,359.4375,1076.7785190755624,3817.4559513146883
23004,visits_per_tick=256,256,89.859375,269.1946297688906,954.3639878286721
23004,visits_per_tick=0.01*N (1% of nodes/tick),230,100.01739130434783,299.625327047113,1062.2486125397393
24374,visits_per_tick=16 (default SentinelScout),16,1523.375,4563.623652225309,16267.341556891382
24374,visits_per_tick=64,64,380.84375,1140.9059130563273,4066.8353892228456
24374,visits_per_tick=256,256,95.2109375,285.22647826408183,1016.7088473057114
24374,visits_per_tick=0.01*N (1% of nodes/tick),244,99.89344262295081,299.2540099819875,1066.7109217633692
25826,visits_per_tick=16 (default SentinelScout),16,1614.125,4835.4863560503345,17329.81527010236
25826,visits_per_tick=64,64,403.53125,1208.8715890125836,4332.45381752559
25826,visits_per_tick=256,256,100.8828125,302.2178972531459,1083.1134543813976
25826,visits_per_tick=0.01*N (1% of nodes/tick),258,100.10077519379846,299.87512285583466,1074.7172260528596
27364,visits_per_tick=16 (default SentinelScout),16,1710.25,5123.451120845712,18460.779224184138
27364,visits_per_tick=64,64,427.5625,1280.862780211428,4615.1948060460345
27364,visits_per_tick=256,256,106.890625,320.215695052857,1153.7987015115086
27364,visits_per_tick=0.01*N (1% of nodes/tick),274,99.86861313868613,299.17962749464004,1078.0017065217014
28994,visits_per_tick=16 (default SentinelScout),16,1812.125,5428.641346214024,19665.288966395216
28994,visits_per_tick=64,64,453.03125,1357.160336553506,4916.322241598804
28994,visits_per_tick=256,256,113.2578125,339.2900841383765,1229.080560399701
28994,visits_per_tick=0.01*N (1% of nodes/tick),290,99.97931034482758,299.5112466876703,1084.9814602149083
30721,visits_per_tick=16 (default SentinelScout),16,1920.0625,5751.993198490758,20947.723284973734
30721,visits_per_tick=64,64,480.015625,1437.9982996226895,5236.9308212434335
30721,visits_per_tick=256,256,120.00390625,359.4995749056724,1309.2327053108584
30721,visits_per_tick=0.01*N (1% of nodes/tick),307,100.06840390879479,299.7781471526128,1091.7380213667093
32551,visits_per_tick=16 (default SentinelScout),16,2034.4375,6094.630077278495,22313.260958549585
32551,visits_per_tick=64,64,508.609375,1523.6575193196238,5578.315239637396
32551,visits_per_tick=256,256,127.15234375,380.91437982990595,1394.578809909349
32551,visits_per_tick=0.01*N (1% of nodes/tick),326,99.84969325153374,299.12294857808564,1095.1293721987524
34490,visits_per_tick=16 (default SentinelScout),16,2155.625,6457.675382179819,23767.146024375634
34490,visits_per_tick=64,64,538.90625,1614.4188455449548,5941.786506093908
34490,visits_per_tick=256,256,134.7265625,403.6047113862387,1485.446626523477
34490,visits_per_tick=0.01*N (1% of nodes/tick),345,99.97101449275362,299.4863945358757,1102.2444533043772
36544,visits_per_tick=16 (default SentinelScout),16,2284.0,6842.252512797313,25314.68649588292
36544,visits_per_tick=64,64,571.0,1710.5631281993283,6328.67162397073
36544,visits_per_tick=256,256,142.75,427.64078204983207,1582.1679059926826
36544,visits_per_tick=0.01*N (1% of nodes/tick),365,100.12054794520547,299.9343567253616,1109.684887490758
38720,visits_per_tick=16 (default SentinelScout),16,2420.0,7249.672102000655,26962.011839226754
38720,visits_per_tick=64,64,605.0,1812.4180255001638,6740.5029598066885
38720,visits_per_tick=256,256,151.25,453.10450637504096,1685.1257399516721
38720,visits_per_tick=0.01*N (1% of nodes/tick),387,100.05167958656331,299.7280455607506,1114.7084998129924
41027,visits_per_tick=16 (default SentinelScout),16,2564.1875,7681.619249193722,28716.852061480375
41027,visits_per_tick=64,64,641.046875,1920.4048122984304,7179.213015370094
41027,visits_per_tick=256,256,160.26171875,480.1012030746076,1794.8032538425234
41027,visits_per_tick=0.01*N (1% of nodes/tick),410,100.06585365853658,299.77050728560863,1120.6576414236245
43470,visits_per_tick=16 (default SentinelScout),16,2716.875,8139.0301207119965,30583.975953550223
43470,visits_per_tick=64,64,679.21875,2034.7575301779991,7645.993988387556
43470,visits_per_tick=256,256,169.8046875,508.6893825444998,1911.498497096889
43470,visits_per_tick=0.01*N (1% of nodes/tick),435,99.93103448275862,299.36662512963665,1124.9278511650657
46059,visits_per_tick=16 (default SentinelScout),16,2878.6875,8623.777049226452,32572.044287876215
46059,visits_per_tick=64,64,719.671875,2155.944262306613,8143.011071969054
46059,visits_per_tick=256,256,179.91796875,538.9860655766532,2035.7527679922634
46059,visits_per_tick=0.01*N (1% of nodes/tick),461,99.91106290672451,299.3067956347575,1130.4830989284587
48803,visits_per_tick=16 (default SentinelScout),16,3050.1875,9137.54513414096,34689.05872031429
48803,visits_per_tick=64,64,762.546875,2284.38628353524,8672.264680078573
48803,visits_per_tick=256,256,190.63671875,571.09657088381,2168.0661700196433
48803,visits_per_tick=0.01*N (1% of nodes/tick),488,100.0061475409836,299.5916437423266,1137.3461875512885
51709,visits_per_tick=16 (default SentinelScout),16,3231.8125,9681.645008325204,36941.56498405801
51709,visits_per_tick=64,64,807.953125,2420.411252081301,9235.391246014502
51709,visits_per_tick=256,256,201.98828125,605.1028130203252,2308.8478115036255
51709,visits_per_tick=0.01*N (1% of nodes/tick),517,100.0174081237911,299.62537743366204,1143.2592644969595
54789,visits_per_tick=16 (default SentinelScout),16,3424.3125,10258.323470984347,39340.07851156719
54789,visits_per_tick=64,64,856.078125,2564.580867746087,9835.019627891797
54789,visits_per_tick=256,256,214.01953125,641.1452169365217,2458.7549069729494
54789,visits_per_tick=0.01*N (1% of nodes/tick),548,99.97992700729927,299.5130940433386,1148.6154309946623
58052,visits_per_tick=16 (default SentinelScout),16,3628.25,10869.265621522263,41892.89963662233
58052,visits_per_tick=64,64,907.0625,2717.316405380566,10473.224909155582
58052,visits_per_tick=256,256,226.765625,679.3291013451415,2618.3062272888956
58052,visits_per_tick=0.01*N (1% of nodes/tick),581,99.91738382099828,299.32573140164584,1153.6770984267766
61510,visits_per_tick=16 (default SentinelScout),16,3844.375,11516.71825914412,44610.78376212274
61510,visits_per_tick=64,64,961.09375,2879.17956478603,11152.695940530684
61510,visits_per_tick=256,256,240.2734375,719.7948911965075,2788.173985132671
61510,visits_per_tick=0.01*N (1% of nodes/tick),615,100.01626016260163,299.62193844927793,1160.6057564129492
65173,visits_per_tick=16 (default SentinelScout),16,4073.3125,12202.553716520886,47503.036430358625
65173,visits_per_tick=64,64,1018.328125,3050.6384291302215,11875.759107589656
65173,visits_per_tick=256,256,254.58203125,762.6596072825554,2968.939776897414
65173,visits_per_tick=0.01*N (1% of nodes/tick),652,99.95858895705521,299.4491709575678,1165.7186854075735
69055,visits_per_tick=16 (default SentinelScout),16,4315.9375,12929.393259391923,50582.244694957415
69055,visits_per_tick=64,64,1078.984375,3232.348314847981,12645.561173739354
69055,visits_per_tick=256,256,269.74609375,808.0870787119952,3161.3902934348384
69055,visits_per_tick=0.01*N (1% of nodes/tick),691,99.93487698986975,299.3781362522008,1171.2241897529937
73168,visits_per_tick=16 (default SentinelScout),16,4573.0,13699.483686962396,53859.55522368552
73168,visits_per_tick=64,64,1143.25,3424.870921740599,13464.88880592138
73168,visits_per_tick=256,256,285.8125,856.2177304351497,3366.222201480345
73168,visits_per_tick=0.01*N (1% of nodes/tick),732,99.95628415300547,299.44226638169175,1177.2580376761864
77526,visits_per_tick=16 (default SentinelScout),16,4845.375,14515.446264971664,57347.84431565746
77526,visits_per_tick=64,64,1211.34375,3628.861566242916,14336.961078914364
77526,visits_per_tick=256,256,302.8359375,907.215391560729,3584.240269728591
77526,visits_per_tick=0.01*N (1% of nodes/tick),775,100.03354838709677,299.67372934135045,1183.955495549057
82143,visits_per_tick=16 (default SentinelScout),16,5133.9375,15379.902259159087,61060.13949925435
82143,visits_per_tick=64,64,1283.484375,3844.975564789772,15265.034874813588
82143,visits_per_tick=256,256,320.87109375,961.243891197443,3816.258718703397
82143,visits_per_tick=0.01*N (1% of nodes/tick),821,100.05237515225335,299.7301292893367,1189.9661778173806
87036,visits_per_tick=16 (default SentinelScout),16,5439.75,16296.034635065316,65012.044845895514
87036,visits_per_tick=64,64,1359.9375,4074.008658766329,16253.011211473879
87036,visits_per_tick=256,256,339.984375,1018.5021646915823,4063.2528028684696
87036,visits_per_tick=0.01*N (1% of nodes/tick),870,100.04137931034482,299.69718869085636,1195.6238132578485
92220,visits_per_tick=16 (default SentinelScout),16,5763.75,17266.65189169681,69217.72661590442
92220,visits_per_tick=64,64,1440.9375,4316.662972924202,17304.431653976106
92220,visits_per_tick=256,256,360.234375,1079.1657432310506,4326.107913494026
92220,visits_per_tick=0.01*N (1% of nodes/tick),922,100.02169197396964,299.6382107018969,1201.1752991914002
97712,visits_per_tick=16 (default SentinelScout),16,6107.0,18294.936994594216,73693.1404214657
97712,visits_per_tick=64,64,1526.75,4573.734248648554,18423.285105366424
97712,visits_per_tick=256,256,381.6875,1143.4335621621385,4605.821276341606
97712,visits_per_tick=0.01*N (1% of nodes/tick),977,100.01228249744115,299.61002242938326,1206.8477448755898
103532,visits_per_tick=16 (default SentinelScout),16,6470.75,19384.63460909948,78456.88405719577
103532,visits_per_tick=64,64,1617.6875,4846.15865227487,19614.221014298942
103532,visits_per_tick=256,256,404.421875,1211.5396630687176,4903.555253574736
103532,visits_per_tick=0.01*N (1% of nodes/tick),1035,100.03091787439614,299.6658490295572,1212.860043396263
109699,visits_per_tick=16 (default SentinelScout),16,6856.1875,20539.302167287446,83526.95221368947
109699,visits_per_tick=64,64,1714.046875,5134.825541821861,20881.738053422367
109699,visits_per_tick=256,256,428.51171875,1283.7063854554654,5220.434513355592
109699,visits_per_tick=0.01*N (1% of nodes/tick),1097,99.99908842297174,299.5704965146756,1218.2600140556347
116232,visits_per_tick=16 (default SentinelScout),16,7264.5,21762.49710123296,88921.54185547809
116232,visits_per_tick=64,64,1816.125,5440.62427530824,22230.385463869523
116232,visits_per_tick=256,256,454.03125,1360.15606882706,5557.596365967381
116232,visits_per_tick=0.01*N (1% of nodes/tick),1162,100.0275387263339,299.65572600665,1224.3930031735365
123155,visits_per_tick=16 (default SentinelScout),16,7697.1875,23058.713009346353,94663.20365634296
123155,visits_per_tick=64,64,1924.296875,5764.678252336588,23665.80091408574
123155,visits_per_tick=256,256,481.07421875,1441.169563084147,5916.450228521435
123155,visits_per_tick=0.01*N (1% of nodes/tick),1232,99.96347402597402,299.4638053161864,1229.3922552771812
130490,visits_per_tick=16 (default SentinelScout),16,8155.625,24432.06902350376,100773.08445067517
130490,visits_per_tick=64,64,2038.90625,6108.01725587594,25193.271112668794
130490,visits_per_tick=256,256,509.7265625,1527.004313968985,6298.317778167198
130490,visits_per_tick=0.01*N (1% of nodes/tick),1305,99.99233716475096,299.5502715525365,1235.5320698933356
138262,visits_per_tick=16 (default SentinelScout),16,8641.375,25887.24597538261,107275.07813833423
138262,visits_per_tick=64,64,2160.34375,6471.811493845653,26818.769534583556
138262,visits_per_tick=256,256,540.0859375,1617.9528734614132,6704.692383645889
138262,visits_per_tick=0.01*N (1% of nodes/tick),1383,99.97252349963847,299.49091511650164,1241.071041369015
146497,visits_per_tick=16 (default SentinelScout),16,9156.0625,27429.11192992743,114194.19078684539
146497,visits_per_tick=64,64,2289.015625,6857.277982481857,28548.547696711346
146497,visits_per_tick=256,256,572.25390625,1714.3194956204643,7137.136924177837
146497,visits_per_tick=0.01*N (1% of nodes/tick),1465,99.99795221843003,299.5670927500606,1247.1720495491645
155223,visits_per_tick=16 (default SentinelScout),16,9701.4375,29062.909418616935,121557.39888032906
155223,visits_per_tick=64,64,2425.359375,7265.727354654234,30389.349720082264
155223,visits_per_tick=256,256,606.33984375,1816.4318386635584,7597.337430020566
155223,visits_per_tick=0.01*N (1% of nodes/tick),1552,100.01481958762886,299.61762287233955,1253.169060621949
164468,visits_per_tick=16 (default SentinelScout),16,10279.25,30793.880972929852,129391.98124824183
164468,visits_per_tick=64,64,2569.8125,7698.470243232463,32347.99531206046
164468,visits_per_tick=256,256,642.453125,1924.6175608081157,8086.998828015115
164468,visits_per_tick=0.01*N (1% of nodes/tick),1645,99.980547112462,299.5149517123876,1258.5238297701335
174263,visits_per_tick=16 (default SentinelScout),16,10891.4375,32627.830824146185,137728.07149140307
174263,visits_per_tick=64,64,2722.859375,8156.957706036546,34432.01787285077
174263,visits_per_tick=256,256,680.71484375,2039.2394265091366,8608.004468212692
174263,visits_per_tick=0.01*N (1% of nodes/tick),1743,99.97877223178428,299.50963464505963,1264.2852230995118
184642,visits_per_tick=16 (default SentinelScout),16,11540.125,34571.12490334724,146598.7057429702
184642,visits_per_tick=64,64,2885.03125,8642.78122583681,36649.67643574255
184642,visits_per_tick=256,256,721.2578125,2160.6953064592026,9162.419108935637
184642,visits_per_tick=0.01*N (1% of nodes/tick),1846,100.02275189599133,299.6413859445048,1270.6280021059172
195640,visits_per_tick=16 (default SentinelScout),16,12227.5,36630.31637488141,156038.14988800665
195640,visits_per_tick=64,64,3056.875,9157.579093720353,39009.53747200166
195640,visits_per_tick=256,256,764.21875,2289.394773430088,9752.384368000416
195640,visits_per_tick=0.01*N (1% of nodes/tick),1956,100.02044989775051,299.6344897740811,1276.3856841554737
207292,visits_per_tick=16 (default SentinelScout),16,12955.75,38811.95840309711,166081.0466780011
207292,visits_per_tick=64,64,3238.9375,9702.989600774277,41520.26166950027
207292,visits_per_tick=256,256,809.734375,2425.7474001935693,10380.065417375068
207292,visits_per_tick=0.01*N (1% of nodes/tick),2073,99.99614085865895,299.5616664011354,1281.8604664003942
219639,visits_per_tick=16 (default SentinelScout),16,13727.4375,41123.7275519453,176767.61188394873
219639,visits_per_tick=64,64,3431.859375,10280.931887986326,44191.90297098718
219639,visits_per_tick=256,256,857.96484375,2570.2329719965815,11047.975742746796
219639,visits_per_tick=0.01*N (1% of nodes/tick),2196,100.01775956284153,299.6264302509676,1287.9243124513569
232720,visits_per_tick=16 (default SentinelScout),16,14545.0,43572.92591884278,188136.76720513712
232720,visits_per_tick=64,64,3636.25,10893.231479710696,47034.19180128428
232720,visits_per_tick=256,256,909.0625,2723.307869927674,11758.54795032107
232720,visits_per_tick=0.01*N (1% of nodes/tick),2327,100.00859475719811,299.59897494692075,1293.5918673322708
246581,visits_per_tick=16 (default SentinelScout),16,15411.3125,46168.16623407602,200233.96633347546
246581,visits_per_tick=64,64,3852.828125,11542.041558519006,50058.491583368865
246581,visits_per_tick=256,256,963.20703125,2885.5103896297514,12514.622895842216
246581,visits_per_tick=0.01*N (1% of nodes/tick),2466,99.99229521492295,299.55014588208286,1299.1660427151692
261268,visits_per_tick=16 (default SentinelScout),16,16329.25,48918.06122793149,213105.16524336147
261268,visits_per_tick=64,64,4082.3125,12229.515306982872,53276.291310840366
261268,visits_per_tick=256,256,1020.578125,3057.378826745718,13319.072827710092
261268,visits_per_tick=0.01*N (1% of nodes/tick),2613,99.98775353999234,299.53654023991726,1304.8919417886655
276829,visits_per_tick=16 (default SentinelScout),16,17301.8125,51831.59809722984,226798.5760273225
276829,visits_per_tick=64,64,4325.453125,12957.89952430746,56699.644006830626
276829,visits_per_tick=256,256,1081.36328125,3239.474881076865,14174.911001707656
276829,visits_per_tick=0.01*N (1% of nodes/tick),2768,100.01047687861272,299.6046132787852,1310.9744279035983
293317,visits_per_tick=16 (default SentinelScout),16,18332.3125,54918.70020512723,241367.34893295693
293317,visits_per_tick=64,64,4583.078125,13729.675051281807,60341.83723323923
293317,visits_per_tick=256,256,1145.76953125,3432.418762820452,15085.459308309808
293317,visits_per_tick=0.01*N (1% of nodes/tick),2933,100.00579611319468,299.59059095875745,1316.698800861681
310787,visits_per_tick=16 (default SentinelScout),16,19424.1875,58189.66538131399,256866.98484321212
310787,visits_per_tick=64,64,4856.046875,14547.416345328498,64216.74621080303
310787,visits_per_tick=256,256,1214.01171875,3636.8540863321246,16054.186552700758
310787,visits_per_tick=0.01*N (1% of nodes/tick),3108,99.99581724581725,299.5606969437014,1322.3525603254163
329297,visits_per_tick=16 (default SentinelScout),16,20581.0625,61655.353155281766,273356.25250485976
329297,visits_per_tick=64,64,5145.265625,15413.838288820441,68339.06312621494
329297,visits_per_tick=256,256,1286.31640625,3853.4595722051104,17084.765781553735
329297,visits_per_tick=0.01*N (1% of nodes/tick),3293,99.99908897661706,299.5704981732488,1328.1810021493336
348910,visits_per_tick=16 (default SentinelScout),16,21806.875,65327.559222857664,290899.02300073014
348910,visits_per_tick=64,64,5451.71875,16331.889805714416,72724.75575018254
348910,visits_per_tick=256,256,1362.9296875,4082.972451428604,18181.188937545634
348910,visits_per_tick=0.01*N (1% of nodes/tick),3489,100.00286615075953,299.58181357573017,1334.0167291521016
369691,visits_per_tick=16 (default SentinelScout),16,23105.6875,69218.453746403,309561.6476210643
369691,visits_per_tick=64,64,5776.421875,17304.61343660075,77390.41190526607
369691,visits_per_tick=256,256,1444.10546875,4326.1533591501875,19347.602976316517
369691,visits_per_tick=0.01*N (1% of nodes/tick),3697,99.99756559372464,299.56593452595297,1339.7312312515628
391710,visits_per_tick=16 (default SentinelScout),16,24481.875,73341.14305461459,329415.6906868666
391710,visits_per_tick=64,64,6120.46875,18335.285763653646,82353.92267171665
391710,visits_per_tick=256,256,1530.1171875,4583.821440913412,20588.48066792916
391710,visits_per_tick=0.01*N (1% of nodes/tick),3917,100.00255297421496,299.58087538264834,1345.583622923121
415040,visits_per_tick=16 (default SentinelScout),16,25940.0,77709.2951759905,350536.1912196048
415040,visits_per_tick=64,64,6485.0,19427.323793997624,87634.0478049012
415040,visits_per_tick=256,256,1621.25,4856.830948499406,21908.5119512253
415040,visits_per_tick=0.01*N (1% of nodes/tick),4150,100.00963855421686,299.60210188333684,1351.4648336177534
439760,visits_per_tick=16 (default SentinelScout),16,27485.0,82337.70153863142,373004.43385348056
439760,visits_per_tick=64,64,6871.25,20584.425384657854,93251.10846337014
439760,visits_per_tick=256,256,1717.8125,5146.1063461644635,23312.777115842535
439760,visits_per_tick=0.01*N (1% of nodes/tick),4398,99.99090495679854,299.545981040951,1356.9965760926987
465953,visits_per_tick=16 (default SentinelScout),16,29122.0625,87241.9025037064,396906.21233521414
465953,visits_per_tick=64,64,7280.515625,21810.4756259266,99226.55308380353
465953,visits_per_tick=256,256,1820.12890625,5452.61890648165,24806.638270950883
465953,visits_per_tick=0.01*N (1% of nodes/tick),4660,99.98991416309013,299.5430128882623,1362.7681110221945
493705,visits_per_tick=16 (default SentinelScout),16,30856.5625,92438.00013218579,422330.9665914296
493705,visits_per_tick=64,64,7714.140625,23109.500033046446,105582.7416478574
493705,visits_per_tick=256,256,1928.53515625,5777.375008261612,26395.68541196435
493705,visits_per_tick=0.01*N (1% of nodes/tick),4937,100.0010127607859,299.5762613155707,1368.7047732353399
523110,visits_per_tick=16 (default SentinelScout),16,32694.375,97943.59435117673,449376.42635556596
523110,visits_per_tick=64,64,8173.59375,24485.89858779418,112344.10658889149
523110,visits_per_tick=256,256,2043.3984375,6121.474646948545,28086.026647222872
523110,visits_per_tick=0.01*N (1% of nodes/tick),5231,100.00191168036704,299.5789542379713,1374.5025466811423
554266,visits_per_tick=16 (default SentinelScout),16,34641.625,103777.03402085474,478145.0357060178
554266,visits_per_tick=64,64,8660.40625,25944.258505213686,119536.25892650445
554266,visits_per_tick=256,256,2165.1015625,6486.064626303421,29884.064731626113
554266,visits_per_tick=0.01*N (1% of nodes/tick),5543,99.99386613747069,299.5548519454584,1380.1769026332825
587279,visits_per_tick=16 (default SentinelScout),16,36704.9375,109958.16586753211,508747.71990065434
587279,visits_per_tick=64,64,9176.234375,27489.541466883027,127186.92997516358
587279,visits_per_tick=256,256,2294.05859375,6872.385366720757,31796.732493790896
587279,visits_per_tick=0.01*N (1% of nodes/tick),5873,99.99642431466032,299.56251555942686,1385.9975342091725
622257,visits_per_tick=16 (default SentinelScout),16,38891.0625,116507.21108405532,541298.4138126604
622257,visits_per_tick=64,64,9722.765625,29126.80277101383,135324.6034531651
622257,visits_per_tick=256,256,2430.69140625,7281.700692753458,33831.150863291274
622257,visits_per_tick=0.01*N (1% of nodes/tick),6223,99.9930901494456,299.5525272930878,1391.7362399168512
659319,visits_per_tick=16 (default SentinelScout),16,41207.4375,123446.45042920894,575922.4990619556
659319,visits_per_tick=64,64,10301.859375,30861.612607302235,143980.6247654889
659319,visits_per_tick=256,256,2575.46484375,7715.403151825559,35995.156191372225
659319,visits_per_tick=0.01*N (1% of nodes/tick),6593,100.0028818443804,299.5818605896167,1397.6581199744107
698588,visits_per_tick=16 (default SentinelScout),16,43661.75,130798.91359484592,612750.4009940295
698588,visits_per_tick=64,64,10915.4375,32699.72839871148,153187.60024850737
698588,visits_per_tick=256,256,2728.859375,8174.93209967787,38296.90006212684
698588,visits_per_tick=0.01*N (1% of nodes/tick),6986,99.9982822788434,299.5680815226932,1403.379103335882
740196,visits_per_tick=16 (default SentinelScout),16,46262.25,138589.31537222306,651922.3512472848
740196,visits_per_tick=64,64,11565.5625,34647.328843055766,162980.5878118212
740196,visits_per_tick=256,256,2891.390625,8661.832210763941,40745.1469529553
740196,visits_per_tick=0.01*N (1% of nodes/tick),7402,99.99945960551203,299.5716084781909,1409.1809808101268
784282,visits_per_tick=16 (default SentinelScout),16,49017.625,146843.6811854669,693586.6292387617
784282,visits_per_tick=64,64,12254.40625,36710.92029636673,173396.65730969043
784282,visits_per_tick=256,256,3063.6015625,9177.730074091682,43349.16432742261
784282,visits_per_tick=0.01*N (1% of nodes/tick),7843,99.9977049598368,299.566352029513,1414.9414851230636
830994,visits_per_tick=16 (default SentinelScout),16,51937.125,155589.72155810776,737901.5605193397
830994,visits_per_tick=64,64,12984.28125,38897.43038952694,184475.39012983494
830994,visits_per_tick=256,256,3246.0703125,9724.357597381735,46118.847532458734
830994,visits_per_tick=0.01*N (1% of nodes/tick),8310,99.99927797833935,299.571064371808,1420.7490936593786
880488,visits_per_tick=16 (default SentinelScout),16,55030.5,164856.64487981284,785034.6945117975
880488,visits_per_tick=64,64,13757.625,41214.16121995321,196258.67362794938
880488,visits_per_tick=256,256,3439.40625,10303.540304988303,49064.668406987344
880488,visits_per_tick=0.01*N (1% of nodes/tick),8805,99.99863713798977,299.56914458569054,1426.5252824745894
932930,visits_per_tick=16 (default SentinelScout),16,58308.125,174675.53187292026,835164.8318331193
932930,visits_per_tick=64,64,14577.03125,43668.882968230064,208791.20795827982
932930,visits_per_tick=256,256,3644.2578125,10917.220742057516,52197.801989569954
932930,visits_per_tick=0.01*N (1% of nodes/tick),9329,100.00321577875442,299.5828609675982,1432.3761720795271
988496,visits_per_tick=16 (default SentinelScout),16,61781.0,185079.33559243905,888482.1704137127
988496,visits_per_tick=64,64,15445.25,46269.83389810976,222120.54260342818
988496,visits_per_tick=256,256,3861.3125,11567.45847452744,55530.135650857046
988496,visits_per_tick=0.01*N (1% of nodes/tick),9885,99.99959534648457,299.5720151218032,1438.1097346099548
1047371,visits_per_tick=16 (default SentinelScout),16,65460.6875,196102.69419278225,945187.4846133402
1047371,visits_per_tick=64,64,16365.171875,49025.67354819556,236296.87115333506
1047371,visits_per_tick=256,256,4091.29296875,12256.41838704889,59074.217788333764
1047371,visits_per_tick=0.01*N (1% of nodes/tick),10474,99.99723123925912,299.5649328894898,1443.8609656113656
1109752,visits_per_tick=16 (default SentinelScout),16,69359.5,207782.49262756796,1005495.1546694033
1109752,visits_per_tick=64,64,17339.875,51945.62315689199,251373.78866735083
1109752,visits_per_tick=256,256,4334.96875,12986.405789222998,62843.44716683771
1109752,visits_per_tick=0.01*N (1% of nodes/tick),11098,99.99567489637772,299.5602705028913,1449.6235785466256
1175850,visits_per_tick=16 (default SentinelScout),16,73490.625,220158.2371161537,1069635.2867425226
1175850,visits_per_tick=64,64,18372.65625,55039.559279038425,267408.82168563065
1175850,visits_per_tick=256,256,4593.1640625,13759.889819759606,66852.20542140766
1175850,visits_per_tick=0.01*N (1% of nodes/tick),11758,100.00425242388161,299.58596647886196,1455.5336441469944
1245883,visits_per_tick=16 (default SentinelScout),16,77867.6875,233270.7445107666,1137847.0918247504
1245883,visits_per_tick=64,64,19466.921875,58317.68612769165,284461.7729561876
1245883,visits_per_tick=256,256,4866.73046875,14579.421531922913,71115.4432390469
1245883,visits_per_tick=0.01*N (1% of nodes/tick),12459,99.99863552452042,299.5691397521684,1461.2371353395943
1320088,visits_per_tick=16 (default SentinelScout),16,82505.5,247164.38909570873,1210390.7188078936
1320088,visits_per_tick=64,64,20626.375,61791.09727392718,302597.6797019734
1320088,visits_per_tick=256,256,5156.59375,15447.774318481795,75649.41992549335
1320088,visits_per_tick=0.01*N (1% of nodes/tick),13201,99.99909097795621,299.57050416872505,1467.0291266514882
1398713,visits_per_tick=16 (default SentinelScout),16,87419.5625,261885.60472122012,1287539.6847878862
1398713,visits_per_tick=64,64,21854.890625,65471.40118030503,321884.92119697155
1398713,visits_per_tick=256,256,5463.72265625,16367.850295076258,80471.23029924289
1398713,visits_per_tick=0.01*N (1% of nodes/tick),13987,100.00092943447487,299.57601169225154,1472.841564067075
1482021,visits_per_tick=16 (default SentinelScout),16,92626.3125,277483.6337365474,1369584.968484798
1482021,visits_per_tick=64,64,23156.578125,69370.90843413684,342396.2421211995
1482021,visits_per_tick=256,256,5789.14453125,17342.72710853421,85599.06053029987
1482021,visits_per_tick=0.01*N (1% of nodes/tick),14820,100.00141700404858,299.5774723201591,1478.6342439781893
1570290,visits_per_tick=16 (default SentinelScout),16,98143.125,294010.5269899434,1456835.226350681
1570290,visits_per_tick=64,64,24535.78125,73502.63174748585,364208.80658767023
1570290,visits_per_tick=256,256,6133.9453125,18375.657936871463,91052.20164691756
1570290,visits_per_tick=0.01*N (1% of nodes/tick),15703,99.99936317901037,299.5713196102079,1484.389200892243
1663817,visits_per_tick=16 (default SentinelScout),16,103988.5625,311521.8927617362,1549620.9808568996
1663817,visits_per_tick=64,64,25997.140625,77880.47319043404,387405.2452142249
1663817,visits_per_tick=256,256,6499.28515625,19470.11829760851,96851.31130355623
1663817,visits_per_tick=0.01*N (1% of nodes/tick),16638,100.00102175742276,299.5762882670861,1490.1992843917774
1762914,visits_per_tick=16 (default SentinelScout),16,110182.125,330076.14783125994,1648290.9122389434
1762914,visits_per_tick=64,64,27545.53125,82519.03695781498,412072.72805973585
1762914,visits_per_tick=256,256,6886.3828125,20629.759239453746,103018.18201493396
1762914,visits_per_tick=0.01*N (1% of nodes/tick),17629,100.00079414600941,299.5756064042293,1495.9813146419588
1867914,visits_per_tick=16 (default SentinelScout),16,116744.625,349735.64087645797,1753218.0707449657
1867914,visits_per_tick=64,64,29186.15625,87433.91021911449,438304.5176862414
1867914,visits_per_tick=256,256,7296.5390625,21858.477554778623,109576.12942156036
1867914,visits_per_tick=0.01*N (1% of nodes/tick),18679,100.00074950479147,299.575472671092,1501.76610803145
1979167,visits_per_tick=16 (default SentinelScout),16,123697.9375,370565.90354081435,1864796.1680266776
1979167,visits_per_tick=64,64,30924.484375,92641.47588520359,466199.0420066694
1979167,visits_per_tick=256,256,7731.12109375,23160.368971300897,116549.76050166735
1979167,visits_per_tick=0.01*N (1% of nodes/tick),19792,99.99833265966046,299.5682324501328,1507.5150913716068
2097046,visits_per_tick=16 (default SentinelScout),16,131065.375,392636.77383295627,1983445.8608995469
2097046,visits_per_tick=64,64,32766.34375,98159.19345823907,495861.4652248867
2097046,visits_per_tick=256,256,8191.5859375,24539.798364559767,123965.36630622168
2097046,visits_per_tick=0.01*N (1% of nodes/tick),20970,100.00219360991893,299.57979882342875,1513.3587875246901
2221947,visits_per_tick=16 (default SentinelScout),16,138871.6875,416022.39612665423,2109615.089226726
2221947,visits_per_tick=64,64,34717.921875,104005.59903166356,527403.7723066815
2221947,visits_per_tick=256,256,8679.48046875,26001.39975791589,131850.94307667037
2221947,visits_per_tick=0.01*N (1% of nodes/tick),22219,100.00211530671947,299.579564248007,1519.1431399985427
2354286,visits_per_tick=16 (default SentinelScout),16,147142.875,440800.65946102055,2243776.3624801473
2354286,visits_per_tick=64,64,36785.71875,110200.16486525514,560944.0906200368
2354286,visits_per_tick=256,256,9196.4296875,27550.041216313784,140236.0226550092
2354286,visits_per_tick=0.01*N (1% of nodes/tick),23543,99.99940534341418,299.57144592347316,1524.8873040684007
2494508,visits_per_tick=16 (default SentinelScout),16,155906.75,467054.8826399135,2386436.206410592
2494508,visits_per_tick=64,64,38976.6875,116763.72065997838,596609.051602648
2494508,visits_per_tick=256,256,9744.171875,29190.930164994596,149152.262900662
2494508,visits_per_tick=0.01*N (1% of nodes/tick),24945,100.00032070555221,299.5741881033721,1530.6866828049497
2643081,visits_per_tick=16 (default SentinelScout),16,165192.5625,494872.69083233457,2538129.4578834004
2643081,visits_per_tick=64,64,41298.140625,123718.17270808364,634532.3644708501
2643081,visits_per_tick=256,256,10324.53515625,30929.54317702091,158633.09111771252
2643081,visits_per_tick=0.01*N (1% of nodes/tick),26431,99.99928114713784,299.5710738646799,1536.4561055629529
2800504,visits_per_tick=16 (default SentinelScout),16,175031.5,524347.5134385652,2699427.7937307106
2800504,visits_per_tick=64,64,43757.875,131086.8783596413,674856.9484326777
2800504,visits_per_tick=256,256,10939.46875,32771.719589910324,168714.23710816941
2800504,visits_per_tick=0.01*N (1% of nodes/tick),28005,100.0001428316372,299.57365524074424,1542.2547652094759
2967302,visits_per_tick=16 (default SentinelScout),16,185456.375,555577.6479238314,2870935.037006207
2967302,visits_per_tick=64,64,46364.09375,138894.41198095784,717733.7592515517
2967302,visits_per_tick=256,256,11591.0234375,34723.60299523946,179433.43981288793
2967302,visits_per_tick=0.01*N (1% of nodes/tick),29673,100.00006740134128,299.57342927177234,1548.0389779294076
3144035,visits_per_tick=16 (default SentinelScout),16,196502.1875,588667.9449177075,3053296.8195185526
3144035,visits_per_tick=64,64,49125.546875,147166.98622942687,763324.2048796382
3144035,visits_per_tick=256,256,12281.38671875,36791.74655735672,190831.05121990954
3144035,visits_per_tick=0.01*N (1% of nodes/tick),31440,100.00111323155217,299.57656229908775,1553.8406206201287
3331295,visits_per_tick=16 (default SentinelScout),16,208205.9375,623729.2465143149,3247197.9859876796
3331295,visits_per_tick=64,64,52051.484375,155932.31162857873,811799.4964969199
3331295,visits_per_tick=256,256,13012.87109375,38983.07790714468,202949.87412422997
3331295,visits_per_tick=0.01*N (1% of nodes/tick),33313,99.99984990844415,299.57277772128117,1559.6063931739222
3529707,visits_per_tick=16 (default SentinelScout),16,220606.6875,660878.5735055896,3453364.0896408525
3529707,visits_per_tick=64,64,55151.671875,165219.6433763974,863341.0224102131
3529707,visits_per_tick=256,256,13787.91796875,41304.91084409935,215835.25560255328
3529707,visits_per_tick=0.01*N (1% of nodes/tick),35297,100.00019831713743,299.573821460448,1565.3972131981086
3739937,visits_per_tick=16 (default SentinelScout),16,233746.0625,700240.6232474181,3672570.2135398793
3739937,visits_per_tick=64,64,58436.515625,175060.15581185452,918142.5533849698
3739937,visits_per_tick=256,256,14609.12890625,43765.03895296363,229535.63834624246
3739937,visits_per_tick=0.01*N (1% of nodes/tick),37399,100.00098933126554,299.5761911270004,1571.1950430930792
3962689,visits_per_tick=16 (default SentinelScout),16,247668.0625,741947.2079598367,3905638.4285227484
3962689,visits_per_tick=64,64,61917.015625,185486.80198995917,976409.6071306871
3962689,visits_per_tick=256,256,15479.25390625,46371.70049748979,244102.40178267178
3962689,visits_per_tick=0.01*N (1% of nodes/tick),39627,99.99972241148711,299.5723957745322,1576.9605283358308
4198707,visits_per_tick=16 (default SentinelScout),16,262419.1875,786137.6291935658,4153440.436375266
4198707,visits_per_tick=64,64,65604.796875,196534.40729839145,1038360.1090938165
4198707,visits_per_tick=256,256,16401.19921875,49133.60182459786,259590.02727345412
4198707,visits_per_tick=0.01*N (1% of nodes/tick),41987,100.00016671826994,299.5737267987008,1582.752923095345
4448783,visits_per_tick=16 (default SentinelScout),16,278048.9375,832960.1756961462,4416906.579629812
4448783,visits_per_tick=64,64,69512.234375,208240.04392403655,1104226.644907453
4448783,visits_per_tick=256,256,17378.05859375,52060.01098100914,276056.6612268633
4448783,visits_per_tick=0.01*N (1% of nodes/tick),44488,99.99961787448301,299.5720826096552,1588.5296096492762
4713753,visits_per_tick=16 (default SentinelScout),16,294609.5625,882571.3744788714,4697022.30822322
4713753,visits_per_tick=64,64,73652.390625,220642.84361971784,1174255.577055805
4713753,visits_per_tick=256,256,18413.09765625,55160.71090492946,293563.8942639512
4713753,visits_per_tick=0.01*N (1% of nodes/tick),47138,99.99900292757435,299.5702403933544,1594.305166353505
4994505,visits_per_tick=16 (default SentinelScout),16,312156.5625,935137.4886829231,4994837.300324081
4994505,visits_per_tick=64,64,78039.140625,233784.37217073079,1248709.3250810204
4994505,visits_per_tick=256,256,19509.78515625,58446.093042682696,312177.3312702551
4994505,visits_per_tick=0.01*N (1% of nodes/tick),49945,100.00010011012114,299.5735272585198,1600.1080549641667
5291979,visits_per_tick=16 (default SentinelScout),16,330748.6875,990834.5175793731,5311466.216827813
5291979,visits_per_tick=64,64,82687.171875,247708.62939484327,1327866.5542069532
5291979,visits_per_tick=256,256,20671.79296875,61927.15734871082,331966.6385517383
5291979,visits_per_tick=0.01*N (1% of nodes/tick),52920,99.99960317460318,299.5720385727508,1605.8854774989609
5607170,visits_per_tick=16 (default SentinelScout),16,350448.125,1049848.7582689829,5648092.654190318
5607170,visits_per_tick=64,64,87612.03125,262462.1895672457,1412023.1635475794
5607170,visits_per_tick=256,256,21903.0078125,65615.54739181143,353005.79088689486
5607170,visits_per_tick=0.01*N (1% of nodes/tick),56072,99.99946497360537,299.5716245595614,1611.6686129805444
5941134,visits_per_tick=16 (default SentinelScout),16,371320.875,1112377.929081807,6005976.370875019
5941134,visits_per_tick=64,64,92830.21875,278094.4822704517,1501494.0927187547
5941134,visits_per_tick=256,256,23207.5546875,69523.62056761293,375373.52317968867
5941134,visits_per_tick=0.01*N (1% of nodes/tick),59411,100.00057228459376,299.57494176682616,1617.471881200456
6294989,visits_per_tick=16 (default SentinelScout),16,393436.8125,1178631.3568104599,6386455.246408647
6294989,visits_per_tick=64,64,98359.203125,294657.83920261497,1596613.8116021617
6294989,visits_per_tick=256,256,24589.80078125,73664.45980065374,399153.45290054043
6294989,visits_per_tick=0.01*N (1% of nodes/tick),62950,99.99982525814139,299.5727038755736,1623.2451778004504
6669920,visits_per_tick=16 (default SentinelScout),16,416870.0,1248830.9128764519,6790951.571564045
6669920,visits_per_tick=64,64,104217.5,312207.72821911296,1697737.8928910112
6669920,visits_per_tick=256,256,26054.375,78051.93205477824,424434.4732227528
6669920,visits_per_tick=0.01*N (1% of nodes/tick),66699,100.00029985457053,299.5741256394133,1629.0382936029732
7067181,visits_per_tick=16 (default SentinelScout),16,441698.8125,1323211.3877967226,7220975.180298721
7067181,visits_per_tick=64,64,110424.703125,330802.84694918065,1805243.7950746804
7067181,visits_per_tick=256,256,27606.17578125,82700.71173729516,451310.9487686701
7067181,visits_per_tick=0.01*N (1% of nodes/tick),70672,99.99973115236585,299.5724219598647,1634.8143944529593
7488104,visits_per_tick=16 (default SentinelScout),16,468006.5,1402022.1762830454,7678134.225462125
7488104,visits_per_tick=64,64,117001.625,350505.54407076136,1919533.5563655312
7488104,visits_per_tick=256,256,29250.40625,87626.38601769034,479883.3890913828
7488104,visits_per_tick=0.01*N (1% of nodes/tick),74881,100.00005341809003,299.5733873816953,1640.6050614627743
7934097,visits_per_tick=16 (default SentinelScout),16,495881.0625,1485526.9027754932,8164134.127687071
7934097,visits_per_tick=64,64,123970.265625,371381.7256938733,2041033.5319217679
7934097,visits_per_tick=256,256,30992.56640625,92845.43142346833,510258.38298044197
7934097,visits_per_tick=0.01*N (1% of nodes/tick),79341,99.999962188528,299.57311408235205,1646.3889545505242
8406653,visits_per_tick=16 (default SentinelScout),16,525415.8125,1574005.106541842,8680788.510517392
8406653,visits_per_tick=64,64,131353.953125,393501.2766354605,2170197.127629348
8406653,visits_per_tick=256,256,32838.48828125,98375.31915886512,542549.281907337
8406653,visits_per_tick=0.01*N (1% of nodes/tick),84067,99.99944092212164,299.57155250775537,1652.1657269591906
8907355,visits_per_tick=16 (default SentinelScout),16,556709.6875,1667753.1778439062,9230025.918328127
8907355,visits_per_tick=64,64,139177.421875,416938.29446097655,2307506.4795820317
8907355,visits_per_tick=256,256,34794.35546875,104234.57361524414,576876.6198955079
8907355,visits_per_tick=0.01*N (1% of nodes/tick),89074,99.99949480207468,299.57171391766957,1657.9519803000878
9437878,visits_per_tick=16 (default SentinelScout),16,589867.375,1767084.732404074,9813893.317088902
9437878,visits_per_tick=64,64,147466.84375,441771.1831010185,2453473.3292722255
9437878,visits_per_tick=256,256,36866.7109375,110442.79577525462,613368.3323180564
9437878,visits_per_tick=0.01*N (1% of nodes/tick),94379,99.99976689729706,299.5725290421088,1663.7418607256109
10000000,visits_per_tick=16 (default SentinelScout),16,625000.0,1872332.6709712436,10434569.572412409
10000000,visits_per_tick=64,64,156250.0,468083.1677428109,2608642.393103102
10000000,visits_per_tick=256,256,39062.5,117020.79193570273,652160.5982757756
10000000,visits_per_tick=0.01*N (1% of nodes/tick),100000,100.0,299.573227355399,1669.5311315859853
