{
  "bc": "periodic",
  "dt_sweep": [
    0.04,
    0.02,
    0.01,
    0.005
  ],
  "grid": {
    "N": 256,
    "dx": 1.0
  },
  "notes": "KG\u2295RD metriplectic v1, spectral-DG primary; additive and tagged.",
  "params": {
    "D": 1.0,
    "c": 1.0,
    "dg_tol": 1e-12,
    "dt_sweep_small": [
      0.02,
      0.01,
      0.005,
      0.0025
    ],
    "gate_R2": 0.999,
    "gate_slope": 2.9,
    "m": 0.5,
    "m_lap_operator": "spectral",
    "r": 0.2,
    "seed_scale": 0.05,
    "tag": "kgRD-v1",
    "u": 0.25
  },
  "scheme": "jmj",
  "seeds": 10
}