{
  "bc": "periodic",
  "dt_sweep": [
    0.04,
    0.02,
    0.01,
    0.005
  ],
  "grid": {
    "N": 256,
    "dx": 1.0
  },
  "notes": "JMJ spectral-DG with H_energy norm for two-grid; extended small-dt; keep J-only and M-only checks unchanged.",
  "params": {
    "D": 1.0,
    "c": 1.0,
    "dg_tol": 1e-12,
    "dt_sweep_small": [
      0.02,
      0.01,
      0.005,
      0.0025,
      0.00125
    ],
    "m": 0.5,
    "m_lap_operator": "spectral",
    "norm": "H_energy",
    "r": 0.2,
    "seed_scale": 0.05,
    "tag": "kgRD-v1b",
    "u": 0.25
  },
  "scheme": "jmj",
  "seeds": 10
}