{
  "metrics": {
    "J_skew": {
      "gate": "<=1e-12",
      "median_abs_vJv": 47.31983939284436,
      "passed": false
    },
    "M_psd": {
      "draws": 100,
      "gate": "0 negatives",
      "min": 633.1646908648494,
      "neg_count": 0,
      "passed": true
    }
  },
  "reason": "Structure gate failure",
  "spec": {
    "draws": 100,
    "grid": {
      "N": 256,
      "dx": 1.0
    },
    "params": {
      "D": 1.0,
      "c": 1.0,
      "dg_tol": 1e-12,
      "dt_sweep_small": [
        0.02,
        0.01,
        0.005,
        0.0025,
        0.00125
      ],
      "m": 0.5,
      "m_lap_operator": "spectral",
      "norm": "H_energy",
      "r": 0.2,
      "seed_scale": 0.05,
      "tag": "kgRD-v1b",
      "u": 0.25
    }
  }
}