{
  "bc": "periodic",
  "metric": "two_grid_error_inf",
  "params": {
    "D": 1.0,
    "N": 128,
    "dx": 1.0,
    "r": 0.2,
    "u": 0.25
  },
  "samples": [
    {
      "dt": 0.04,
      "seed": 0,
      "two_grid_error_inf": 0.00024019295238889016
    },
    {
      "dt": 0.02,
      "seed": 0,
      "two_grid_error_inf": 6.00540550741574e-05
    },
    {
      "dt": 0.01,
      "seed": 0,
      "two_grid_error_inf": 1.5014240890662278e-05
    },
    {
      "dt": 0.005,
      "seed": 0,
      "two_grid_error_inf": 3.7536511129365735e-06
    },
    {
      "dt": 0.04,
      "seed": 1,
      "two_grid_error_inf": 0.00021260254343153165
    },
    {
      "dt": 0.02,
      "seed": 1,
      "two_grid_error_inf": 5.314391918430014e-05
    },
    {
      "dt": 0.01,
      "seed": 1,
      "two_grid_error_inf": 1.3285140211878599e-05
    },
    {
      "dt": 0.005,
      "seed": 1,
      "two_grid_error_inf": 3.3211801049454204e-06
    },
    {
      "dt": 0.04,
      "seed": 2,
      "two_grid_error_inf": 0.00018643143732349765
    },
    {
      "dt": 0.02,
      "seed": 2,
      "two_grid_error_inf": 4.660084187999708e-05
    },
    {
      "dt": 0.01,
      "seed": 2,
      "two_grid_error_inf": 1.1649333288638736e-05
    },
    {
      "dt": 0.005,
      "seed": 2,
      "two_grid_error_inf": 2.9122236744902677e-06
    },
    {
      "dt": 0.04,
      "seed": 3,
      "two_grid_error_inf": 0.00020300489043606484
    },
    {
      "dt": 0.02,
      "seed": 3,
      "two_grid_error_inf": 5.075467393936273e-05
    },
    {
      "dt": 0.01,
      "seed": 3,
      "two_grid_error_inf": 1.2689099901125322e-05
    },
    {
      "dt": 0.005,
      "seed": 3,
      "two_grid_error_inf": 3.172328902331656e-06
    },
    {
      "dt": 0.04,
      "seed": 4,
      "two_grid_error_inf": 0.00019424074792621926
    },
    {
      "dt": 0.02,
      "seed": 4,
      "two_grid_error_inf": 4.855395432160504e-05
    },
    {
      "dt": 0.01,
      "seed": 4,
      "two_grid_error_inf": 1.2137709497907212e-05
    },
    {
      "dt": 0.005,
      "seed": 4,
      "two_grid_error_inf": 3.0343299891651826e-06
    },
    {
      "dt": 0.04,
      "seed": 5,
      "two_grid_error_inf": 0.00022889378728782606
    },
    {
      "dt": 0.02,
      "seed": 5,
      "two_grid_error_inf": 5.722985653461299e-05
    },
    {
      "dt": 0.01,
      "seed": 5,
      "two_grid_error_inf": 1.4308265347720561e-05
    },
    {
      "dt": 0.005,
      "seed": 5,
      "two_grid_error_inf": 3.5771664887024324e-06
    },
    {
      "dt": 0.04,
      "seed": 6,
      "two_grid_error_inf": 0.00022813489112303263
    },
    {
      "dt": 0.02,
      "seed": 6,
      "two_grid_error_inf": 5.7025505861533696e-05
    },
    {
      "dt": 0.01,
      "seed": 6,
      "two_grid_error_inf": 1.4255349350480312e-05
    },
    {
      "dt": 0.005,
      "seed": 6,
      "two_grid_error_inf": 3.5637089482573516e-06
    },
    {
      "dt": 0.04,
      "seed": 7,
      "two_grid_error_inf": 0.00024401547606832386
    },
    {
      "dt": 0.02,
      "seed": 7,
      "two_grid_error_inf": 6.100984195396564e-05
    },
    {
      "dt": 0.01,
      "seed": 7,
      "two_grid_error_inf": 1.5253207105603295e-05
    },
    {
      "dt": 0.005,
      "seed": 7,
      "two_grid_error_inf": 3.8133951035385083e-06
    },
    {
      "dt": 0.04,
      "seed": 8,
      "two_grid_error_inf": 0.00019600121786312978
    },
    {
      "dt": 0.02,
      "seed": 8,
      "two_grid_error_inf": 4.89928243830387e-05
    },
    {
      "dt": 0.01,
      "seed": 8,
      "two_grid_error_inf": 1.224727108541622e-05
    },
    {
      "dt": 0.005,
      "seed": 8,
      "two_grid_error_inf": 3.061700895061123e-06
    },
    {
      "dt": 0.04,
      "seed": 9,
      "two_grid_error_inf": 0.00021431482020885587
    },
    {
      "dt": 0.02,
      "seed": 9,
      "two_grid_error_inf": 5.357144496342947e-05
    },
    {
      "dt": 0.01,
      "seed": 9,
      "two_grid_error_inf": 1.3391953729759848e-05
    },
    {
      "dt": 0.005,
      "seed": 9,
      "two_grid_error_inf": 3.3478749935523383e-06
    },
    {
      "dt": 0.04,
      "seed": 10,
      "two_grid_error_inf": 0.00020504280946584408
    },
    {
      "dt": 0.02,
      "seed": 10,
      "two_grid_error_inf": 5.126484220019378e-05
    },
    {
      "dt": 0.01,
      "seed": 10,
      "two_grid_error_inf": 1.2816728029260704e-05
    },
    {
      "dt": 0.005,
      "seed": 10,
      "two_grid_error_inf": 3.2042466922149737e-06
    },
    {
      "dt": 0.04,
      "seed": 11,
      "two_grid_error_inf": 0.0002093318424093247
    },
    {
      "dt": 0.02,
      "seed": 11,
      "two_grid_error_inf": 5.232613472421887e-05
    },
    {
      "dt": 0.01,
      "seed": 11,
      "two_grid_error_inf": 1.3080680446289975e-05
    },
    {
      "dt": 0.005,
      "seed": 11,
      "two_grid_error_inf": 3.270063457226982e-06
    },
    {
      "dt": 0.04,
      "seed": 12,
      "two_grid_error_inf": 0.00023489083730046656
    },
    {
      "dt": 0.02,
      "seed": 12,
      "two_grid_error_inf": 5.872886465851934e-05
    },
    {
      "dt": 0.01,
      "seed": 12,
      "two_grid_error_inf": 1.4682985581299102e-05
    },
    {
      "dt": 0.005,
      "seed": 12,
      "two_grid_error_inf": 3.6708425723980254e-06
    },
    {
      "dt": 0.04,
      "seed": 13,
      "two_grid_error_inf": 0.00021072852890324963
    },
    {
      "dt": 0.02,
      "seed": 13,
      "two_grid_error_inf": 5.267408851867238e-05
    },
    {
      "dt": 0.01,
      "seed": 13,
      "two_grid_error_inf": 1.3167516666275428e-05
    },
    {
      "dt": 0.005,
      "seed": 13,
      "two_grid_error_inf": 3.291753483645153e-06
    },
    {
      "dt": 0.04,
      "seed": 14,
      "two_grid_error_inf": 0.00020886017807966728
    },
    {
      "dt": 0.02,
      "seed": 14,
      "two_grid_error_inf": 5.2219145206436335e-05
    },
    {
      "dt": 0.01,
      "seed": 14,
      "two_grid_error_inf": 1.3055298887426625e-05
    },
    {
      "dt": 0.005,
      "seed": 14,
      "two_grid_error_inf": 3.2638887950964257e-06
    },
    {
      "dt": 0.04,
      "seed": 15,
      "two_grid_error_inf": 0.00022380718166933877
    },
    {
      "dt": 0.02,
      "seed": 15,
      "two_grid_error_inf": 5.594371511176942e-05
    },
    {
      "dt": 0.01,
      "seed": 15,
      "two_grid_error_inf": 1.3984918739746912e-05
    },
    {
      "dt": 0.005,
      "seed": 15,
      "two_grid_error_inf": 3.496103430162406e-06
    },
    {
      "dt": 0.04,
      "seed": 16,
      "two_grid_error_inf": 0.00020229776622260331
    },
    {
      "dt": 0.02,
      "seed": 16,
      "two_grid_error_inf": 5.0566877527491796e-05
    },
    {
      "dt": 0.01,
      "seed": 16,
      "two_grid_error_inf": 1.264077387835242e-05
    },
    {
      "dt": 0.005,
      "seed": 16,
      "two_grid_error_inf": 3.160075281648418e-06
    },
    {
      "dt": 0.04,
      "seed": 17,
      "two_grid_error_inf": 0.00020884262515576124
    },
    {
      "dt": 0.02,
      "seed": 17,
      "two_grid_error_inf": 5.221641671308841e-05
    },
    {
      "dt": 0.01,
      "seed": 17,
      "two_grid_error_inf": 1.3054824231278905e-05
    },
    {
      "dt": 0.005,
      "seed": 17,
      "two_grid_error_inf": 3.2637960644538166e-06
    },
    {
      "dt": 0.04,
      "seed": 18,
      "two_grid_error_inf": 0.00022595342281895095
    },
    {
      "dt": 0.02,
      "seed": 18,
      "two_grid_error_inf": 5.648074866204406e-05
    },
    {
      "dt": 0.01,
      "seed": 18,
      "two_grid_error_inf": 1.4119236285174523e-05
    },
    {
      "dt": 0.005,
      "seed": 18,
      "two_grid_error_inf": 3.529690211252247e-06
    },
    {
      "dt": 0.04,
      "seed": 19,
      "two_grid_error_inf": 0.00018471148377559483
    },
    {
      "dt": 0.02,
      "seed": 19,
      "two_grid_error_inf": 4.617227787874316e-05
    },
    {
      "dt": 0.01,
      "seed": 19,
      "two_grid_error_inf": 1.1542370336542485e-05
    },
    {
      "dt": 0.005,
      "seed": 19,
      "two_grid_error_inf": 2.8855051924913527e-06
    },
    {
      "dt": 0.04,
      "seed": 20,
      "two_grid_error_inf": 0.00020476336685086582
    },
    {
      "dt": 0.02,
      "seed": 20,
      "two_grid_error_inf": 5.1195944664780835e-05
    },
    {
      "dt": 0.01,
      "seed": 20,
      "two_grid_error_inf": 1.2799624035206292e-05
    },
    {
      "dt": 0.005,
      "seed": 20,
      "two_grid_error_inf": 3.1999857424414024e-06
    },
    {
      "dt": 0.04,
      "seed": 21,
      "two_grid_error_inf": 0.00020352335145770555
    },
    {
      "dt": 0.02,
      "seed": 21,
      "two_grid_error_inf": 5.087305909347653e-05
    },
    {
      "dt": 0.01,
      "seed": 21,
      "two_grid_error_inf": 1.2717292426999913e-05
    },
    {
      "dt": 0.005,
      "seed": 21,
      "two_grid_error_inf": 3.179201563454151e-06
    },
    {
      "dt": 0.04,
      "seed": 22,
      "two_grid_error_inf": 0.000182750112037236
    },
    {
      "dt": 0.02,
      "seed": 22,
      "two_grid_error_inf": 4.5691657319379964e-05
    },
    {
      "dt": 0.01,
      "seed": 22,
      "two_grid_error_inf": 1.1423430493595621e-05
    },
    {
      "dt": 0.005,
      "seed": 22,
      "two_grid_error_inf": 2.8559221438712035e-06
    },
    {
      "dt": 0.04,
      "seed": 23,
      "two_grid_error_inf": 0.00022276403369800302
    },
    {
      "dt": 0.02,
      "seed": 23,
      "two_grid_error_inf": 5.5696716057276885e-05
    },
    {
      "dt": 0.01,
      "seed": 23,
      "two_grid_error_inf": 1.3924892468403227e-05
    },
    {
      "dt": 0.005,
      "seed": 23,
      "two_grid_error_inf": 3.4813122988669454e-06
    },
    {
      "dt": 0.04,
      "seed": 24,
      "two_grid_error_inf": 0.0002061366920517345
    },
    {
      "dt": 0.02,
      "seed": 24,
      "two_grid_error_inf": 5.152703139944467e-05
    },
    {
      "dt": 0.01,
      "seed": 24,
      "two_grid_error_inf": 1.2880865148175158e-05
    },
    {
      "dt": 0.005,
      "seed": 24,
      "two_grid_error_inf": 3.220104699332496e-06
    },
    {
      "dt": 0.04,
      "seed": 25,
      "two_grid_error_inf": 0.00023031823493117887
    },
    {
      "dt": 0.02,
      "seed": 25,
      "two_grid_error_inf": 5.758582820540592e-05
    },
    {
      "dt": 0.01,
      "seed": 25,
      "two_grid_error_inf": 1.4397240735444794e-05
    },
    {
      "dt": 0.005,
      "seed": 25,
      "two_grid_error_inf": 3.5994081443585513e-06
    },
    {
      "dt": 0.04,
      "seed": 26,
      "two_grid_error_inf": 0.00018024036192901272
    },
    {
      "dt": 0.02,
      "seed": 26,
      "two_grid_error_inf": 4.506295751230405e-05
    },
    {
      "dt": 0.01,
      "seed": 26,
      "two_grid_error_inf": 1.1266097756812421e-05
    },
    {
      "dt": 0.005,
      "seed": 26,
      "two_grid_error_inf": 2.816569236563371e-06
    },
    {
      "dt": 0.04,
      "seed": 27,
      "two_grid_error_inf": 0.0002634280981951842
    },
    {
      "dt": 0.02,
      "seed": 27,
      "two_grid_error_inf": 6.586455132562286e-05
    },
    {
      "dt": 0.01,
      "seed": 27,
      "two_grid_error_inf": 1.646707867850039e-05
    },
    {
      "dt": 0.005,
      "seed": 27,
      "two_grid_error_inf": 4.116887275515402e-06
    },
    {
      "dt": 0.04,
      "seed": 28,
      "two_grid_error_inf": 0.00019870604278913323
    },
    {
      "dt": 0.02,
      "seed": 28,
      "two_grid_error_inf": 4.967124592088895e-05
    },
    {
      "dt": 0.01,
      "seed": 28,
      "two_grid_error_inf": 1.2417153383171425e-05
    },
    {
      "dt": 0.005,
      "seed": 28,
      "two_grid_error_inf": 3.1042060836608543e-06
    },
    {
      "dt": 0.04,
      "seed": 29,
      "two_grid_error_inf": 0.00021096653065773296
    },
    {
      "dt": 0.02,
      "seed": 29,
      "two_grid_error_inf": 5.274779005601249e-05
    },
    {
      "dt": 0.01,
      "seed": 29,
      "two_grid_error_inf": 1.318771718793188e-05
    },
    {
      "dt": 0.005,
      "seed": 29,
      "two_grid_error_inf": 3.2970255062353404e-06
    },
    {
      "dt": 0.04,
      "seed": 30,
      "two_grid_error_inf": 0.00020120354106309413
    },
    {
      "dt": 0.02,
      "seed": 30,
      "two_grid_error_inf": 5.030626955140893e-05
    },
    {
      "dt": 0.01,
      "seed": 30,
      "two_grid_error_inf": 1.2577240423555791e-05
    },
    {
      "dt": 0.005,
      "seed": 30,
      "two_grid_error_inf": 3.1443942353492904e-06
    },
    {
      "dt": 0.04,
      "seed": 31,
      "two_grid_error_inf": 0.00024746329339257744
    },
    {
      "dt": 0.02,
      "seed": 31,
      "two_grid_error_inf": 6.187190410290866e-05
    },
    {
      "dt": 0.01,
      "seed": 31,
      "two_grid_error_inf": 1.5468736120086146e-05
    },
    {
      "dt": 0.005,
      "seed": 31,
      "two_grid_error_inf": 3.867279041808169e-06
    },
    {
      "dt": 0.04,
      "seed": 32,
      "two_grid_error_inf": 0.0002134012801434321
    },
    {
      "dt": 0.02,
      "seed": 32,
      "two_grid_error_inf": 5.3343105072770763e-05
    },
    {
      "dt": 0.01,
      "seed": 32,
      "two_grid_error_inf": 1.3334874397806376e-05
    },
    {
      "dt": 0.005,
      "seed": 32,
      "two_grid_error_inf": 3.333605865653332e-06
    },
    {
      "dt": 0.04,
      "seed": 33,
      "two_grid_error_inf": 0.0002012807392880872
    },
    {
      "dt": 0.02,
      "seed": 33,
      "two_grid_error_inf": 5.032471139247707e-05
    },
    {
      "dt": 0.01,
      "seed": 33,
      "two_grid_error_inf": 1.2581743669429213e-05
    },
    {
      "dt": 0.005,
      "seed": 33,
      "two_grid_error_inf": 3.1455066450136737e-06
    },
    {
      "dt": 0.04,
      "seed": 34,
      "two_grid_error_inf": 0.00022717264028178363
    },
    {
      "dt": 0.02,
      "seed": 34,
      "two_grid_error_inf": 5.679905742847491e-05
    },
    {
      "dt": 0.01,
      "seed": 34,
      "two_grid_error_inf": 1.4200501526867582e-05
    },
    {
      "dt": 0.005,
      "seed": 34,
      "two_grid_error_inf": 3.5502175279311654e-06
    },
    {
      "dt": 0.04,
      "seed": 35,
      "two_grid_error_inf": 0.00022115702848236884
    },
    {
      "dt": 0.02,
      "seed": 35,
      "two_grid_error_inf": 5.529504332299484e-05
    },
    {
      "dt": 0.01,
      "seed": 35,
      "two_grid_error_inf": 1.3824484106042534e-05
    },
    {
      "dt": 0.005,
      "seed": 35,
      "two_grid_error_inf": 3.4562114359371066e-06
    },
    {
      "dt": 0.04,
      "seed": 36,
      "two_grid_error_inf": 0.00019093858906893413
    },
    {
      "dt": 0.02,
      "seed": 36,
      "two_grid_error_inf": 4.774023127365745e-05
    },
    {
      "dt": 0.01,
      "seed": 36,
      "two_grid_error_inf": 1.193575581923123e-05
    },
    {
      "dt": 0.005,
      "seed": 36,
      "two_grid_error_inf": 2.9840262048969057e-06
    },
    {
      "dt": 0.04,
      "seed": 37,
      "two_grid_error_inf": 0.0001890881680177564
    },
    {
      "dt": 0.02,
      "seed": 37,
      "two_grid_error_inf": 4.727696392757552e-05
    },
    {
      "dt": 0.01,
      "seed": 37,
      "two_grid_error_inf": 1.1819856222283764e-05
    },
    {
      "dt": 0.005,
      "seed": 37,
      "two_grid_error_inf": 2.9550409606227124e-06
    },
    {
      "dt": 0.04,
      "seed": 38,
      "two_grid_error_inf": 0.00020276634449291342
    },
    {
      "dt": 0.02,
      "seed": 38,
      "two_grid_error_inf": 5.068439103149934e-05
    },
    {
      "dt": 0.01,
      "seed": 38,
      "two_grid_error_inf": 1.2670198371408925e-05
    },
    {
      "dt": 0.005,
      "seed": 38,
      "two_grid_error_inf": 3.1674371695437215e-06
    },
    {
      "dt": 0.04,
      "seed": 39,
      "two_grid_error_inf": 0.00017134392586237723
    },
    {
      "dt": 0.02,
      "seed": 39,
      "two_grid_error_inf": 4.283963907217303e-05
    },
    {
      "dt": 0.01,
      "seed": 39,
      "two_grid_error_inf": 1.0710366968869067e-05
    },
    {
      "dt": 0.005,
      "seed": 39,
      "two_grid_error_inf": 2.6776488923213604e-06
    }
  ],
  "scheme": "euler"
}