{
  "adjacency": {
    "kind": "fd_1d_centered"
  },
  "bc": "periodic",
  "cfl_threshold": 0.5,
  "cfl_used": true,
  "dt_sweep": [
    0.04,
    0.02,
    0.01,
    0.005
  ],
  "expected_dt_slope": 2,
  "grid": {
    "N": 128,
    "dx": 1.0
  },
  "notes": "Obj-A/B periodic RD; Neumann only used in separate front-speed control runs.",
  "order_p": 1,
  "params": {
    "D": 1.0,
    "r": 0.2,
    "u": 0.25
  },
  "safety": {
    "clamp": false,
    "nan_to_num": false
  },
  "scheme": "dg_rd",
  "seeds": 40
}