{
  "bc": "periodic",
  "metric": "two_grid_error_inf",
  "params": {
    "D": 1.0,
    "N": 128,
    "dx": 1.0,
    "r": 0.2,
    "u": 0.25
  },
  "samples": [
    {
      "dt": 0.04,
      "seed": 0,
      "two_grid_error_inf": 2.101215916927579e-06
    },
    {
      "dt": 0.02,
      "seed": 0,
      "two_grid_error_inf": 2.8213094932505456e-07
    },
    {
      "dt": 0.01,
      "seed": 0,
      "two_grid_error_inf": 3.6557938745684915e-08
    },
    {
      "dt": 0.005,
      "seed": 0,
      "two_grid_error_inf": 4.652908461300065e-09
    },
    {
      "dt": 0.04,
      "seed": 1,
      "two_grid_error_inf": 1.980198309157674e-06
    },
    {
      "dt": 0.02,
      "seed": 1,
      "two_grid_error_inf": 2.660952758849061e-07
    },
    {
      "dt": 0.01,
      "seed": 1,
      "two_grid_error_inf": 3.449408590011638e-08
    },
    {
      "dt": 0.005,
      "seed": 1,
      "two_grid_error_inf": 4.39112995270774e-09
    },
    {
      "dt": 0.04,
      "seed": 2,
      "two_grid_error_inf": 1.5771778631504252e-06
    },
    {
      "dt": 0.02,
      "seed": 2,
      "two_grid_error_inf": 2.1032992543468243e-07
    },
    {
      "dt": 0.01,
      "seed": 2,
      "two_grid_error_inf": 2.716165893590361e-08
    },
    {
      "dt": 0.005,
      "seed": 2,
      "two_grid_error_inf": 3.451136362797591e-09
    },
    {
      "dt": 0.04,
      "seed": 3,
      "two_grid_error_inf": 1.8264596896161445e-06
    },
    {
      "dt": 0.02,
      "seed": 3,
      "two_grid_error_inf": 2.456633771685812e-07
    },
    {
      "dt": 0.01,
      "seed": 3,
      "two_grid_error_inf": 3.185960312235281e-08
    },
    {
      "dt": 0.005,
      "seed": 3,
      "two_grid_error_inf": 4.056636915272804e-09
    },
    {
      "dt": 0.04,
      "seed": 4,
      "two_grid_error_inf": 1.7793400730811704e-06
    },
    {
      "dt": 0.02,
      "seed": 4,
      "two_grid_error_inf": 2.3882798758784185e-07
    },
    {
      "dt": 0.01,
      "seed": 4,
      "two_grid_error_inf": 3.094151070082152e-08
    },
    {
      "dt": 0.005,
      "seed": 4,
      "two_grid_error_inf": 3.937744109949737e-09
    },
    {
      "dt": 0.04,
      "seed": 5,
      "two_grid_error_inf": 2.103773121511082e-06
    },
    {
      "dt": 0.02,
      "seed": 5,
      "two_grid_error_inf": 2.826608770899186e-07
    },
    {
      "dt": 0.01,
      "seed": 5,
      "two_grid_error_inf": 3.663863301986425e-08
    },
    {
      "dt": 0.005,
      "seed": 5,
      "two_grid_error_inf": 4.663942383340003e-09
    },
    {
      "dt": 0.04,
      "seed": 6,
      "two_grid_error_inf": 2.038120895965327e-06
    },
    {
      "dt": 0.02,
      "seed": 6,
      "two_grid_error_inf": 2.7286222804151494e-07
    },
    {
      "dt": 0.01,
      "seed": 6,
      "two_grid_error_inf": 3.530552522036656e-08
    },
    {
      "dt": 0.005,
      "seed": 6,
      "two_grid_error_inf": 4.490243902394164e-09
    },
    {
      "dt": 0.04,
      "seed": 7,
      "two_grid_error_inf": 2.1041147307970798e-06
    },
    {
      "dt": 0.02,
      "seed": 7,
      "two_grid_error_inf": 2.819937880982337e-07
    },
    {
      "dt": 0.01,
      "seed": 7,
      "two_grid_error_inf": 3.650547358846623e-08
    },
    {
      "dt": 0.005,
      "seed": 7,
      "two_grid_error_inf": 4.644004208964603e-09
    },
    {
      "dt": 0.04,
      "seed": 8,
      "two_grid_error_inf": 1.7023460307501875e-06
    },
    {
      "dt": 0.02,
      "seed": 8,
      "two_grid_error_inf": 2.2772762663797463e-07
    },
    {
      "dt": 0.01,
      "seed": 8,
      "two_grid_error_inf": 2.945460155293067e-08
    },
    {
      "dt": 0.005,
      "seed": 8,
      "two_grid_error_inf": 3.745434771357248e-09
    },
    {
      "dt": 0.04,
      "seed": 9,
      "two_grid_error_inf": 1.9296912008130718e-06
    },
    {
      "dt": 0.02,
      "seed": 9,
      "two_grid_error_inf": 2.584161638355398e-07
    },
    {
      "dt": 0.01,
      "seed": 9,
      "two_grid_error_inf": 3.344035910679555e-08
    },
    {
      "dt": 0.005,
      "seed": 9,
      "two_grid_error_inf": 4.2532644975445955e-09
    },
    {
      "dt": 0.04,
      "seed": 10,
      "two_grid_error_inf": 1.8849489672838338e-06
    },
    {
      "dt": 0.02,
      "seed": 10,
      "two_grid_error_inf": 2.539368970655431e-07
    },
    {
      "dt": 0.01,
      "seed": 10,
      "two_grid_error_inf": 3.2959288021050526e-08
    },
    {
      "dt": 0.005,
      "seed": 10,
      "two_grid_error_inf": 4.198369967650661e-09
    },
    {
      "dt": 0.04,
      "seed": 11,
      "two_grid_error_inf": 1.8215014265243745e-06
    },
    {
      "dt": 0.02,
      "seed": 11,
      "two_grid_error_inf": 2.4331728547960507e-07
    },
    {
      "dt": 0.01,
      "seed": 11,
      "two_grid_error_inf": 3.144759574968958e-08
    },
    {
      "dt": 0.005,
      "seed": 11,
      "two_grid_error_inf": 3.997351914752922e-09
    },
    {
      "dt": 0.04,
      "seed": 12,
      "two_grid_error_inf": 2.1616433765400678e-06
    },
    {
      "dt": 0.02,
      "seed": 12,
      "two_grid_error_inf": 2.9004683808203646e-07
    },
    {
      "dt": 0.01,
      "seed": 12,
      "two_grid_error_inf": 3.757032696061202e-08
    },
    {
      "dt": 0.005,
      "seed": 12,
      "two_grid_error_inf": 4.780894340139508e-09
    },
    {
      "dt": 0.04,
      "seed": 13,
      "two_grid_error_inf": 1.8259944577318776e-06
    },
    {
      "dt": 0.02,
      "seed": 13,
      "two_grid_error_inf": 2.441186132233486e-07
    },
    {
      "dt": 0.01,
      "seed": 13,
      "two_grid_error_inf": 3.1564940515538265e-08
    },
    {
      "dt": 0.005,
      "seed": 13,
      "two_grid_error_inf": 4.013168415639701e-09
    },
    {
      "dt": 0.04,
      "seed": 14,
      "two_grid_error_inf": 1.8586368201178871e-06
    },
    {
      "dt": 0.02,
      "seed": 14,
      "two_grid_error_inf": 2.490131626453618e-07
    },
    {
      "dt": 0.01,
      "seed": 14,
      "two_grid_error_inf": 3.2230727441129314e-08
    },
    {
      "dt": 0.005,
      "seed": 14,
      "two_grid_error_inf": 4.099864350792792e-09
    },
    {
      "dt": 0.04,
      "seed": 15,
      "two_grid_error_inf": 2.002758973478763e-06
    },
    {
      "dt": 0.02,
      "seed": 15,
      "two_grid_error_inf": 2.6808269438724497e-07
    },
    {
      "dt": 0.01,
      "seed": 15,
      "two_grid_error_inf": 3.468413423482475e-08
    },
    {
      "dt": 0.005,
      "seed": 15,
      "two_grid_error_inf": 4.411024191741664e-09
    },
    {
      "dt": 0.04,
      "seed": 16,
      "two_grid_error_inf": 1.7771120129489448e-06
    },
    {
      "dt": 0.02,
      "seed": 16,
      "two_grid_error_inf": 2.386628868006335e-07
    },
    {
      "dt": 0.01,
      "seed": 16,
      "two_grid_error_inf": 3.092803163573521e-08
    },
    {
      "dt": 0.005,
      "seed": 16,
      "two_grid_error_inf": 3.936507925184074e-09
    },
    {
      "dt": 0.04,
      "seed": 17,
      "two_grid_error_inf": 1.7430236000648414e-06
    },
    {
      "dt": 0.02,
      "seed": 17,
      "two_grid_error_inf": 2.332904063678809e-07
    },
    {
      "dt": 0.01,
      "seed": 17,
      "two_grid_error_inf": 3.0181256216454955e-08
    },
    {
      "dt": 0.005,
      "seed": 17,
      "two_grid_error_inf": 3.838269202471878e-09
    },
    {
      "dt": 0.04,
      "seed": 18,
      "two_grid_error_inf": 2.0684124798428516e-06
    },
    {
      "dt": 0.02,
      "seed": 18,
      "two_grid_error_inf": 2.7736609146261637e-07
    },
    {
      "dt": 0.01,
      "seed": 18,
      "two_grid_error_inf": 3.5916885634049156e-08
    },
    {
      "dt": 0.005,
      "seed": 18,
      "two_grid_error_inf": 4.569804748152939e-09
    },
    {
      "dt": 0.04,
      "seed": 19,
      "two_grid_error_inf": 1.6203928666861517e-06
    },
    {
      "dt": 0.02,
      "seed": 19,
      "two_grid_error_inf": 2.1678765299223968e-07
    },
    {
      "dt": 0.01,
      "seed": 19,
      "two_grid_error_inf": 2.8040805134452174e-08
    },
    {
      "dt": 0.005,
      "seed": 19,
      "two_grid_error_inf": 3.565723664250564e-09
    },
    {
      "dt": 0.04,
      "seed": 20,
      "two_grid_error_inf": 1.7510265823139637e-06
    },
    {
      "dt": 0.02,
      "seed": 20,
      "two_grid_error_inf": 2.347656491014094e-07
    },
    {
      "dt": 0.01,
      "seed": 20,
      "two_grid_error_inf": 3.0398145917098773e-08
    },
    {
      "dt": 0.005,
      "seed": 20,
      "two_grid_error_inf": 3.867504413945788e-09
    },
    {
      "dt": 0.04,
      "seed": 21,
      "two_grid_error_inf": 1.7483269446998129e-06
    },
    {
      "dt": 0.02,
      "seed": 21,
      "two_grid_error_inf": 2.332166853941109e-07
    },
    {
      "dt": 0.01,
      "seed": 21,
      "two_grid_error_inf": 3.012077023564763e-08
    },
    {
      "dt": 0.005,
      "seed": 21,
      "two_grid_error_inf": 3.827328429878429e-09
    },
    {
      "dt": 0.04,
      "seed": 22,
      "two_grid_error_inf": 1.5177763978690972e-06
    },
    {
      "dt": 0.02,
      "seed": 22,
      "two_grid_error_inf": 2.0307833729915625e-07
    },
    {
      "dt": 0.01,
      "seed": 22,
      "two_grid_error_inf": 2.6268330219347824e-08
    },
    {
      "dt": 0.005,
      "seed": 22,
      "two_grid_error_inf": 3.34036662219539e-09
    },
    {
      "dt": 0.04,
      "seed": 23,
      "two_grid_error_inf": 1.9351388061555896e-06
    },
    {
      "dt": 0.02,
      "seed": 23,
      "two_grid_error_inf": 2.598681798499092e-07
    },
    {
      "dt": 0.01,
      "seed": 23,
      "two_grid_error_inf": 3.36755576757497e-08
    },
    {
      "dt": 0.005,
      "seed": 23,
      "two_grid_error_inf": 4.286205668169174e-09
    },
    {
      "dt": 0.04,
      "seed": 24,
      "two_grid_error_inf": 1.8070970912269224e-06
    },
    {
      "dt": 0.02,
      "seed": 24,
      "two_grid_error_inf": 2.4148733125846367e-07
    },
    {
      "dt": 0.01,
      "seed": 24,
      "two_grid_error_inf": 3.1216893231836296e-08
    },
    {
      "dt": 0.005,
      "seed": 24,
      "two_grid_error_inf": 3.968387259425943e-09
    },
    {
      "dt": 0.04,
      "seed": 25,
      "two_grid_error_inf": 1.957845699118721e-06
    },
    {
      "dt": 0.02,
      "seed": 25,
      "two_grid_error_inf": 2.6229278854428273e-07
    },
    {
      "dt": 0.01,
      "seed": 25,
      "two_grid_error_inf": 3.3949353855922126e-08
    },
    {
      "dt": 0.005,
      "seed": 25,
      "two_grid_error_inf": 4.318485374854575e-09
    },
    {
      "dt": 0.04,
      "seed": 26,
      "two_grid_error_inf": 1.5967216224765934e-06
    },
    {
      "dt": 0.02,
      "seed": 26,
      "two_grid_error_inf": 2.145157146915544e-07
    },
    {
      "dt": 0.01,
      "seed": 26,
      "two_grid_error_inf": 2.7804227142880222e-08
    },
    {
      "dt": 0.005,
      "seed": 26,
      "two_grid_error_inf": 3.5392640346243454e-09
    },
    {
      "dt": 0.04,
      "seed": 27,
      "two_grid_error_inf": 2.2775917054018713e-06
    },
    {
      "dt": 0.02,
      "seed": 27,
      "two_grid_error_inf": 3.0568199499425575e-07
    },
    {
      "dt": 0.01,
      "seed": 27,
      "two_grid_error_inf": 3.9601029372393626e-08
    },
    {
      "dt": 0.005,
      "seed": 27,
      "two_grid_error_inf": 5.039665795791848e-09
    },
    {
      "dt": 0.04,
      "seed": 28,
      "two_grid_error_inf": 1.8144304880750306e-06
    },
    {
      "dt": 0.02,
      "seed": 28,
      "two_grid_error_inf": 2.4331776243835535e-07
    },
    {
      "dt": 0.01,
      "seed": 28,
      "two_grid_error_inf": 3.1508677392905193e-08
    },
    {
      "dt": 0.005,
      "seed": 28,
      "two_grid_error_inf": 4.008993189502652e-09
    },
    {
      "dt": 0.04,
      "seed": 29,
      "two_grid_error_inf": 1.7233904140018241e-06
    },
    {
      "dt": 0.02,
      "seed": 29,
      "two_grid_error_inf": 2.3016311959112024e-07
    },
    {
      "dt": 0.01,
      "seed": 29,
      "two_grid_error_inf": 2.974404365863048e-08
    },
    {
      "dt": 0.005,
      "seed": 29,
      "two_grid_error_inf": 3.780582152890233e-09
    },
    {
      "dt": 0.04,
      "seed": 30,
      "two_grid_error_inf": 1.6794741498106502e-06
    },
    {
      "dt": 0.02,
      "seed": 30,
      "two_grid_error_inf": 2.2520323833194467e-07
    },
    {
      "dt": 0.01,
      "seed": 30,
      "two_grid_error_inf": 2.916168462263613e-08
    },
    {
      "dt": 0.005,
      "seed": 30,
      "two_grid_error_inf": 3.7102911507047587e-09
    },
    {
      "dt": 0.04,
      "seed": 31,
      "two_grid_error_inf": 2.1692278317081426e-06
    },
    {
      "dt": 0.02,
      "seed": 31,
      "two_grid_error_inf": 2.9115308756988423e-07
    },
    {
      "dt": 0.01,
      "seed": 31,
      "two_grid_error_inf": 3.77194635803324e-08
    },
    {
      "dt": 0.005,
      "seed": 31,
      "two_grid_error_inf": 4.800247754843667e-09
    },
    {
      "dt": 0.04,
      "seed": 32,
      "two_grid_error_inf": 1.9147585086018437e-06
    },
    {
      "dt": 0.02,
      "seed": 32,
      "two_grid_error_inf": 2.5642307206752424e-07
    },
    {
      "dt": 0.01,
      "seed": 32,
      "two_grid_error_inf": 3.31832630540152e-08
    },
    {
      "dt": 0.005,
      "seed": 32,
      "two_grid_error_inf": 4.220629186424407e-09
    },
    {
      "dt": 0.04,
      "seed": 33,
      "two_grid_error_inf": 1.7551386340061703e-06
    },
    {
      "dt": 0.02,
      "seed": 33,
      "two_grid_error_inf": 2.355416691413037e-07
    },
    {
      "dt": 0.01,
      "seed": 33,
      "two_grid_error_inf": 3.0512786387826285e-08
    },
    {
      "dt": 0.005,
      "seed": 33,
      "two_grid_error_inf": 3.882978473479515e-09
    },
    {
      "dt": 0.04,
      "seed": 34,
      "two_grid_error_inf": 2.084613304760563e-06
    },
    {
      "dt": 0.02,
      "seed": 34,
      "two_grid_error_inf": 2.7965204765084684e-07
    },
    {
      "dt": 0.01,
      "seed": 34,
      "two_grid_error_inf": 3.622040545964156e-08
    },
    {
      "dt": 0.005,
      "seed": 34,
      "two_grid_error_inf": 4.608905139480424e-09
    },
    {
      "dt": 0.04,
      "seed": 35,
      "two_grid_error_inf": 2.0239358873956614e-06
    },
    {
      "dt": 0.02,
      "seed": 35,
      "two_grid_error_inf": 2.7155390252414646e-07
    },
    {
      "dt": 0.01,
      "seed": 35,
      "two_grid_error_inf": 3.517434438854439e-08
    },
    {
      "dt": 0.005,
      "seed": 35,
      "two_grid_error_inf": 4.475979861057189e-09
    },
    {
      "dt": 0.04,
      "seed": 36,
      "two_grid_error_inf": 1.5716081867428455e-06
    },
    {
      "dt": 0.02,
      "seed": 36,
      "two_grid_error_inf": 2.1032317275293533e-07
    },
    {
      "dt": 0.01,
      "seed": 36,
      "two_grid_error_inf": 2.720871628003607e-08
    },
    {
      "dt": 0.005,
      "seed": 36,
      "two_grid_error_inf": 3.4601736614847667e-09
    },
    {
      "dt": 0.04,
      "seed": 37,
      "two_grid_error_inf": 1.710267557034073e-06
    },
    {
      "dt": 0.02,
      "seed": 37,
      "two_grid_error_inf": 2.2944627187451716e-07
    },
    {
      "dt": 0.01,
      "seed": 37,
      "two_grid_error_inf": 2.9718981544787915e-08
    },
    {
      "dt": 0.005,
      "seed": 37,
      "two_grid_error_inf": 3.781712821365746e-09
    },
    {
      "dt": 0.04,
      "seed": 38,
      "two_grid_error_inf": 1.7870972794618856e-06
    },
    {
      "dt": 0.02,
      "seed": 38,
      "two_grid_error_inf": 2.3915113551639666e-07
    },
    {
      "dt": 0.01,
      "seed": 38,
      "two_grid_error_inf": 3.093720247690501e-08
    },
    {
      "dt": 0.005,
      "seed": 38,
      "two_grid_error_inf": 3.934268091865256e-09
    },
    {
      "dt": 0.04,
      "seed": 39,
      "two_grid_error_inf": 1.3974535371871766e-06
    },
    {
      "dt": 0.02,
      "seed": 39,
      "two_grid_error_inf": 1.8781565834513625e-07
    },
    {
      "dt": 0.01,
      "seed": 39,
      "two_grid_error_inf": 2.434787348820633e-08
    },
    {
      "dt": 0.005,
      "seed": 39,
      "two_grid_error_inf": 3.099564917230513e-09
    }
  ],
  "scheme": "strang"
}