{
  "failed": true,
  "figure": "/mnt/ironwolf/git/Void_Unity_Proofs/derivation/code/outputs/figures/metriplectic/failed_runs/20251006_082104_lyapunov_delta_per_step_m_only.png",
  "series": [
    {
      "L": 224.79279105979765,
      "delta_L": 224.32344096067587,
      "step": 1
    },
    {
      "L": 3812178.225996243,
      "delta_L": 3811953.433205183,
      "step": 2
    },
    {
      "L": 35953808.32479679,
      "delta_L": 32141630.098800547,
      "step": 3
    },
    {
      "L": 60845525.02704647,
      "delta_L": 24891716.702249683,
      "step": 4
    },
    {
      "L": 80802824.34633242,
      "delta_L": 19957299.319285944,
      "step": 5
    },
    {
      "L": 96658800.47211607,
      "delta_L": 15855976.125783652,
      "step": 6
    },
    {
      "L": 107712961.1919386,
      "delta_L": 11054160.719822526,
      "step": 7
    },
    {
      "L": 114557649.24135548,
      "delta_L": 6844688.049416885,
      "step": 8
    },
    {
      "L": 117886360.53586224,
      "delta_L": 3328711.2945067585,
      "step": 9
    },
    {
      "L": 118545570.29128705,
      "delta_L": 659209.7554248124,
      "step": 10
    },
    {
      "L": 117305460.26683785,
      "delta_L": -1240110.0244491994,
      "step": 11
    },
    {
      "L": 114346613.77395913,
      "delta_L": -2958846.49287872,
      "step": 12
    },
    {
      "L": 101172084.39962599,
      "delta_L": -13174529.374333143,
      "step": 13
    },
    {
      "L": 88378748.29552889,
      "delta_L": -12793336.104097098,
      "step": 14
    },
    {
      "L": 33973426.36933043,
      "delta_L": -54405321.92619846,
      "step": 15
    },
    {
      "L": -214854138.74774778,
      "delta_L": -248827565.1170782,
      "step": 16
    },
    {
      "L": -822135973.7678256,
      "delta_L": -607281835.0200778,
      "step": 17
    },
    {
      "L": -4620482090.7171545,
      "delta_L": -3798346116.949329,
      "step": 18
    },
    {
      "L": -509431661.2031255,
      "delta_L": 4111050429.514029,
      "step": 19
    },
    {
      "L": -3469020961.9976306,
      "delta_L": -2959589300.794505,
      "step": 20
    }
  ],
  "tol_pos": 1e-12,
  "violations": 11
}