{
  "dt": [
    0.05,
    0.025,
    0.0125,
    0.00625
  ],
  "expected_slope": 2.0,
  "failed": true,
  "figure": "/mnt/ironwolf/git/Void_Unity_Proofs/derivation/code/outputs/figures/metriplectic/failed_runs/20251006_081958_residual_vs_dt_jmj.png",
  "fit": {
    "R2": 0.19824888804123775,
    "slope": -0.368400212286024
  },
  "scheme": "jmj",
  "trivial_exact": false,
  "two_grid_error_inf_med": [
    3661037.7001180146,
    1020784.8594612214,
    3255899.2029549098,
    5825819.233102499
  ]
}