{
  "bc": "periodic",
  "samples": [
    {
      "dt": 0.05,
      "seed": 0,
      "two_grid_error_inf": 6919626.062760561
    },
    {
      "dt": 0.025,
      "seed": 0,
      "two_grid_error_inf": 5663899.087566519
    },
    {
      "dt": 0.0125,
      "seed": 0,
      "two_grid_error_inf": 432877507.8727648
    },
    {
      "dt": 0.00625,
      "seed": 0,
      "two_grid_error_inf": 5206762.20686491
    },
    {
      "dt": 0.05,
      "seed": 1,
      "two_grid_error_inf": 3791557.8976297737
    },
    {
      "dt": 0.025,
      "seed": 1,
      "two_grid_error_inf": 16123642.875961024
    },
    {
      "dt": 0.0125,
      "seed": 1,
      "two_grid_error_inf": 3997461.2679735036
    },
    {
      "dt": 0.00625,
      "seed": 1,
      "two_grid_error_inf": 5613362.606886198
    },
    {
      "dt": 0.05,
      "seed": 2,
      "two_grid_error_inf": 5120983.47216703
    },
    {
      "dt": 0.025,
      "seed": 2,
      "two_grid_error_inf": 983027.1068300336
    },
    {
      "dt": 0.0125,
      "seed": 2,
      "two_grid_error_inf": 5982729.1348157935
    },
    {
      "dt": 0.00625,
      "seed": 2,
      "two_grid_error_inf": 6038275.859318799
    },
    {
      "dt": 0.05,
      "seed": 3,
      "two_grid_error_inf": 2988833.325945369
    },
    {
      "dt": 0.025,
      "seed": 3,
      "two_grid_error_inf": 553709.3845320754
    },
    {
      "dt": 0.0125,
      "seed": 3,
      "two_grid_error_inf": 1837505.428181836
    },
    {
      "dt": 0.00625,
      "seed": 3,
      "two_grid_error_inf": 10031565.154174177
    },
    {
      "dt": 0.05,
      "seed": 4,
      "two_grid_error_inf": 2832870.865391302
    },
    {
      "dt": 0.025,
      "seed": 4,
      "two_grid_error_inf": 1058542.612092409
    },
    {
      "dt": 0.0125,
      "seed": 4,
      "two_grid_error_inf": 1364885.884536568
    },
    {
      "dt": 0.00625,
      "seed": 4,
      "two_grid_error_inf": 2296663.553388823
    },
    {
      "dt": 0.05,
      "seed": 5,
      "two_grid_error_inf": 3530517.5026062555
    },
    {
      "dt": 0.025,
      "seed": 5,
      "two_grid_error_inf": 929482.3670824582
    },
    {
      "dt": 0.0125,
      "seed": 5,
      "two_grid_error_inf": 14629482.74905398
    },
    {
      "dt": 0.00625,
      "seed": 5,
      "two_grid_error_inf": 1272478.6978866619
    },
    {
      "dt": 0.05,
      "seed": 6,
      "two_grid_error_inf": 5205268.13414242
    },
    {
      "dt": 0.025,
      "seed": 6,
      "two_grid_error_inf": 492906.7488946022
    },
    {
      "dt": 0.0125,
      "seed": 6,
      "two_grid_error_inf": 447633.3263911539
    },
    {
      "dt": 0.00625,
      "seed": 6,
      "two_grid_error_inf": 24119128.82561482
    },
    {
      "dt": 0.05,
      "seed": 7,
      "two_grid_error_inf": 381507.62329657277
    },
    {
      "dt": 0.025,
      "seed": 7,
      "two_grid_error_inf": 48592533.150494695
    },
    {
      "dt": 0.0125,
      "seed": 7,
      "two_grid_error_inf": 2514337.137936316
    },
    {
      "dt": 0.00625,
      "seed": 7,
      "two_grid_error_inf": 20227390.981412068
    }
  ],
  "scheme": "jmj"
}