{
  "dt": [
    0.02,
    0.01,
    0.005,
    0.0025
  ],
  "expected_slope": 2.0,
  "failed": true,
  "figure": "/mnt/ironwolf/git/Void_Unity_Proofs/derivation/code/outputs/figures/metriplectic/failed_runs/20251006_082106_residual_vs_dt_m_only.png",
  "fit": {
    "R2": 0.29393580413406983,
    "slope": -2.1715235638203105
  },
  "scheme": "m_only",
  "trivial_exact": false,
  "two_grid_error_inf_med": [
    0.01832761757832979,
    3.778413413204916,
    105.07081457013753,
    0.9134698888293731
  ]
}