{
  "bc": "periodic",
  "samples": [
    {
      "dt": 0.02,
      "seed": 0,
      "two_grid_error_inf": 0.01691260628778654
    },
    {
      "dt": 0.01,
      "seed": 0,
      "two_grid_error_inf": 5.863707976650575
    },
    {
      "dt": 0.005,
      "seed": 0,
      "two_grid_error_inf": 88.04684869036063
    },
    {
      "dt": 0.0025,
      "seed": 0,
      "two_grid_error_inf": 0.6832669657338042
    },
    {
      "dt": 0.02,
      "seed": 1,
      "two_grid_error_inf": 0.013962256517211728
    },
    {
      "dt": 0.01,
      "seed": 1,
      "two_grid_error_inf": 3.9630034791596627
    },
    {
      "dt": 0.005,
      "seed": 1,
      "two_grid_error_inf": 90.14634745673739
    },
    {
      "dt": 0.0025,
      "seed": 1,
      "two_grid_error_inf": 0.6695235196156555
    },
    {
      "dt": 0.02,
      "seed": 2,
      "two_grid_error_inf": 0.027790912005093482
    },
    {
      "dt": 0.01,
      "seed": 2,
      "two_grid_error_inf": 8.413241414292738
    },
    {
      "dt": 0.005,
      "seed": 2,
      "two_grid_error_inf": 152.80652499589505
    },
    {
      "dt": 0.0025,
      "seed": 2,
      "two_grid_error_inf": 1.4603068180021017
    },
    {
      "dt": 0.02,
      "seed": 3,
      "two_grid_error_inf": 0.020609697254228773
    },
    {
      "dt": 0.01,
      "seed": 3,
      "two_grid_error_inf": 0.9971193726150702
    },
    {
      "dt": 0.005,
      "seed": 3,
      "two_grid_error_inf": 115.25359606366263
    },
    {
      "dt": 0.0025,
      "seed": 3,
      "two_grid_error_inf": 1.0605434429337361
    },
    {
      "dt": 0.02,
      "seed": 4,
      "two_grid_error_inf": 0.010070093859164117
    },
    {
      "dt": 0.01,
      "seed": 4,
      "two_grid_error_inf": 1.9473494255602601
    },
    {
      "dt": 0.005,
      "seed": 4,
      "two_grid_error_inf": 105.47092209821636
    },
    {
      "dt": 0.0025,
      "seed": 4,
      "two_grid_error_inf": 0.9141303882126051
    },
    {
      "dt": 0.02,
      "seed": 5,
      "two_grid_error_inf": 0.014686775121671648
    },
    {
      "dt": 0.01,
      "seed": 5,
      "two_grid_error_inf": 1.9025872478300885
    },
    {
      "dt": 0.005,
      "seed": 5,
      "two_grid_error_inf": 144.18993060892453
    },
    {
      "dt": 0.0025,
      "seed": 5,
      "two_grid_error_inf": 1.378123017608077
    },
    {
      "dt": 0.02,
      "seed": 6,
      "two_grid_error_inf": 0.02024764038395699
    },
    {
      "dt": 0.01,
      "seed": 6,
      "two_grid_error_inf": 7.077346158426947
    },
    {
      "dt": 0.005,
      "seed": 6,
      "two_grid_error_inf": 66.6461971380324
    },
    {
      "dt": 0.0025,
      "seed": 6,
      "two_grid_error_inf": 0.6213944496578194
    },
    {
      "dt": 0.02,
      "seed": 7,
      "two_grid_error_inf": 0.01974262886887304
    },
    {
      "dt": 0.01,
      "seed": 7,
      "two_grid_error_inf": 3.5938233472501695
    },
    {
      "dt": 0.005,
      "seed": 7,
      "two_grid_error_inf": 104.6707070420587
    },
    {
      "dt": 0.0025,
      "seed": 7,
      "two_grid_error_inf": 0.9128093894461411
    }
  ],
  "scheme": "m_only"
}