node,out_degree,in_degree,total_degree,out_strength,in_strength,total_strength,row_weight
0,14,14,28,8.185299158096313,8.401979863643646,16.58727902173996,0.5846642255783081
1,22,22,44,12.987354516983032,13.090154349803925,26.077508866786957,0.5903342962265015
2,12,12,24,7.4326722621917725,7.3266661167144775,14.75933837890625,0.6193893551826477
3,12,12,24,7.159276485443115,7.182726085186005,14.34200257062912,0.5966063737869263
4,21,21,42,12.509372591972351,12.33391559123993,24.84328818321228,0.5956844091415405
5,12,12,24,7.122613906860352,7.150787770748138,14.27340167760849,0.5935511589050293
6,12,12,24,7.2829484939575195,7.246808588504791,14.52975708246231,0.60691237449646
7,12,12,24,7.1830995082855225,7.164728403091431,14.347827911376953,0.5985916256904602
8,12,12,24,7.197322368621826,7.228233218193054,14.42555558681488,0.5997768640518188
9,12,12,24,7.018184423446655,7.071776866912842,14.089961290359497,0.5848487019538879
10,49,49,98,30.026820421218872,29.636387050151825,59.6632074713707,0.6127922534942627
11,12,12,24,7.292655944824219,7.256121277809143,14.548777222633362,0.6077213287353516
12,17,17,34,10.029158532619476,10.043205082416534,20.07236361503601,0.5899505019187927
13,12,12,24,7.070210695266724,7.062048852443695,14.132259547710419,0.5891842246055603
14,12,12,24,7.337570428848267,7.214722454547882,14.552292883396149,0.6114642024040222
15,12,12,24,7.2830657958984375,7.108663201332092,14.39172899723053,0.6069221496582031
16,12,12,24,7.447573900222778,7.249563932418823,14.697137832641602,0.6206311583518982
17,12,12,24,7.191493034362793,7.249763131141663,14.441256165504456,0.5992910861968994
18,12,12,24,7.26358437538147,7.164413094520569,14.427997469902039,0.6052986979484558
19,12,12,24,7.148972511291504,7.194387197494507,14.34335970878601,0.595747709274292
20,12,12,24,7.2798542976379395,7.166821777820587,14.446676075458527,0.6066545248031616
21,12,12,24,7.039210796356201,7.13267457485199,14.171885371208191,0.5866008996963501
22,93,93,186,56.21759605407715,55.57665812969208,111.79425418376923,0.6044902801513672
23,12,12,24,7.324507713317871,7.193123161792755,14.517630875110626,0.6103756427764893
24,12,12,24,7.446360111236572,7.211156845092773,14.657516956329346,0.6205300092697144
25,12,12,24,7.609888315200806,7.3226125836372375,14.932500898838043,0.6341573596000671
26,12,12,24,7.420357704162598,7.164851486682892,14.58520919084549,0.6183631420135498
27,85,85,170,50.7043120265007,50.80089181661606,101.50520384311676,0.5965213179588318
28,78,78,156,48.11675155162811,46.6769614815712,94.79371303319931,0.6168814301490784
29,97,97,194,57.25459837913513,58.304658591747284,115.55925697088242,0.5902535915374756
30,12,12,24,6.892443895339966,7.139507830142975,14.03195172548294,0.5743703246116638
31,79,79,158,47.49071627855301,47.64521676301956,95.13593304157257,0.6011483073234558
32,60,60,120,36.26843333244324,36.11798977851868,72.38642311096191,0.604473888874054
33,45,45,90,27.005110681056976,26.71655434370041,53.721665024757385,0.600113570690155
34,12,12,24,7.120064735412598,7.21061897277832,14.330683708190918,0.5933387279510498
35,12,12,24,7.210402250289917,7.289795637130737,14.500197887420654,0.6008668541908264
36,12,12,24,7.648778915405273,7.277793705463409,14.926572620868683,0.6373982429504395
37,12,12,24,7.183158874511719,7.152083516120911,14.33524239063263,0.5985965728759766
38,63,63,126,38.00384294986725,37.85481142997742,75.85865437984467,0.6032356023788452
39,12,12,24,7.548247575759888,7.200682282447815,14.748929858207703,0.629020631313324
40,12,12,24,7.00163197517395,7.094390034675598,14.096022009849548,0.5834693312644958
41,12,12,24,7.121378660202026,7.154357433319092,14.275736093521118,0.5934482216835022
42,12,12,24,7.3600287437438965,7.217393755912781,14.577422499656677,0.6133357286453247
43,12,12,24,7.1962244510650635,7.238036811351776,14.43426126241684,0.5996853709220886
44,12,12,24,7.109303712844849,7.19480836391449,14.304112076759338,0.592441976070404
45,12,12,24,6.96319842338562,7.1375903487205505,14.10078877210617,0.580266535282135
46,12,12,24,7.41384744644165,7.2323262095451355,14.646173655986786,0.6178206205368042
47,12,12,24,7.044168949127197,7.144753158092499,14.188922107219696,0.5870140790939331
48,25,25,50,15.055947005748749,15.191408157348633,30.24735516309738,0.60223788022995
49,12,12,24,7.3054304122924805,7.187080979347229,14.49251139163971,0.60878586769104
50,70,70,140,41.97183847427368,42.10317778587341,84.0750162601471,0.599597692489624
51,12,12,24,7.4666290283203125,7.2449517250061035,14.711580753326416,0.6222190856933594
52,20,20,40,11.936153173446655,12.106667220592499,24.042820394039154,0.5968076586723328
53,12,12,24,7.294647932052612,7.296643257141113,14.591291189193726,0.607887327671051
54,13,13,26,7.892782092094421,7.860777497291565,15.753559589385986,0.6071370840072632
55,12,12,24,7.153111696243286,7.106870234012604,14.25998193025589,0.5960926413536072
56,60,60,120,37.35961675643921,36.25343692302704,73.61305367946625,0.6226602792739868
57,12,12,24,7.477819919586182,7.155462205410004,14.633282124996185,0.6231516599655151
58,12,12,24,7.011742830276489,7.098622977733612,14.110365808010101,0.5843119025230408
59,12,12,24,6.710140943527222,7.124072015285492,13.834212958812714,0.5591784119606018
60,12,12,24,7.5717902183532715,7.286394715309143,14.858184933662415,0.630982518196106
61,12,12,24,7.116163730621338,7.17701268196106,14.293176412582397,0.5930136442184448
62,12,12,24,7.231050252914429,7.194322168827057,14.425372421741486,0.6025875210762024
63,12,12,24,7.241828441619873,7.2762861251831055,14.518114566802979,0.6034857034683228
64,12,12,24,7.393417596817017,7.230869233608246,14.624286830425262,0.6161181330680847
65,12,12,24,7.57390022277832,7.321120262145996,14.895020484924316,0.6311583518981934
66,14,14,28,8.637524962425232,8.48158997297287,17.119114935398102,0.6169660687446594
67,39,39,78,24.249061167240143,23.7765354514122,48.025596618652344,0.6217707991600037
68,12,12,24,7.291560888290405,7.144488751888275,14.43604964017868,0.6076300740242004
69,12,12,24,7.026349782943726,7.098660111427307,14.125009894371033,0.5855291485786438
70,18,18,36,10.600948333740234,10.697194457054138,21.298142790794373,0.5889415740966797
71,41,41,82,24.83281844854355,25.10093456506729,49.93375301361084,0.6056784987449646
72,16,16,32,9.140152931213379,9.43526166677475,18.57541459798813,0.5712595582008362
73,12,12,24,7.4880051612854,7.188335359096527,14.676340520381927,0.6240004301071167
74,12,12,24,7.2356085777282715,7.16953444480896,14.405143022537231,0.602967381477356
75,12,12,24,7.134404182434082,7.182331681251526,14.316735863685608,0.5945336818695068
76,34,34,68,20.17439830303192,20.035386502742767,40.20978480577469,0.5933646559715271
77,12,12,24,7.271061658859253,7.1628716588020325,14.433933317661285,0.6059218049049377
78,12,12,24,6.902568340301514,7.03925621509552,13.941824555397034,0.5752140283584595
79,12,12,24,7.030433893203735,7.0723119378089905,14.102745831012726,0.5858694911003113
80,13,13,26,7.4897849559783936,7.762587070465088,15.252372026443481,0.5761373043060303
81,17,17,34,10.366556107997894,10.309758961200714,20.67631506919861,0.6097974181175232
82,83,83,166,51.55348736047745,49.77036380767822,101.32385116815567,0.6211263537406921
83,46,46,92,28.08781361579895,27.8977193236351,55.98553293943405,0.6106046438217163
84,12,12,24,7.172854900360107,7.150488078594208,14.323342978954315,0.5977379083633423
85,12,12,24,7.1181557178497314,7.181411921977997,14.299567639827728,0.5931796431541443
86,12,12,24,6.887284755706787,7.113817870616913,14.0011026263237,0.5739403963088989
87,12,12,24,7.152333498001099,7.190159559249878,14.342493057250977,0.5960277915000916
88,12,12,24,7.488389253616333,7.223443150520325,14.711832404136658,0.6240324378013611
89,12,12,24,6.956652402877808,7.100263476371765,14.056915879249573,0.5797210335731506
90,12,12,24,7.110583305358887,7.1713085770606995,14.281891882419586,0.5925486087799072
91,34,34,68,20.498860359191895,20.665504097938538,41.16436445713043,0.602907657623291
92,35,35,70,21.1824232339859,21.116908967494965,42.299332201480865,0.6052120923995972
93,13,13,26,8.13699096441269,7.852100849151611,15.9890918135643,0.6259223818778992
94,53,53,106,32.36403000354767,32.01980417966843,64.3838341832161,0.6106420755386353
95,12,12,24,7.345343828201294,7.222476840019226,14.56782066822052,0.6121119856834412
96,45,45,90,27.616944015026093,27.125599682331085,54.74254369735718,0.6137098670005798
97,12,12,24,7.1788880825042725,7.146113753318787,14.325001835823059,0.5982406735420227
98,13,13,26,8.036301732063293,7.851049542427063,15.887351274490356,0.618177056312561
99,12,12,24,7.524251461029053,7.249585807323456,14.773837268352509,0.6270209550857544
100,88,88,176,51.98552083969116,52.8654882311821,104.85100907087326,0.5907445549964905
101,12,12,24,7.422849655151367,7.2158039808273315,14.638653635978699,0.6185708045959473
102,104,104,208,62.797871589660645,62.55457812547684,125.35244971513748,0.6038256883621216
103,29,29,58,17.30912297964096,17.42792898416519,34.73705196380615,0.5968663096427917
104,12,12,24,7.123334884643555,7.185348987579346,14.3086838722229,0.5936112403869629
105,12,12,24,7.143344879150391,7.141420662403107,14.284765541553497,0.5952787399291992
106,12,12,24,7.089838743209839,7.164678156375885,14.254516899585724,0.5908198952674866
107,12,12,24,7.277833700180054,7.15886127948761,14.436694979667664,0.6064861416816711
108,12,12,24,7.412048578262329,7.167816579341888,14.579865157604218,0.6176707148551941
109,19,19,38,11.337929904460907,11.415050089359283,22.75297999382019,0.5967331528663635
110,12,12,24,7.5846734046936035,7.252326846122742,14.837000250816345,0.6320561170578003
111,12,12,24,7.380006551742554,7.251550078392029,14.631556630134583,0.6150005459785461
112,12,12,24,7.245577096939087,7.204238295555115,14.449815392494202,0.6037980914115906
113,12,12,24,7.0796263217926025,7.123982489109039,14.203608810901642,0.5899688601493835
114,12,12,24,7.457124710083008,7.249274432659149,14.706399142742157,0.621427059173584
115,12,12,24,7.288529634475708,7.178262829780579,14.466792464256287,0.6073774695396423
116,12,12,24,7.388948678970337,7.192774713039398,14.581723392009735,0.6157457232475281
117,61,61,122,35.94004136323929,36.3186491727829,72.25869053602219,0.5891810059547424
118,12,12,24,7.347690582275391,7.268831133842468,14.616521716117859,0.6123075485229492
119,12,12,24,7.3080267906188965,7.267289400100708,14.575316190719604,0.6090022325515747
120,12,12,24,6.974013805389404,7.173026382923126,14.14704018831253,0.5811678171157837
121,12,12,24,7.327099084854126,7.253345012664795,14.580444097518921,0.6105915904045105
122,37,37,74,21.69366955757141,21.683192670345306,43.37686222791672,0.586315393447876
123,12,12,24,7.093753337860107,7.091085851192474,14.184839189052582,0.5911461114883423
124,12,12,24,7.261727571487427,7.236832559108734,14.498560130596161,0.6051439642906189
125,62,62,124,37.403194189071655,37.311389446258545,74.7145836353302,0.603277325630188
126,12,12,24,7.0626232624053955,7.15683525800705,14.219458520412445,0.588551938533783
127,12,12,24,7.215606451034546,7.2058804631233215,14.421486914157867,0.6013005375862122
128,12,12,24,6.918817520141602,7.098806083202362,14.017623603343964,0.5765681266784668
129,12,12,24,6.993187665939331,7.142306268215179,14.13549393415451,0.5827656388282776
130,12,12,24,7.430236101150513,7.224529147148132,14.654765248298645,0.6191863417625427
131,12,12,24,7.129775047302246,7.2890936732292175,14.418868720531464,0.5941479206085205
132,12,12,24,7.3519370555877686,7.258228957653046,14.610166013240814,0.6126614212989807
133,12,12,24,7.033911466598511,7.165476143360138,14.199387609958649,0.5861592888832092
134,12,12,24,7.443755865097046,7.098625898361206,14.542381763458252,0.6203129887580872
135,12,12,24,7.25858473777771,7.240619242191315,14.499203979969025,0.6048820614814758
136,12,12,24,7.11768651008606,7.1930935978889465,14.310780107975006,0.5931405425071716
137,12,12,24,7.209940195083618,7.225702166557312,14.43564236164093,0.6008283495903015
138,12,12,24,7.272012948989868,7.185795307159424,14.457808256149292,0.606001079082489
139,12,12,24,7.187489748001099,7.10262256860733,14.290112316608429,0.5989574790000916
140,12,12,24,7.106463432312012,7.1393120884895325,14.245775520801544,0.592205286026001
141,12,12,24,6.980375289916992,7.124354362487793,14.104729652404785,0.581697940826416
142,12,12,24,7.065317630767822,7.1480952501297,14.213412880897522,0.5887764692306519
143,12,12,24,7.1760478019714355,7.214865505695343,14.390913307666779,0.5980039834976196
144,12,12,24,7.011847257614136,7.135613918304443,14.147461175918579,0.584320604801178
145,84,84,168,50.801010847091675,50.582966685295105,101.38397753238678,0.6047739386558533
146,14,14,28,8.027586102485657,8.302871942520142,16.3304580450058,0.573399007320404
147,12,12,24,7.212430715560913,7.171569466590881,14.384000182151794,0.6010358929634094
148,12,12,24,7.103892087936401,7.247412621974945,14.351304709911346,0.5919910073280334
149,77,77,154,47.3343523144722,46.5491988658905,93.8835511803627,0.6147318482398987
150,92,92,184,54.400023221969604,55.09821170568466,109.49823492765427,0.5913046002388
151,12,12,24,7.122071743011475,7.12029641866684,14.242368161678314,0.5935059785842896
152,13,13,26,7.874380707740784,7.854884505271912,15.729265213012695,0.6057215929031372
153,12,12,24,7.156114339828491,7.191329121589661,14.347443461418152,0.5963428616523743
154,83,83,166,50.802469968795776,49.695992171764374,100.49846214056015,0.6120779514312744
155,12,12,24,7.051826477050781,7.2249115109443665,14.276737987995148,0.5876522064208984
156,12,12,24,7.237086296081543,7.1689698696136475,14.40605616569519,0.6030905246734619
157,12,12,24,7.193868398666382,7.248208463191986,14.442076861858368,0.5994890332221985
158,12,12,24,7.486739158630371,7.318304717540741,14.805043876171112,0.6238949298858643
159,64,64,128,38.15907669067383,38.26398569345474,76.42306238412857,0.5962355732917786
160,12,12,24,7.061626195907593,7.130707025527954,14.192333221435547,0.5884688496589661
161,12,12,24,7.120212078094482,7.075111150741577,14.19532322883606,0.5933510065078735
162,14,14,28,8.174835801124573,8.292703628540039,16.467539429664612,0.5839168429374695
163,12,12,24,7.049195051193237,7.145394802093506,14.194589853286743,0.5874329209327698
164,12,12,24,7.158190011978149,7.160574674606323,14.318764686584473,0.5965158343315125
165,12,12,24,7.0220232009887695,7.148599624633789,14.170622825622559,0.5851686000823975
166,58,58,116,33.640334367752075,34.417078614234924,68.057412981987,0.5800057649612427
167,27,27,54,15.679593086242676,15.969412386417389,31.649005472660065,0.5807256698608398
168,12,12,24,7.6490092277526855,7.279876947402954,14.92888617515564,0.6374174356460571
169,12,12,24,7.344881772994995,7.341095447540283,14.685977220535278,0.6120734810829163
170,12,12,24,7.390115976333618,7.2546345591545105,14.644750535488129,0.6158429980278015
171,12,12,24,7.314011335372925,7.2193299531936646,14.53334128856659,0.6095009446144104
172,16,16,32,9.827218055725098,9.60372906923294,19.43094712495804,0.6142011284828186
173,30,30,60,17.65548527240753,17.706669986248016,35.36215525865555,0.5885161757469177
174,15,15,30,9.431800246238708,9.110145509243011,18.54194575548172,0.6287866830825806
175,12,12,24,7.071528911590576,7.133572101593018,14.205101013183594,0.5892940759658813
176,86,86,172,50.18547737598419,51.55137920379639,101.73685657978058,0.5835520625114441
177,12,12,24,7.180624723434448,7.18478262424469,14.365407347679138,0.5983853936195374
178,12,12,24,7.246325969696045,7.21252965927124,14.458855628967285,0.6038604974746704
179,17,17,34,9.643412351608276,10.096834778785706,19.740247130393982,0.5672595500946045
180,63,63,126,36.8152397274971,37.666175186634064,74.48141491413116,0.584368884563446
181,91,91,182,53.13732224702835,54.317023396492004,107.45434564352036,0.5839266180992126
182,12,12,24,7.403210878372192,7.313082218170166,14.716293096542358,0.6169342398643494
183,21,21,42,13.27315217256546,12.86961305141449,26.14276522397995,0.63205486536026
184,12,12,24,7.242595195770264,7.0966185331344604,14.339213728904724,0.603549599647522
185,12,12,24,7.024108171463013,7.156247317790985,14.180355489253998,0.5853423476219177
186,39,39,78,22.37258952856064,23.13438707590103,45.50697660446167,0.5736561417579651
187,12,12,24,7.210556745529175,7.1972110867500305,14.407767832279205,0.6008797287940979
188,12,12,24,7.256527662277222,7.199609756469727,14.456137418746948,0.6047106385231018
189,91,91,182,54.47831964492798,54.616557598114014,109.09487724304199,0.5986628532409668
190,12,12,24,7.55492091178894,7.202662408351898,14.757583320140839,0.6295767426490784
191,12,12,24,7.137225866317749,7.2044108510017395,14.341636717319489,0.5947688221931458
192,86,86,172,53.715917229652405,51.80731946229935,105.52323669195175,0.6246036887168884
193,25,25,50,13.972991704940796,14.532690644264221,28.505682349205017,0.5589196681976318
194,12,12,24,7.048135042190552,7.202204406261444,14.250339448451996,0.5873445868492126
195,12,12,24,7.170361518859863,7.2424638867378235,14.412825405597687,0.5975301265716553
196,12,12,24,7.3240392208099365,7.246351540088654,14.57039076089859,0.6103366017341614
197,12,12,24,7.202897071838379,7.167689621448517,14.370586693286896,0.6002414226531982
198,12,12,24,7.140714168548584,7.2090142369270325,14.349728405475616,0.5950595140457153
199,12,12,24,7.330070972442627,7.157225131988525,14.487296104431152,0.6108392477035522
200,12,12,24,7.0714452266693115,7.2014853954315186,14.27293062210083,0.5892871022224426
201,12,12,24,7.601708650588989,7.248958945274353,14.850667595863342,0.6334757208824158
202,12,12,24,7.172954320907593,7.167488515377045,14.340442836284637,0.5977461934089661
203,12,12,24,7.08701491355896,7.1108428835868835,14.197857797145844,0.5905845761299133
204,12,12,24,7.115771055221558,7.150107443332672,14.26587849855423,0.5929809212684631
205,88,88,176,52.904706954956055,52.478557109832764,105.38326406478882,0.6011898517608643
206,12,12,24,7.205063581466675,7.235794544219971,14.440858125686646,0.6004219651222229
207,12,12,24,7.104284763336182,7.151943147182465,14.256227910518646,0.5920237302780151
208,66,66,132,40.83561408519745,39.789398312568665,80.62501239776611,0.6187214255332947
209,57,57,114,34.24550360441208,34.47096300125122,68.7164666056633,0.6007983088493347
210,12,12,24,7.539088010787964,7.179083585739136,14.7181715965271,0.6282573342323303
211,34,34,68,20.997900247573853,20.720498204231262,41.718398451805115,0.617585301399231
212,34,34,68,20.271154284477234,20.142543017864227,40.41369730234146,0.5962104201316833
213,12,12,24,7.068725109100342,7.147236585617065,14.215961694717407,0.5890604257583618
214,17,17,34,10.695910274982452,10.335654616355896,21.03156489133835,0.6291711926460266
215,12,12,24,7.527565240859985,7.244367063045502,14.771932303905487,0.6272971034049988
216,12,12,24,7.289415121078491,7.28269761800766,14.572112739086151,0.6074512600898743
217,12,12,24,7.388629674911499,7.2631524205207825,14.651782095432281,0.6157191395759583
218,15,15,30,9.537545442581177,9.117829203605652,18.65537464618683,0.6358363628387451
219,12,12,24,7.423429012298584,7.249405026435852,14.672834038734436,0.6186190843582153
220,12,12,24,7.288017511367798,7.2334060072898865,14.521423518657684,0.6073347926139832
221,12,12,24,7.371964931488037,7.16341096162796,14.535375893115997,0.6143304109573364
222,12,12,24,7.501354694366455,7.280095279216766,14.781449973583221,0.6251128911972046
223,12,12,24,7.223105192184448,7.211847007274628,14.434952199459076,0.6019254326820374
224,12,12,24,7.447968006134033,7.2206878662109375,14.66865587234497,0.6206640005111694
225,12,12,24,7.305966138839722,7.271291196346283,14.577257335186005,0.6088305115699768
226,12,12,24,7.192783355712891,7.205511569976807,14.398294925689697,0.5993986129760742
227,12,12,24,6.978461265563965,7.0695271492004395,14.047988414764404,0.5815384387969971
228,12,12,24,7.296569108963013,7.162399768829346,14.458968877792358,0.6080474257469177
229,12,12,24,6.976534366607666,7.053788661956787,14.030323028564453,0.5813778638839722
230,12,12,24,6.985782623291016,7.095772683620453,14.081555306911469,0.582148551940918
231,12,12,24,7.12307596206665,7.155054450035095,14.278130412101746,0.5935896635055542
232,12,12,24,7.264979124069214,7.168935060501099,14.433914184570312,0.6054149270057678
233,20,20,40,11.575804948806763,11.666247606277466,23.24205255508423,0.5787902474403381
234,82,82,164,48.195863127708435,49.42998778820038,97.62585091590881,0.5877544283866882
235,12,12,24,7.330085277557373,7.29835969209671,14.628444969654083,0.6108404397964478
236,12,12,24,7.167904615402222,7.20097690820694,14.368881523609161,0.5973253846168518
237,12,12,24,7.0507285594940186,7.151552319526672,14.202280879020691,0.5875607132911682
238,12,12,24,7.389578104019165,7.251062393188477,14.640640497207642,0.6157981753349304
239,47,47,94,27.67917263507843,27.698816239833832,55.37798887491226,0.5889185667037964
240,12,12,24,7.177684307098389,7.13808012008667,14.315764427185059,0.5981403589248657
241,12,12,24,7.256434679031372,7.182324290275574,14.438758969306946,0.604702889919281
242,12,12,24,7.223192453384399,7.198643386363983,14.421835839748383,0.6019327044487
243,12,12,24,7.101828575134277,7.126882195472717,14.228710770606995,0.5918190479278564
244,12,12,24,7.275556325912476,7.234512686729431,14.510069012641907,0.6062963604927063
245,12,12,24,7.445134878158569,7.2448850274086,14.69001990556717,0.6204279065132141
246,71,71,142,39.709056198596954,42.150929033756256,81.85998523235321,0.5592824816703796
247,15,15,30,9.023978412151337,9.064230978488922,18.08820939064026,0.6015985608100891
248,22,22,44,13.604092717170715,13.429754137992859,27.033846855163574,0.6183678507804871
249,12,12,24,7.121455907821655,7.24380624294281,14.365262150764465,0.5934546589851379
250,13,13,26,7.8483206033706665,7.729002952575684,15.57732355594635,0.6037169694900513
251,93,93,186,56.99537801742554,55.852452754974365,112.8478307723999,0.6128535270690918
252,12,12,24,7.183301210403442,7.205150842666626,14.388452053070068,0.5986084342002869
253,95,95,190,56.93348556756973,57.229762732982635,114.16324830055237,0.5992998480796814
254,12,12,24,7.310318470001221,7.220346212387085,14.530664682388306,0.6091932058334351
255,12,12,24,7.083048105239868,7.1449708342552185,14.228018939495087,0.590254008769989
256,30,30,60,17.560726404190063,17.657458901405334,35.2181853055954,0.5853575468063354
257,15,15,30,9.302658140659332,8.929100453853607,18.23175859451294,0.6201772093772888
258,12,12,24,7.08601713180542,7.183363080024719,14.26938021183014,0.5905014276504517
259,32,32,64,18.693031311035156,19.166093945503235,37.85912525653839,0.5841572284698486
260,46,46,92,28.598289966583252,28.059035778045654,56.657325744628906,0.6217019557952881
261,12,12,24,7.513319492340088,7.221267819404602,14.73458731174469,0.6261099576950073
262,12,12,24,7.323249578475952,7.199673175811768,14.52292275428772,0.6102707982063293
263,12,12,24,6.9918437004089355,7.06960666179657,14.061450362205505,0.5826536417007446
264,12,12,24,7.230983018875122,7.120277941226959,14.351260960102081,0.6025819182395935
265,12,12,24,7.215755224227905,7.140348851680756,14.356104075908661,0.6013129353523254
266,12,12,24,7.396594047546387,7.209982097148895,14.606576144695282,0.6163828372955322
267,12,12,24,7.333417654037476,7.126734733581543,14.460152387619019,0.6111181378364563
268,12,12,24,7.097045660018921,7.2217583656311035,14.318804025650024,0.5914204716682434
269,12,12,24,6.912106990814209,7.071503043174744,13.983610033988953,0.5760089159011841
270,12,12,24,6.9420554637908936,6.988462209701538,13.930517673492432,0.5785046219825745
271,12,12,24,7.116838216781616,7.113964796066284,14.2308030128479,0.593069851398468
272,12,12,24,7.028369665145874,7.18102639913559,14.209396064281464,0.5856974720954895
273,23,23,46,13.194250285625458,13.581570446491241,26.7758207321167,0.573663055896759
274,35,35,70,21.55525803565979,21.029101073741913,42.5843591094017,0.6158645153045654
275,12,12,24,7.3097083568573,7.242760539054871,14.55246889591217,0.6091423630714417
276,67,67,134,40.75555491447449,40.45543450117111,81.2109894156456,0.6082918643951416
277,13,13,26,7.922566175460815,7.753669798374176,15.676235973834991,0.6094281673431396
278,44,44,88,27.33507490158081,26.799174666404724,54.134249567985535,0.6212517023086548
279,58,58,116,32.6867812871933,34.55088585615158,67.23766714334488,0.563565194606781
280,28,28,56,17.77475929260254,17.16841995716095,34.94317924976349,0.6348128318786621
281,12,12,24,7.022919416427612,6.981971561908722,14.004890978336334,0.585243284702301
282,12,12,24,7.2060227394104,7.266214609146118,14.472237348556519,0.6005018949508667
283,12,12,24,7.168721437454224,7.227075040340424,14.395796477794647,0.5973934531211853
284,12,12,24,7.192250490188599,7.1877341866493225,14.379984676837921,0.5993542075157166
285,12,12,24,7.562962532043457,7.143898904323578,14.706861436367035,0.6302468776702881
286,12,12,24,7.364936113357544,7.255390644073486,14.62032675743103,0.6137446761131287
287,12,12,24,7.161661863327026,7.242324948310852,14.403986811637878,0.5968051552772522
288,32,32,64,19.271013259887695,19.013223111629486,38.28423637151718,0.6022191643714905
289,85,85,170,48.943451046943665,50.82895988225937,99.77241092920303,0.5758053064346313
290,12,12,24,7.131840705871582,7.208408415317535,14.340249121189117,0.5943200588226318
291,14,14,28,8.215050339698792,8.461210250854492,16.676260590553284,0.5867893099784851
292,12,12,24,7.294459819793701,7.15233701467514,14.446796834468842,0.6078716516494751
293,12,12,24,7.129477500915527,7.1516610980033875,14.281138598918915,0.594123125076294
294,12,12,24,6.925544500350952,7.142546594142914,14.068091094493866,0.5771287083625793
295,12,12,24,7.1028220653533936,7.057474255561829,14.160296320915222,0.5919018387794495
296,21,21,42,11.93939459323883,12.354656994342804,24.294051587581635,0.5685425996780396
297,12,12,24,7.152477264404297,7.142611026763916,14.295088291168213,0.5960397720336914
298,12,12,24,7.017688035964966,7.123482048511505,14.141170084476471,0.5848073363304138
299,12,12,24,7.038653612136841,7.0978676080703735,14.136521220207214,0.5865544676780701
300,12,12,24,7.0511155128479,7.1082422733306885,14.159357786178589,0.5875929594039917
301,12,12,24,6.932838678359985,7.004747092723846,13.937585771083832,0.5777365565299988
302,12,12,24,7.426356554031372,7.213193297386169,14.639549851417542,0.618863046169281
303,12,12,24,7.191288471221924,7.171432197093964,14.362720668315887,0.5992740392684937
304,12,12,24,7.098127126693726,7.14293771982193,14.241064846515656,0.5915105938911438
305,12,12,24,7.339291334152222,7.267125070095062,14.606416404247284,0.6116076111793518
306,12,12,24,7.154688119888306,7.202438771724701,14.357126891613007,0.5962240099906921
307,12,12,24,7.424685001373291,7.259836673736572,14.684521675109863,0.6187237501144409
308,37,37,74,22.06307816505432,22.267861902713776,44.3309400677681,0.596299409866333
309,12,12,24,7.246255874633789,7.181291580200195,14.427547454833984,0.6038546562194824
310,12,12,24,7.169016122817993,7.125196218490601,14.294212341308594,0.5974180102348328
311,12,12,24,7.23185133934021,7.202132523059845,14.433983862400055,0.6026542782783508
312,12,12,24,6.992854356765747,7.048704206943512,14.041558563709259,0.5827378630638123
313,12,12,24,7.276355266571045,7.164716720581055,14.4410719871521,0.6063629388809204
314,12,12,24,6.990574836730957,7.159314572811127,14.149889409542084,0.5825479030609131
315,28,28,56,16.02945065498352,16.476880311965942,32.50633096694946,0.5724803805351257
316,12,12,24,7.333622217178345,7.160537600517273,14.494159817695618,0.6111351847648621
317,12,12,24,7.073264837265015,7.167372465133667,14.240637302398682,0.5894387364387512
318,12,12,24,7.015645265579224,7.152759552001953,14.168404817581177,0.5846371054649353
319,12,12,24,7.541780948638916,7.299424707889557,14.841205656528473,0.6284817457199097
320,12,12,24,7.145094394683838,7.1297261118888855,14.274820506572723,0.5954245328903198
321,12,12,24,7.356302261352539,7.219259738922119,14.575562000274658,0.6130251884460449
322,12,12,24,7.3201868534088135,7.246810972690582,14.566997826099396,0.6100155711174011
323,12,12,24,7.3853631019592285,7.213278770446777,14.598641872406006,0.615446925163269
324,16,16,32,9.961639404296875,9.761199653148651,19.722839057445526,0.6226024627685547
325,19,19,38,10.963245034217834,11.213588118553162,22.176833152770996,0.5770128965377808
326,12,12,24,6.986132383346558,7.209869682788849,14.196002066135406,0.5821776986122131
327,12,12,24,7.080828666687012,7.19392853975296,14.274757206439972,0.590069055557251
328,12,12,24,7.422624349594116,7.23245245218277,14.655076801776886,0.618552029132843
329,12,12,24,7.31782865524292,7.16971880197525,14.48754745721817,0.6098190546035767
330,14,14,28,8.512969374656677,8.44494915008545,16.957918524742126,0.6080692410469055
331,12,12,24,7.633829355239868,7.309538543224335,14.943367898464203,0.636152446269989
332,72,72,144,43.46536874771118,43.205448389053345,86.67081713676453,0.6036856770515442
333,12,12,24,7.279904365539551,7.315032184123993,14.594936549663544,0.6066586971282959
334,59,59,118,34.71758729219437,35.07445669174194,69.79204398393631,0.5884336829185486
335,37,37,74,22.19491308927536,22.18585628271103,44.38076937198639,0.5998625159263611
336,12,12,24,6.923169851303101,7.178589224815369,14.10175907611847,0.576930820941925
337,12,12,24,7.289332866668701,7.272399961948395,14.561732828617096,0.6074444055557251
338,12,12,24,7.372848987579346,7.124178051948547,14.497027039527893,0.6144040822982788
339,12,12,24,6.95536208152771,7.1067110896110535,14.062073171138763,0.5796135067939758
340,12,12,24,7.418303489685059,7.300624489784241,14.7189279794693,0.6181919574737549
341,27,27,54,15.280417621135712,15.807049095630646,31.087466716766357,0.5659413933753967
342,47,47,94,28.325964093208313,28.422018468379974,56.74798256158829,0.6026800870895386
343,12,12,24,7.176568508148193,7.170611083507538,14.347179591655731,0.5980473756790161
344,12,12,24,6.760803937911987,7.071004331111908,13.831808269023895,0.5634003281593323
345,12,12,24,7.149440288543701,7.271633625030518,14.421073913574219,0.5957866907119751
346,12,12,24,7.198166370391846,7.267581105232239,14.465747475624084,0.5998471975326538
347,12,12,24,7.283587217330933,7.182884991168976,14.466472208499908,0.6069656014442444
348,12,12,24,7.035678863525391,7.032796084880829,14.06847494840622,0.5863065719604492
349,12,12,24,7.1542932987213135,7.256303787231445,14.410597085952759,0.5961911082267761
350,12,12,24,7.1562066078186035,7.237580358982086,14.39378696680069,0.5963505506515503
351,12,12,24,7.145710229873657,7.224030673503876,14.369740903377533,0.5954758524894714
352,12,12,24,7.101279973983765,7.159042954444885,14.26032292842865,0.5917733311653137
353,12,12,24,7.352502822875977,7.24187958240509,14.594382405281067,0.612708568572998
354,12,12,24,7.336116313934326,7.2959887981414795,14.632105112075806,0.6113430261611938
355,12,12,24,7.303176641464233,7.1303932666778564,14.43356990814209,0.6085980534553528
356,12,12,24,7.376356601715088,7.170983910560608,14.547340512275696,0.6146963834762573
357,34,34,68,20.024189829826355,20.022448003292084,40.04663783311844,0.5889467597007751
358,12,12,24,7.3587892055511475,7.241828918457031,14.600618124008179,0.613232433795929
359,12,12,24,7.212071657180786,7.116193234920502,14.328264892101288,0.6010059714317322
360,12,12,24,7.062966585159302,7.183597683906555,14.246564269065857,0.5885805487632751
361,12,12,24,7.4424755573272705,7.278923869132996,14.721399426460266,0.6202062964439392
362,12,12,24,7.348607540130615,7.174880683422089,14.523488223552704,0.6123839616775513
363,12,12,24,7.6870293617248535,7.348225951194763,15.035255312919617,0.6405857801437378
364,12,12,24,7.1052632331848145,7.128546357154846,14.23380959033966,0.5921052694320679
365,14,14,28,8.006962299346924,8.27539473772049,16.282357037067413,0.5719258785247803
366,12,12,24,7.37468147277832,7.244970679283142,14.619652152061462,0.6145567893981934
367,12,12,24,7.496671915054321,7.244802296161652,14.741474211215973,0.6247226595878601
368,12,12,24,7.0212929248809814,7.120924592018127,14.142217516899109,0.5851077437400818
369,12,12,24,7.177003383636475,7.184230446815491,14.361233830451965,0.5980836153030396
370,12,12,24,7.113721132278442,7.091587662696838,14.20530879497528,0.5928100943565369
371,12,12,24,6.775558948516846,6.986617922782898,13.762176871299744,0.5646299123764038
372,12,12,24,7.148576974868774,7.191474914550781,14.340051889419556,0.5957147479057312
373,12,12,24,7.039016246795654,7.037342548370361,14.076358795166016,0.5865846872329712
374,12,12,24,7.174124479293823,7.173614859580994,14.347739338874817,0.5978437066078186
375,12,12,24,7.355695009231567,7.202605724334717,14.558300733566284,0.6129745841026306
376,12,12,24,7.108381748199463,7.180461287498474,14.288843035697937,0.5923651456832886
377,12,12,24,6.985635280609131,7.15577232837677,14.1414076089859,0.5821362733840942
378,12,12,24,7.02820086479187,7.144631862640381,14.172832727432251,0.5856834053993225
379,18,18,36,10.420100927352905,10.589240431785583,21.00934135913849,0.5788944959640503
380,12,12,24,7.419350624084473,7.252562701702118,14.67191332578659,0.618279218673706
381,12,12,24,6.934764862060547,7.047442257404327,13.982207119464874,0.5778970718383789
382,40,40,80,24.350857734680176,24.233731150627136,48.58458888530731,0.6087714433670044
383,12,12,24,7.272074460983276,7.108713507652283,14.380787968635559,0.6060062050819397
384,12,12,24,7.202474355697632,7.226391851902008,14.42886620759964,0.600206196308136
385,12,12,24,6.987265348434448,7.09452360868454,14.081788957118988,0.5822721123695374
386,12,12,24,7.265333890914917,7.109567284584045,14.374901175498962,0.6054444909095764
387,12,12,24,7.206618547439575,7.1839792132377625,14.390597760677338,0.6005515456199646
388,28,28,56,16.648637056350708,16.711456656455994,33.3600937128067,0.5945941805839539
389,12,12,24,7.079556226730347,7.120055913925171,14.199612140655518,0.5899630188941956
390,97,97,194,59.94919443130493,58.30244165658951,118.25163608789444,0.6180329322814941
391,12,12,24,7.089117765426636,7.151510536670685,14.24062830209732,0.590759813785553
392,12,12,24,7.460734605789185,7.383796453475952,14.844531059265137,0.6217278838157654
393,15,15,30,9.30566668510437,9.011383175849915,18.317049860954285,0.620377779006958
394,12,12,24,7.08863639831543,7.139160335063934,14.227796733379364,0.5907196998596191
395,12,12,24,7.279932260513306,7.226849615573883,14.506781876087189,0.6066610217094421
396,12,12,24,6.828851222991943,7.107339084148407,13.93619030714035,0.5690709352493286
397,12,12,24,7.240138292312622,7.173417866230011,14.413556158542633,0.6033448576927185
398,12,12,24,7.124557256698608,7.1073912382125854,14.231948494911194,0.593713104724884
399,14,14,28,8.206175804138184,8.333366990089417,16.5395427942276,0.5861554145812988
400,12,12,24,7.442230224609375,7.266853749752045,14.70908397436142,0.6201858520507812
401,12,12,24,7.133500099182129,7.079977929592133,14.213478028774261,0.5944583415985107
402,12,12,24,7.016798257827759,7.101793050765991,14.11859130859375,0.5847331881523132
403,12,12,24,7.138042688369751,7.1511494517326355,14.289192140102386,0.5948368906974792
404,12,12,24,7.290003061294556,7.246807217597961,14.536810278892517,0.6075002551078796
405,98,98,196,59.355061769485474,58.735437631607056,118.09049940109253,0.6056638956069946
406,39,39,78,23.279469072818756,23.159593760967255,46.43906283378601,0.5969094634056091
407,12,12,24,7.1828083992004395,7.126619935035706,14.309428334236145,0.5985673666000366
408,12,12,24,7.135622978210449,7.211818158626556,14.347441136837006,0.5946352481842041
409,31,31,62,17.99221307039261,18.289159536361694,36.2813726067543,0.5803939700126648
410,12,12,24,7.4226393699646,7.251456022262573,14.674095392227173,0.6185532808303833
411,12,12,24,7.278975963592529,7.150900363922119,14.429876327514648,0.6065813302993774
412,12,12,24,6.97912859916687,7.09284383058548,14.07197242975235,0.5815940499305725
413,14,14,28,8.064453601837158,8.259805858135223,16.32425945997238,0.5760324001312256
414,12,12,24,7.017331838607788,7.116554319858551,14.133886158466339,0.5847776532173157
415,91,91,182,52.85452455282211,54.28495889902115,107.13948345184326,0.5808189511299133
416,12,12,24,6.959311008453369,7.115662038326263,14.074973046779633,0.5799425840377808
417,12,12,24,6.9802937507629395,7.089678943157196,14.069972693920135,0.5816911458969116
418,107,107,214,64.82781028747559,64.26319915056229,129.09100943803787,0.6058673858642578
419,26,26,52,15.797239780426025,15.865075469017029,31.662315249443054,0.607586145401001
420,12,12,24,7.338369369506836,7.240179121494293,14.57854849100113,0.6115307807922363
421,12,12,24,7.195558547973633,7.2902127504348755,14.485771298408508,0.5996298789978027
422,12,12,24,7.237154960632324,7.266601800918579,14.503756761550903,0.6030962467193604
423,12,12,24,6.843257904052734,7.088865160942078,13.932123064994812,0.5702714920043945
424,12,12,24,7.115847587585449,7.043484210968018,14.159331798553467,0.5929872989654541
425,12,12,24,7.244633674621582,7.193990528583527,14.438624203205109,0.6037194728851318
426,68,68,136,39.47041344642639,40.53245359659195,80.00286704301834,0.580447256565094
427,12,12,24,7.291055917739868,7.22963935136795,14.520695269107819,0.607587993144989
428,76,76,152,45.31507682800293,45.48837357759476,90.80345040559769,0.5962510108947754
429,12,12,24,7.165434837341309,7.281590163707733,14.447025001049042,0.5971195697784424
430,12,12,24,7.206193685531616,7.150925815105438,14.357119500637054,0.600516140460968
431,12,12,24,7.427172660827637,7.224764466285706,14.651937127113342,0.6189310550689697
432,12,12,24,7.327906608581543,7.193733215332031,14.521639823913574,0.6106588840484619
433,12,12,24,6.887519359588623,7.093204915523529,13.980724275112152,0.5739599466323853
434,12,12,24,7.343112230300903,7.243427872657776,14.58654010295868,0.6119260191917419
435,12,12,24,7.28120756149292,7.220976948738098,14.502184510231018,0.6067672967910767
436,12,12,24,7.584769248962402,7.176830768585205,14.761600017547607,0.6320641040802002
437,12,12,24,7.133357048034668,7.193242132663727,14.326599180698395,0.5944464206695557
438,20,20,40,12.226366996765137,12.162832796573639,24.389199793338776,0.6113183498382568
439,12,12,24,7.353272438049316,7.271236419677734,14.62450885772705,0.6127727031707764
440,84,84,168,49.4223210811615,50.314795672893524,99.73711675405502,0.5883609652519226
441,82,82,164,48.910359025001526,48.980243504047394,97.89060252904892,0.5964677929878235
442,12,12,24,7.213437795639038,7.124751150608063,14.3381889462471,0.6011198163032532
443,12,12,24,7.380266189575195,7.3556113839149475,14.735877573490143,0.6150221824645996
444,12,12,24,7.555762052536011,7.284349203109741,14.840111255645752,0.6296468377113342
445,12,12,24,7.156750917434692,7.180176258087158,14.33692717552185,0.5963959097862244
446,13,13,26,8.051992654800415,7.916714131832123,15.968706786632538,0.6193840503692627
447,12,12,24,7.218157768249512,7.182034432888031,14.400192201137543,0.601513147354126
448,81,81,162,49.354107677936554,48.51830857992172,97.87241625785828,0.60930997133255
449,20,20,40,12.47739553451538,12.176490247249603,24.653885781764984,0.623869776725769
450,12,12,24,7.622973203659058,7.2731903195381165,14.896163523197174,0.6352477669715881
451,12,12,24,7.563620567321777,7.354749917984009,14.918370485305786,0.6303017139434814
452,12,12,24,7.045414924621582,7.153492212295532,14.198907136917114,0.5871179103851318
453,12,12,24,7.094344854354858,7.177346765995026,14.271691620349884,0.5911954045295715
454,94,94,188,55.598236322402954,56.31096988916397,111.90920621156693,0.5914705991744995
455,12,12,24,6.847501516342163,7.075862884521484,13.923364400863647,0.5706251263618469
456,56,56,112,33.284443378448486,33.728621542453766,67.01306492090225,0.5943650603294373
457,12,12,24,7.311444997787476,7.200103461742401,14.511548459529877,0.6092870831489563
458,12,12,24,7.264086484909058,7.273743152618408,14.537829637527466,0.6053405404090881
459,12,12,24,7.044282674789429,7.048437774181366,14.092720448970795,0.5870235562324524
460,76,76,152,46.56799387931824,45.560673236846924,92.12866711616516,0.6127367615699768
461,12,12,24,7.556399345397949,7.244444966316223,14.800844311714172,0.6296999454498291
462,70,70,140,42.62382686138153,41.96197837591171,84.58580523729324,0.6089118123054504
463,12,12,24,7.23706841468811,7.314617931842804,14.551686346530914,0.6030890345573425
464,12,12,24,7.579508543014526,7.260483741760254,14.83999228477478,0.6316257119178772
465,12,12,24,7.005822658538818,7.052772879600525,14.058595538139343,0.5838185548782349
466,90,90,180,52.060588002204895,54.01387000083923,106.07445800304413,0.5784509778022766
467,13,13,26,7.482902646064758,7.713451087474823,15.196353733539581,0.5756078958511353
468,12,12,24,7.309834957122803,7.161881804466248,14.47171676158905,0.6091529130935669
469,12,12,24,6.87799859046936,7.163401365280151,14.041399955749512,0.57316654920578
470,12,12,24,7.293041467666626,7.161917209625244,14.45495867729187,0.6077534556388855
471,12,12,24,7.088180065155029,7.210949242115021,14.29912930727005,0.5906816720962524
472,12,12,24,7.155758857727051,7.217431008815765,14.373189866542816,0.5963132381439209
473,21,21,42,12.576483607292175,12.657843828201294,25.23432743549347,0.5988801717758179
474,15,15,30,8.748107850551605,8.96553087234497,17.713638722896576,0.5832071900367737
475,93,93,186,55.70149344205856,55.834346413612366,111.53583985567093,0.5989407896995544
476,12,12,24,6.989473342895508,7.172981023788452,14.16245436668396,0.582456111907959
477,12,12,24,6.985520124435425,7.157950758934021,14.143470883369446,0.5821266770362854
478,12,12,24,7.133238315582275,7.143263936042786,14.276502251625061,0.594436526298523
479,12,12,24,7.125133037567139,7.191915214061737,14.317048251628876,0.5937610864639282
480,12,12,24,7.044273376464844,7.108384430408478,14.152657806873322,0.5870227813720703
481,12,12,24,7.01255464553833,7.107341408729553,14.119896054267883,0.5843795537948608
482,12,12,24,7.332484245300293,7.247672379016876,14.58015662431717,0.6110403537750244
483,12,12,24,7.0704638957977295,7.225583791732788,14.296047687530518,0.5892053246498108
484,12,12,24,7.293371200561523,7.193440318107605,14.486811518669128,0.607780933380127
485,12,12,24,6.820703029632568,7.151370167732239,13.972073197364807,0.5683919191360474
486,12,12,24,7.002867937088013,7.122107923030853,14.124975860118866,0.5835723280906677
487,12,12,24,7.339927911758423,7.228312909603119,14.568240821361542,0.6116606593132019
488,12,12,24,7.091379404067993,7.099379897117615,14.190759301185608,0.5909482836723328
489,12,12,24,7.203537225723267,7.214732110500336,14.418269336223602,0.6002947688102722
490,86,86,172,50.587058424949646,51.564458549022675,102.15151697397232,0.5882216095924377
491,12,12,24,7.106181621551514,7.037244737148285,14.143426358699799,0.5921818017959595
492,12,12,24,7.130699157714844,7.2335875034332275,14.364286661148071,0.5942249298095703
493,73,73,146,44.710786521434784,44.115081548690796,88.82586807012558,0.6124765276908875
494,12,12,24,6.800381898880005,7.087821543216705,13.88820344209671,0.5666984915733337
495,12,12,24,7.268026828765869,7.246159315109253,14.514186143875122,0.6056689023971558
496,77,77,154,46.79392272233963,46.29960995912552,93.09353268146515,0.6077132821083069
497,80,80,160,48.490238189697266,48.060597479343414,96.55083566904068,0.6061279773712158
498,12,12,24,7.3774402141571045,7.184446632862091,14.561886847019196,0.614786684513092
499,61,61,122,35.17520785331726,36.38051909208298,71.55572694540024,0.5766427516937256
500,12,12,24,6.8230369091033936,7.118951737880707,13.9419886469841,0.5685864090919495
501,12,12,24,7.196976900100708,7.197557210922241,14.39453411102295,0.5997480750083923
502,38,38,76,22.052948236465454,22.43134880065918,44.484297037124634,0.5803407430648804
503,12,12,24,7.174194574356079,7.205020010471344,14.379214584827423,0.5978495478630066
504,12,12,24,7.320199012756348,7.2594775557518005,14.579676568508148,0.6100165843963623
505,12,12,24,7.307260751724243,7.181416451931,14.488677203655243,0.6089383959770203
506,12,12,24,7.04533052444458,7.07758492231369,14.12291544675827,0.5871108770370483
507,69,69,138,40.39073181152344,40.82133728265762,81.21206909418106,0.5853729248046875
508,67,67,134,39.3807367682457,40.1137552857399,79.4944920539856,0.5877721905708313
509,12,12,24,7.179327964782715,7.1385709047317505,14.317898869514465,0.5982773303985596
510,12,12,24,7.081218481063843,7.111599862575531,14.192818343639374,0.5901015400886536
511,12,12,24,7.061328649520874,7.086776435375214,14.148105084896088,0.5884440541267395
512,15,15,30,8.773540556430817,8.895148694515228,17.668689250946045,0.5849027037620544
513,12,12,24,6.772756576538086,7.107938647270203,13.880695223808289,0.5643963813781738
514,33,33,66,18.67790114879608,19.28968435525894,37.96758550405502,0.5659970045089722
515,12,12,24,7.474115610122681,7.2482797503471375,14.722395360469818,0.6228429675102234
516,34,34,68,20.68150794506073,20.481534719467163,41.16304266452789,0.6082796454429626
517,63,63,126,38.45777356624603,37.81684064865112,76.27461421489716,0.6104408502578735
518,18,18,36,10.475104451179504,10.675153315067291,21.150257766246796,0.5819502472877502
519,82,82,164,47.947319865226746,49.43893247842789,97.38625234365463,0.5847234129905701
520,60,60,120,35.77900528907776,35.91632902622223,71.69533431529999,0.5963167548179626
521,12,12,24,7.37426233291626,7.212770938873291,14.58703327178955,0.614521861076355
522,12,12,24,7.327240705490112,7.254236817359924,14.581477522850037,0.610603392124176
523,15,15,30,8.828769028186798,8.926745176315308,17.755514204502106,0.5885846018791199
524,12,12,24,7.533898115158081,7.183725655078888,14.717623770236969,0.6278248429298401
525,12,12,24,7.0833563804626465,7.168096542358398,14.251452922821045,0.5902796983718872
526,12,12,24,7.165267467498779,7.070326030254364,14.235593497753143,0.5971056222915649
527,16,16,32,9.286055564880371,9.461462914943695,18.747518479824066,0.5803784728050232
528,12,12,24,7.259060382843018,7.231176793575287,14.490237176418304,0.6049216985702515
529,79,79,158,47.03648507595062,47.49025535583496,94.52674043178558,0.5953985452651978
530,12,12,24,7.311737537384033,7.200889945030212,14.512627482414246,0.6093114614486694
531,87,87,174,51.861656963825226,52.28552687168121,104.14718383550644,0.596110999584198
532,74,74,148,44.16678810119629,44.561786115169525,88.72857421636581,0.5968484878540039
533,12,12,24,6.851069927215576,7.142896950244904,13.99396687746048,0.5709224939346313
534,12,12,24,7.16381049156189,7.164031684398651,14.32784217596054,0.5969842076301575
535,12,12,24,7.451478481292725,7.25346451997757,14.704943001270294,0.620956540107727
536,12,12,24,7.139496803283691,7.124835252761841,14.264332056045532,0.5949580669403076
537,12,12,24,7.125378370285034,7.142414391040802,14.267792761325836,0.5937815308570862
538,19,19,38,11.468471825122833,11.29277127981186,22.761243104934692,0.6036037802696228
539,12,12,24,7.2831315994262695,7.252302765846252,14.535434365272522,0.6069276332855225
540,68,68,136,41.032326221466064,40.75392746925354,81.7862536907196,0.6034165620803833
541,12,12,24,7.025964975357056,7.042275428771973,14.068240404129028,0.5854970812797546
542,12,12,24,7.4182047843933105,7.22770494222641,14.64590972661972,0.6181837320327759
543,12,12,24,7.168100595474243,7.227174401283264,14.395274996757507,0.5973417162895203
544,12,12,24,7.508169651031494,7.26405531167984,14.772224962711334,0.6256808042526245
545,87,87,174,51.07297325134277,52.12992125749588,103.20289450883865,0.5870456695556641
546,105,105,210,63.08529317378998,62.930535316467285,126.01582849025726,0.6008123159408569
547,87,87,174,52.15033954381943,52.278477907180786,104.42881745100021,0.599429190158844
548,12,12,24,7.322894811630249,7.273007750511169,14.595902562141418,0.6102412343025208
549,12,12,24,7.3444390296936035,7.162047624588013,14.506486654281616,0.6120365858078003
550,31,31,62,19.42358088493347,18.89449191093445,38.31807279586792,0.6265671253204346
551,12,12,24,6.754190683364868,7.091267704963684,13.845458388328552,0.562849223613739
552,70,70,140,42.370662689208984,42.109279692173004,84.47994238138199,0.6052951812744141
553,66,66,132,40.823898911476135,40.006196558475494,80.83009546995163,0.6185439229011536
554,12,12,24,7.205507755279541,7.173950612545013,14.379458367824554,0.6004589796066284
555,12,12,24,7.10029935836792,7.1412283182144165,14.241527676582336,0.5916916131973267
556,12,12,24,7.274289608001709,7.261916100978851,14.53620570898056,0.6061908006668091
557,12,12,24,7.059983253479004,7.1788676381111145,14.238850891590118,0.588331937789917
558,41,41,82,24.261531114578247,24.344422936439514,48.60595405101776,0.5917446613311768
559,12,12,24,7.151448726654053,7.1644962430000305,14.315944969654083,0.5959540605545044
560,12,12,24,7.212406396865845,7.141640663146973,14.354047060012817,0.6010338664054871
561,12,12,24,7.51214075088501,7.267291188240051,14.779431939125061,0.6260117292404175
562,12,12,24,6.863516807556152,7.06620728969574,13.929724097251892,0.5719597339630127
563,12,12,24,7.613257884979248,7.2400935888290405,14.853351473808289,0.634438157081604
564,12,12,24,6.9068520069122314,7.125841736793518,14.03269374370575,0.5755710005760193
565,12,12,24,7.307069778442383,7.166062295436859,14.473132073879242,0.6089224815368652
566,51,51,102,30.295540273189545,30.9489786028862,61.244518876075745,0.5940302014350891
567,12,12,24,7.19446063041687,7.147831559181213,14.342292189598083,0.5995383858680725
568,12,12,24,7.297227144241333,7.251908302307129,14.549135446548462,0.6081022620201111
569,12,12,24,7.208872318267822,7.226377427577972,14.435249745845795,0.6007393598556519
570,12,12,24,7.053069591522217,7.1433722376823425,14.19644182920456,0.5877557992935181
571,12,12,24,7.265957593917847,7.180717289447784,14.446674883365631,0.6054964661598206
572,12,12,24,7.095977067947388,7.126586377620697,14.222563445568085,0.591331422328949
573,88,88,176,53.639466285705566,52.771234571933746,106.41070085763931,0.6095393896102905
574,58,58,116,34.961591720581055,34.471295773983,69.43288749456406,0.6027860641479492
575,83,83,166,48.65131002664566,49.85505259037018,98.50636261701584,0.5861603617668152
576,81,81,162,48.890535056591034,48.66928714513779,97.55982220172882,0.6035868525505066
577,12,12,24,7.3263938426971436,7.221109867095947,14.54750370979309,0.610532820224762
578,12,12,24,7.190865755081177,7.13429981470108,14.325165569782257,0.5992388129234314
579,12,12,24,7.132404327392578,7.192052721977234,14.324457049369812,0.5943670272827148
580,12,12,24,6.928528547286987,7.083126723766327,14.011655271053314,0.5773773789405823
581,12,12,24,7.343250274658203,7.198016464710236,14.541266739368439,0.6119375228881836
582,12,12,24,7.1095640659332275,7.217386484146118,14.326950550079346,0.5924636721611023
583,16,16,32,9.531859397888184,9.655545175075531,19.187404572963715,0.5957412123680115
584,12,12,24,7.393354654312134,7.1816747188568115,14.575029373168945,0.6161128878593445
585,18,18,36,10.68733263015747,10.769938051700592,21.457270681858063,0.593740701675415
586,12,12,24,7.201755523681641,7.0777124762535095,14.27946799993515,0.6001462936401367
587,64,64,128,36.186988830566406,38.05388557910919,74.2408744096756,0.5654217004776001
588,12,12,24,6.8889548778533936,7.0628581047058105,13.951812982559204,0.5740795731544495
589,12,12,24,7.079252243041992,7.140994727611542,14.220246970653534,0.589937686920166
590,12,12,24,7.211754083633423,7.2756054401397705,14.487359523773193,0.6009795069694519
591,12,12,24,7.42562198638916,7.1730055809021,14.59862756729126,0.6188018321990967
592,12,12,24,7.404486179351807,7.258370995521545,14.662857174873352,0.6170405149459839
593,12,12,24,7.095122337341309,7.280198633670807,14.375320971012115,0.5912601947784424
594,12,12,24,6.989760160446167,7.108076632022858,14.097836792469025,0.5824800133705139
595,36,36,72,22.11838388442993,21.981828033924103,44.100211918354034,0.6143995523452759
596,12,12,24,7.510027170181274,7.225987017154694,14.736014187335968,0.6258355975151062
597,94,94,188,56.3774676322937,56.27954018115997,112.65700781345367,0.5997602939605713
598,12,12,24,7.196742296218872,7.173898696899414,14.370640993118286,0.599728524684906
599,12,12,24,7.232504367828369,7.278554737567902,14.51105910539627,0.6027086973190308
600,12,12,24,6.85232949256897,7.051348507404327,13.903677999973297,0.5710274577140808
601,14,14,28,8.587289333343506,8.467282116413116,17.054571449756622,0.6133778095245361
602,14,14,28,8.880147337913513,8.583298861980438,17.46344619989395,0.6342962384223938
603,12,12,24,7.101129055023193,7.167539179325104,14.268668234348297,0.5917607545852661
604,25,25,50,15.101470053195953,15.193334758281708,30.29480481147766,0.6040588021278381
605,12,12,24,6.954339981079102,7.245324790477753,14.199664771556854,0.5795283317565918
606,12,12,24,7.231619596481323,7.199954509735107,14.43157410621643,0.6026349663734436
607,12,12,24,7.227270126342773,7.187364637851715,14.414634764194489,0.6022725105285645
608,18,18,36,11.112298607826233,10.913597524166107,22.02589613199234,0.6173499226570129
609,12,12,24,7.114417791366577,7.1561596393585205,14.270577430725098,0.5928681492805481
610,51,51,102,31.98932522535324,30.991014420986176,62.98033964633942,0.6272416710853577
611,59,59,118,36.04390090703964,35.84974080324173,71.89364171028137,0.6109135746955872
612,12,12,24,7.270940780639648,7.176596105098724,14.447536885738373,0.6059117317199707
613,15,15,30,9.007070660591125,9.004921019077301,18.011991679668427,0.6004713773727417
614,12,12,24,7.245230197906494,7.119881689548492,14.365111887454987,0.6037691831588745
615,12,12,24,7.104654550552368,7.233340322971344,14.337994873523712,0.592054545879364
616,12,12,24,7.303921222686768,7.187413930892944,14.491335153579712,0.608660101890564
617,13,13,26,7.677621960639954,7.786025404930115,15.463647365570068,0.5905863046646118
618,12,12,24,7.203962087631226,7.096378564834595,14.30034065246582,0.6003301739692688
619,26,26,52,15.965929985046387,15.853520333766937,31.819450318813324,0.6140742301940918
620,19,19,38,10.850706279277802,11.18149596452713,22.03220224380493,0.5710898041725159
621,12,12,24,7.284753799438477,7.27471250295639,14.559466302394867,0.607062816619873
622,12,12,24,7.418520927429199,7.253652393817902,14.6721733212471,0.6182100772857666
623,12,12,24,7.338078260421753,7.216785669326782,14.554863929748535,0.6115065217018127
624,82,82,164,49.82455658912659,49.020699203014374,98.84525579214096,0.6076165437698364
625,12,12,24,7.142736196517944,7.108207404613495,14.25094360113144,0.5952280163764954
626,12,12,24,7.5392725467681885,7.271700620651245,14.810973167419434,0.6282727122306824
627,12,12,24,6.925184011459351,7.2231802344322205,14.148364245891571,0.5770986676216125
628,12,12,24,7.060254335403442,7.209029912948608,14.26928424835205,0.5883545279502869
629,63,63,126,38.625337064266205,38.233109176158905,76.85844624042511,0.6131005883216858
630,84,84,168,52.01237869262695,50.814744889736176,102.82712358236313,0.6191949844360352
631,77,77,154,45.182951271533966,45.85587418079376,91.03882545232773,0.5867915749549866
632,12,12,24,7.175464868545532,7.232823193073273,14.408288061618805,0.5979554057121277
633,12,12,24,7.076778888702393,7.130134999752045,14.206913888454437,0.5897315740585327
634,84,84,168,50.84371876716614,50.586689472198486,101.43040823936462,0.6052823662757874
635,12,12,24,6.712385416030884,7.1115304827690125,13.823915898799896,0.559365451335907
636,12,12,24,6.92091178894043,7.081504642963409,14.002416431903839,0.5767426490783691
637,12,12,24,7.263230323791504,7.164050936698914,14.427281260490417,0.605269193649292
638,12,12,24,7.1479997634887695,7.148349285125732,14.296349048614502,0.5956666469573975
639,12,12,24,7.102202653884888,7.158905923366547,14.261108577251434,0.591850221157074
640,12,12,24,7.175027132034302,7.107166826725006,14.282193958759308,0.5979189276695251
641,12,12,24,7.6786887645721436,7.2530436515808105,14.931732416152954,0.639890730381012
642,12,12,24,7.208888053894043,7.1763752698898315,14.385263323783875,0.6007406711578369
643,12,12,24,7.1049370765686035,7.08720600605011,14.192143082618713,0.5920780897140503
644,12,12,24,6.991822957992554,7.131390929222107,14.12321388721466,0.5826519131660461
645,12,12,24,7.4932873249053955,7.269805014133453,14.763092339038849,0.624440610408783
646,12,12,24,7.075737476348877,7.141538023948669,14.217275500297546,0.5896447896957397
647,12,12,24,7.3215651512146,7.305809795856476,14.627374947071075,0.6101304292678833
648,22,22,44,13.06642472743988,13.240845203399658,26.30726993083954,0.5939283967018127
649,12,12,24,7.562001943588257,7.276653707027435,14.838655650615692,0.6301668286323547
650,12,12,24,7.041680574417114,7.099954605102539,14.141635179519653,0.5868067145347595
651,72,72,144,44.51463603973389,43.663620948791504,88.17825698852539,0.6182588338851929
652,12,12,24,7.23861837387085,7.131768047809601,14.37038642168045,0.6032181978225708
653,84,84,168,49.10543632507324,50.38576287031174,99.49119919538498,0.5845885276794434
654,12,12,24,7.211447238922119,7.192937612533569,14.404384851455688,0.6009539365768433
655,12,12,24,7.105016469955444,7.147769808769226,14.25278627872467,0.5920847058296204
656,12,12,24,7.337935209274292,7.1291186809539795,14.467053890228271,0.6114946007728577
657,80,80,160,47.70267963409424,48.01713240146637,95.71981203556061,0.596283495426178
658,114,114,228,68.3777289390564,68.43799096345901,136.8157199025154,0.5998046398162842
659,18,18,36,11.031370997428894,10.78829687833786,21.819667875766754,0.6128539443016052
660,12,12,24,7.010524749755859,7.151549696922302,14.162074446678162,0.5842103958129883
661,12,12,24,7.437893629074097,7.308750152587891,14.746643781661987,0.6198244690895081
662,12,12,24,7.201294183731079,7.213307559490204,14.414601743221283,0.6001078486442566
663,12,12,24,7.4616429805755615,7.192883908748627,14.654526889324188,0.6218035817146301
664,12,12,24,7.042689085006714,7.2389578223228455,14.28164690732956,0.5868907570838928
665,12,12,24,7.224884748458862,7.182811737060547,14.40769648551941,0.6020737290382385
666,37,37,74,23.231900990009308,22.527210295200348,45.759111285209656,0.6278892159461975
667,12,12,24,7.518344879150391,7.319404721260071,14.837749600410461,0.6265287399291992
668,18,18,36,11.075764775276184,11.052232325077057,22.12799710035324,0.6153202652931213
669,12,12,24,7.4108312129974365,7.2585161328315735,14.66934734582901,0.6175692677497864
670,14,14,28,8.4426189661026,8.417019069194794,16.859638035297394,0.6030442118644714
671,14,14,28,8.254335284233093,8.30474317073822,16.559078454971313,0.589595377445221
672,12,12,24,7.358339309692383,7.257717549800873,14.616056859493256,0.6131949424743652
673,12,12,24,6.942056179046631,7.158129453659058,14.100185632705688,0.5785046815872192
674,12,12,24,7.016071557998657,7.139191687107086,14.155263245105743,0.5846726298332214
675,12,12,24,7.087011337280273,7.125616014003754,14.212627351284027,0.5905842781066895
676,12,12,24,7.401139497756958,7.230992257595062,14.63213175535202,0.6167616248130798
677,12,12,24,7.2998106479644775,7.277333080768585,14.577143728733063,0.6083175539970398
678,12,12,24,7.329752683639526,7.207769989967346,14.537522673606873,0.6108127236366272
679,12,12,24,6.973562479019165,7.087383508682251,14.060945987701416,0.5811302065849304
680,12,12,24,7.390104532241821,7.318806707859039,14.70891124010086,0.6158420443534851
681,55,55,110,33.29460173845291,33.23291611671448,66.52751785516739,0.6053563952445984
682,13,13,26,7.683113396167755,7.76581335067749,15.448926746845245,0.591008722782135
683,35,35,70,20.868203341960907,20.82599401473999,41.6941973567009,0.5962343811988831
684,16,16,32,9.303605079650879,9.537148237228394,18.840753316879272,0.5814753174781799
685,12,12,24,7.152297019958496,7.220279037952423,14.37257605791092,0.596024751663208
686,12,12,24,7.185462713241577,7.264220476150513,14.44968318939209,0.5987885594367981
687,23,23,46,13.689543843269348,13.88731163740158,27.57685548067093,0.5951975584030151
688,75,75,150,46.24236971139908,45.33673721551895,91.57910692691803,0.616564929485321
689,12,12,24,7.423569202423096,7.262346625328064,14.68591582775116,0.6186307668685913
690,12,12,24,7.333605766296387,7.258414149284363,14.59201991558075,0.6111338138580322
691,12,12,24,7.0887086391448975,7.147604167461395,14.236312806606293,0.5907257199287415
692,12,12,24,7.188771486282349,7.14395272731781,14.332724213600159,0.599064290523529
693,88,88,176,50.25108242034912,52.69001817703247,102.94110059738159,0.5710350275039673
694,12,12,24,7.2448296546936035,7.155537307262421,14.400366961956024,0.6037358045578003
695,36,36,72,22.318240642547607,21.852395951747894,44.1706365942955,0.6199511289596558
696,12,12,24,7.227591276168823,7.263515830039978,14.491107106208801,0.6022992730140686
697,12,12,24,7.428935766220093,7.185718894004822,14.614654660224915,0.6190779805183411
698,12,12,24,7.475022554397583,7.126541256904602,14.601563811302185,0.6229185461997986
699,78,78,156,48.2417117357254,47.2086107134819,95.4503224492073,0.6184834837913513
700,12,12,24,6.938446998596191,7.179969608783722,14.118416607379913,0.5782039165496826
701,76,76,152,45.58253884315491,45.27626287937164,90.85880172252655,0.5997702479362488
702,76,76,152,43.23043775558472,45.35963028669357,88.59006804227829,0.5688215494155884
703,12,12,24,7.00230860710144,7.1149468421936035,14.117255449295044,0.5835257172584534
704,12,12,24,7.253986358642578,7.179549932479858,14.433536291122437,0.6044988632202148
705,63,63,126,38.207136154174805,37.82331424951553,76.03045040369034,0.6064624786376953
706,12,12,24,7.276516914367676,7.072162568569183,14.34867948293686,0.6063764095306396
707,12,12,24,7.474864482879639,7.241755306720734,14.716619789600372,0.6229053735733032
708,12,12,24,7.2672529220581055,7.270214319229126,14.537467241287231,0.6056044101715088
709,12,12,24,7.4338603019714355,7.1936416029930115,14.627501904964447,0.6194883584976196
710,12,12,24,7.202507972717285,7.2161940932273865,14.418702065944672,0.6002089977264404
711,53,53,106,31.05126941204071,31.29335331916809,62.3446227312088,0.585873007774353
712,90,90,180,53.03595185279846,54.048967719078064,107.08491957187653,0.5892883539199829
713,43,43,86,25.70685648918152,25.51920050382614,51.22605699300766,0.5978338718414307
714,14,14,28,7.947239637374878,8.298228681087494,16.245468318462372,0.5676599740982056
715,12,12,24,6.876657485961914,7.179337382316589,14.055994868278503,0.5730547904968262
716,12,12,24,7.2687249183654785,7.199512839317322,14.4682377576828,0.6057270765304565
717,61,61,122,36.40055871009827,36.18846070766449,72.58901941776276,0.5967304706573486
718,12,12,24,7.545935153961182,7.264227509498596,14.810162663459778,0.6288279294967651
719,28,28,56,16.709381103515625,16.558533012866974,33.2679141163826,0.5967636108398438
720,46,46,92,26.650675535202026,27.380317389965057,54.030992925167084,0.5793625116348267
721,77,77,154,46.66045838594437,46.38647949695587,93.04693788290024,0.6059799790382385
722,23,23,46,13.994129180908203,14.000010013580322,27.994139194488525,0.6084403991699219
723,32,32,64,19.21882438659668,18.830363869667053,38.04918825626373,0.6005882620811462
724,13,13,26,7.57646781206131,7.719768166542053,15.296235978603363,0.5828052163124084
725,87,87,174,51.786745727062225,52.142303347587585,103.92904907464981,0.5952499508857727
726,36,36,72,22.196680784225464,21.83878880739212,44.035469591617584,0.6165744662284851
727,12,12,24,7.453137159347534,7.237214744091034,14.690351903438568,0.6210947632789612
728,12,12,24,7.161548852920532,7.131758213043213,14.293307065963745,0.5967957377433777
729,12,12,24,7.295773029327393,7.155934572219849,14.451707601547241,0.6079810857772827
730,47,47,94,28.212397396564484,28.15955102443695,56.371948421001434,0.600263774394989
731,23,23,46,14.144000828266144,14.064460694789886,28.20846152305603,0.6149565577507019
732,12,12,24,6.981567621231079,7.032628536224365,14.014196157455444,0.5817973017692566
733,12,12,24,6.874387264251709,7.177341520786285,14.051728785037994,0.5728656053543091
734,12,12,24,7.080989599227905,7.039511442184448,14.120501041412354,0.5900824666023254
735,12,12,24,7.250730514526367,7.24028480052948,14.491015315055847,0.6042275428771973
736,82,82,164,46.882697224617004,49.221678495407104,96.10437572002411,0.5717402100563049
737,12,12,24,7.091734170913696,7.124833345413208,14.216567516326904,0.5909778475761414
738,12,12,24,7.332000017166138,7.1957151889801025,14.52771520614624,0.6110000014305115
739,12,12,24,7.281153202056885,7.163378834724426,14.444532036781311,0.6067627668380737
740,12,12,24,7.234072208404541,7.153022825717926,14.387095034122467,0.6028393507003784
741,12,12,24,7.293128728866577,7.1206119656562805,14.413740694522858,0.6077607274055481
742,69,69,138,43.257495403289795,41.58168137073517,84.83917677402496,0.626920223236084
743,12,12,24,7.358487367630005,7.203918695449829,14.562406063079834,0.6132072806358337
744,12,12,24,7.059225797653198,7.111867427825928,14.171093225479126,0.5882688164710999
745,12,12,24,7.171067476272583,7.188143730163574,14.359211206436157,0.5975889563560486
746,78,78,156,45.48844528198242,46.64652472734451,92.13497000932693,0.5831851959228516
747,12,12,24,7.522023439407349,7.259048819541931,14.78107225894928,0.626835286617279
748,12,12,24,7.26992654800415,7.294905781745911,14.564832329750061,0.6058272123336792
749,12,12,24,7.105424165725708,7.125901877880096,14.231326043605804,0.5921186804771423
750,44,44,88,26.592154026031494,26.67504847049713,53.267202496528625,0.6043671369552612
751,85,85,170,49.95061993598938,50.76913911104202,100.7197590470314,0.5876543521881104
752,12,12,24,7.371741771697998,7.241954922676086,14.613696694374084,0.6143118143081665
753,12,12,24,7.5862061977386475,7.225578665733337,14.811784863471985,0.632183849811554
754,34,34,68,20.03503394126892,20.389111936092377,40.4241458773613,0.5892657041549683
755,12,12,24,7.2313878536224365,7.206483721733093,14.43787157535553,0.6026156544685364
756,55,55,110,32.52068430185318,32.49941575527191,65.02010005712509,0.5912851691246033
757,92,92,184,55.801846742630005,54.81962716579437,110.62147390842438,0.6065418124198914
758,12,12,24,7.223437786102295,7.105247318744659,14.328685104846954,0.6019531488418579
759,12,12,24,7.129957437515259,7.1586591601371765,14.288616597652435,0.5941631197929382
760,85,85,170,49.34779495000839,50.75362318754196,100.10141813755035,0.5805622935295105
761,85,85,170,49.367503225803375,50.65541762113571,100.02292084693909,0.5807941555976868
762,28,28,56,16.944997310638428,16.878338098526,33.82333540916443,0.6051784753799438
763,79,79,158,46.68607276678085,47.45168876647949,94.13776153326035,0.5909629464149475
764,77,77,154,45.60657203197479,46.09181869029999,91.69839072227478,0.5922931432723999
765,12,12,24,7.335431098937988,7.169429659843445,14.504860758781433,0.611285924911499
766,12,12,24,7.017289638519287,7.10696268081665,14.124252319335938,0.5847741365432739
767,12,12,24,7.414158582687378,7.149725437164307,14.563884019851685,0.6178465485572815
768,12,12,24,7.343214511871338,7.285189747810364,14.628404259681702,0.6119345426559448
769,12,12,24,7.301287651062012,7.143283903598785,14.444571554660797,0.608440637588501
770,12,12,24,6.991633415222168,7.044205009937286,14.035838425159454,0.5826361179351807
771,12,12,24,7.317108392715454,7.210513412952423,14.527621805667877,0.6097590327262878
772,12,12,24,7.19788384437561,7.210392117500305,14.408275961875916,0.5998236536979675
773,79,79,158,45.514032423496246,47.154613614082336,92.66864603757858,0.5761269927024841
774,17,17,34,9.723330676555634,10.05957704782486,19.782907724380493,0.5719606280326843
775,12,12,24,7.117543458938599,7.191463649272919,14.309007108211517,0.5931286215782166
776,12,12,24,7.466187000274658,7.223408102989197,14.689595103263855,0.6221822500228882
777,17,17,34,10.495203018188477,10.333012342453003,20.82821536064148,0.6173648834228516
778,12,12,24,7.2460548877716064,7.264689028263092,14.510743916034698,0.6038379073143005
779,12,12,24,7.030952453613281,7.301190614700317,14.332143068313599,0.5859127044677734
780,12,12,24,7.177997589111328,7.187466382980347,14.365463972091675,0.5981664657592773
781,12,12,24,7.063186168670654,7.0231199860572815,14.086306154727936,0.5885988473892212
782,12,12,24,7.127761602401733,7.243493616580963,14.371255218982697,0.5939801335334778
783,12,12,24,6.831212282180786,7.107009172439575,13.938221454620361,0.5692676901817322
784,12,12,24,7.1975626945495605,7.119569540023804,14.317132234573364,0.5997968912124634
785,33,33,66,19.76482182741165,19.93161165714264,39.69643348455429,0.59893399477005
786,12,12,24,7.040370941162109,7.0652159452438354,14.105586886405945,0.5866975784301758
787,50,50,100,28.8720041513443,29.45687633752823,58.32888048887253,0.577440083026886
788,12,12,24,7.002744197845459,7.107443809509277,14.110188007354736,0.5835620164871216
789,25,25,50,14.67871367931366,14.666828334331512,29.345542013645172,0.5871485471725464
790,12,12,24,7.1031389236450195,7.165718138217926,14.268857061862946,0.591928243637085
791,12,12,24,7.096950531005859,7.208163321018219,14.305113852024078,0.5914125442504883
792,36,36,72,21.245223999023438,21.249057054519653,42.49428105354309,0.5901451110839844
793,12,12,24,6.944575309753418,7.2433682680130005,14.187943577766418,0.5787146091461182
794,71,71,142,43.452786326408386,43.0395450592041,86.49233138561249,0.6120110750198364
795,12,12,24,7.224002122879028,7.134143948554993,14.358146071434021,0.6020001769065857
796,12,12,24,7.115424156188965,7.133621871471405,14.24904602766037,0.5929520130157471
797,97,97,194,57.7788148522377,58.02777034044266,115.80658519268036,0.5956578850746155
798,12,12,24,7.2813684940338135,7.169790208339691,14.451158702373505,0.6067807078361511
799,12,12,24,7.0059120655059814,7.144841134548187,14.150753200054169,0.5838260054588318
800,19,19,38,12.049172163009644,11.636512994766235,23.68568515777588,0.634166955947876
801,12,12,24,7.498869895935059,7.270706117153168,14.769576013088226,0.6249058246612549
802,87,87,174,51.779631078243256,52.12861406803131,103.90824514627457,0.5951681733131409
803,12,12,24,6.988406181335449,7.19484144449234,14.18324762582779,0.5823671817779541
804,12,12,24,7.202247619628906,7.187441468238831,14.389689087867737,0.6001873016357422
805,12,12,24,7.175452709197998,7.1891403794288635,14.364593088626862,0.5979543924331665
806,89,89,178,52.794250786304474,53.43382340669632,106.2280741930008,0.5931938290596008
807,12,12,24,6.998594284057617,7.162059307098389,14.160653591156006,0.5832161903381348
808,12,12,24,7.148697137832642,7.111558020114899,14.26025515794754,0.5957247614860535
809,92,92,184,56.88887166976929,55.284900426864624,112.17377209663391,0.6183573007583618
810,12,12,24,7.095851182937622,7.21169513463974,14.307546317577362,0.5913209319114685
811,79,79,158,49.124634861946106,47.42382001876831,96.54845488071442,0.6218308210372925
812,12,12,24,7.024629592895508,7.123234987258911,14.147864580154419,0.585385799407959
813,12,12,24,7.349400758743286,7.296177566051483,14.64557832479477,0.6124500632286072
814,12,12,24,7.420771837234497,7.214665651321411,14.635437488555908,0.6183976531028748
815,83,83,166,51.059609830379486,49.98902231454849,101.04863214492798,0.6151760220527649
816,12,12,24,7.237639904022217,7.185949683189392,14.423589587211609,0.6031366586685181
817,12,12,24,7.133708953857422,7.179500937461853,14.313209891319275,0.5944757461547852
818,66,66,132,40.12431263923645,39.751614809036255,79.8759274482727,0.607944130897522
819,92,92,184,56.32244038581848,55.40637719631195,111.72881758213043,0.6122004389762878
820,12,12,24,7.245961904525757,7.207240402698517,14.453202307224274,0.6038301587104797
821,34,34,68,19.458804488182068,20.150254487991333,39.6090589761734,0.5723177790641785
822,12,12,24,7.153201103210449,7.169226229190826,14.322427332401276,0.5961000919342041
823,12,12,24,6.977216005325317,7.122423827648163,14.09963983297348,0.5814346671104431
824,12,12,24,7.248627662658691,7.230025768280029,14.47865343093872,0.6040523052215576
825,88,88,176,51.42085838317871,52.53754240274429,103.958400785923,0.5843279361724854
826,21,21,42,11.990283608436584,12.389780342578888,24.380063951015472,0.5709658861160278
827,48,48,96,30.049893379211426,29.176984667778015,59.22687804698944,0.626039445400238
828,23,23,46,13.278418481349945,13.532203018665314,26.81062150001526,0.5773225426673889
829,12,12,24,7.1150736808776855,7.191309809684753,14.306383490562439,0.5929228067398071
830,12,12,24,7.261434316635132,7.226127088069916,14.487561404705048,0.605119526386261
831,12,12,24,7.329361438751221,7.2079116106033325,14.537273049354553,0.6107801198959351
832,43,43,86,26.536227822303772,26.07012450695038,52.60635232925415,0.6171215772628784
833,68,68,136,41.664198875427246,40.89693868160248,82.56113755702972,0.6127088069915771
834,12,12,24,7.490794658660889,7.15098512172699,14.641779780387878,0.6242328882217407
835,12,12,24,7.147936105728149,7.226099252700806,14.374035358428955,0.5956613421440125
836,12,12,24,7.309248447418213,7.178184866905212,14.487433314323425,0.6091040372848511
837,12,12,24,7.282418489456177,7.103326499462128,14.385744988918304,0.6068682074546814
838,52,52,104,31.513983964920044,31.54181456565857,63.05579853057861,0.6060381531715393
839,83,83,166,48.48460966348648,49.49225842952728,97.97686809301376,0.5841519236564636
840,12,12,24,6.973772764205933,7.060396790504456,14.034169554710388,0.5811477303504944
841,12,12,24,7.162116765975952,7.158304452896118,14.32042121887207,0.5968430638313293
842,12,12,24,7.309415817260742,7.202611029148102,14.512026846408844,0.6091179847717285
843,12,12,24,7.209463834762573,7.178182601928711,14.387646436691284,0.6007886528968811
844,29,29,58,17.42570400238037,17.26535165309906,34.69105565547943,0.600886344909668
845,12,12,24,6.967634439468384,7.139967978000641,14.107602417469025,0.580636203289032
846,12,12,24,7.1112377643585205,7.2407214641571045,14.351959228515625,0.5926031470298767
847,12,12,24,7.316096305847168,7.243926167488098,14.560022473335266,0.6096746921539307
848,13,13,26,7.918002247810364,7.737590491771698,15.655592739582062,0.6090770959854126
849,64,64,128,38.84077072143555,38.48784375190735,77.3286144733429,0.6068870425224304
850,12,12,24,6.886003732681274,7.115582287311554,14.001586019992828,0.5738336443901062
851,12,12,24,7.315820932388306,7.184769690036774,14.50059062242508,0.6096517443656921
852,76,76,152,45.960124015808105,45.856880366802216,91.81700438261032,0.6047384738922119
853,90,90,180,53.22209179401398,53.91558450460434,107.13767629861832,0.5913565754890442
854,13,13,26,7.69781094789505,7.785073459148407,15.482884407043457,0.5921393036842346
855,12,12,24,7.427129745483398,7.16365659236908,14.590786337852478,0.6189274787902832
856,12,12,24,7.322457790374756,7.149523615837097,14.471981406211853,0.610204815864563
857,12,12,24,7.2776198387146,7.218731224536896,14.496351063251495,0.6064683198928833
858,12,12,24,7.34135627746582,7.214285135269165,14.555641412734985,0.6117796897888184
859,12,12,24,7.199181318283081,7.263479232788086,14.462660551071167,0.5999317765235901
860,12,12,24,6.941441774368286,7.094757378101349,14.036199152469635,0.5784534811973572
861,12,12,24,7.109979629516602,7.078592896461487,14.188572525978088,0.5924983024597168
862,12,12,24,7.358899354934692,7.282435476779938,14.64133483171463,0.6132416129112244
863,12,12,24,7.205742359161377,7.176555633544922,14.382297992706299,0.6004785299301147
864,12,12,24,7.158113479614258,7.0963568687438965,14.254470348358154,0.5965094566345215
865,12,12,24,7.428277015686035,7.241225242614746,14.669502258300781,0.6190230846405029
866,12,12,24,7.239905118942261,7.127905488014221,14.367810606956482,0.6033254265785217
867,12,12,24,7.375487565994263,7.25047904253006,14.625966608524323,0.6146239638328552
868,12,12,24,6.98134446144104,7.027597069740295,14.008941531181335,0.5817787051200867
869,16,16,32,9.406662940979004,9.38124680519104,18.787909746170044,0.5879164338111877
870,82,82,164,49.12647318840027,49.27168118953705,98.39815437793732,0.5991033315658569
871,12,12,24,7.333559274673462,7.268453359603882,14.602012634277344,0.6111299395561218
872,12,12,24,6.994384288787842,6.977527558803558,13.9719118475914,0.5828653573989868
873,12,12,24,7.050302267074585,7.161487460136414,14.211789727210999,0.5875251889228821
874,12,12,24,7.038763761520386,7.078472375869751,14.117236137390137,0.5865636467933655
875,12,12,24,7.095535755157471,7.1002989411354065,14.195834696292877,0.5912946462631226
876,12,12,24,7.304234504699707,7.198442995548248,14.502677500247955,0.6086862087249756
877,12,12,24,7.595963001251221,7.225257575511932,14.821220576763153,0.6329969167709351
878,12,12,24,6.803192853927612,7.063777506351471,13.866970360279083,0.566932737827301
879,12,12,24,7.175954818725586,7.192337274551392,14.368292093276978,0.5979962348937988
880,12,12,24,7.2737717628479,7.156992435455322,14.430764198303223,0.6061476469039917
881,12,12,24,7.392799615859985,7.2250677943229675,14.617867410182953,0.6160666346549988
882,12,12,24,7.326083421707153,7.179234564304352,14.505317986011505,0.6105069518089294
883,12,12,24,7.223790407180786,7.229155778884888,14.452946186065674,0.6019825339317322
884,12,12,24,7.030191421508789,7.088466465473175,14.118657886981964,0.5858492851257324
885,17,17,34,10.186989903450012,10.192801594734192,20.379791498184204,0.5992347002029419
886,12,12,24,7.406691312789917,7.268634617328644,14.67532593011856,0.6172242760658264
887,93,93,186,57.62900823354721,56.02307915687561,113.65208739042282,0.6196667551994324
888,12,12,24,7.362272500991821,7.1342580914497375,14.496530592441559,0.6135227084159851
889,12,12,24,7.05310320854187,7.119753122329712,14.172856330871582,0.5877586007118225
890,49,49,98,29.126729726791382,29.03323584794998,58.15996557474136,0.5944230556488037
891,12,12,24,7.460148096084595,7.164046227931976,14.624194324016571,0.6216790080070496
892,12,12,24,6.764157056808472,7.111154675483704,13.875311732292175,0.5636797547340393
893,12,12,24,7.037856817245483,7.095606207847595,14.133463025093079,0.5864880681037903
894,84,84,168,50.16502833366394,50.30386370420456,100.4688920378685,0.597202718257904
895,12,12,24,7.303134441375732,7.193213224411011,14.496347665786743,0.608594536781311
896,12,12,24,7.1485984325408936,7.136394619941711,14.284993052482605,0.5957165360450745
897,62,62,124,37.20493125915527,37.253225445747375,74.45815670490265,0.6000795364379883
898,12,12,24,7.275280237197876,7.135945379734039,14.411225616931915,0.606273353099823
899,12,12,24,7.592427492141724,7.285957396030426,14.87838488817215,0.6327022910118103
900,12,12,24,7.50850510597229,7.267288565635681,14.775793671607971,0.6257087588310242
901,75,75,150,44.12350058555603,44.9971821308136,89.12068271636963,0.5883133411407471
902,12,12,24,7.215481996536255,7.190751075744629,14.406233072280884,0.6012901663780212
903,12,12,24,7.255443334579468,7.267805993556976,14.523249328136444,0.6046202778816223
904,24,24,48,14.660629749298096,14.645974516868591,29.306604266166687,0.6108595728874207
905,12,12,24,7.123952865600586,7.188269317150116,14.312222182750702,0.5936627388000488
906,80,80,160,45.556321144104004,47.92810267210007,93.48442381620407,0.5694540143013
907,12,12,24,7.2948267459869385,7.112032949924469,14.406859695911407,0.6079022288322449
908,12,12,24,7.507508754730225,7.276078402996063,14.783587157726288,0.625625729560852
909,12,12,24,7.303298234939575,7.152556538581848,14.455854773521423,0.6086081862449646
910,91,91,182,52.584489583969116,54.176522612571716,106.76101219654083,0.5778515338897705
911,56,56,112,33.145812034606934,33.53012144565582,66.67593348026276,0.591889500617981
912,12,12,24,7.575590372085571,7.1988038420677185,14.77439421415329,0.6312991976737976
913,12,12,24,7.215337514877319,7.237441837787628,14.452779352664948,0.6012781262397766
914,12,12,24,7.096921920776367,7.177890121936798,14.274812042713165,0.5914101600646973
915,12,12,24,7.0653076171875,7.109946072101593,14.175253689289093,0.588775634765625
916,12,12,24,7.031668424606323,7.062213122844696,14.09388154745102,0.5859723687171936
917,12,12,24,7.213674545288086,7.26097708940506,14.474651634693146,0.6011395454406738
918,12,12,24,7.369440078735352,7.196316182613373,14.565756261348724,0.6141200065612793
919,12,12,24,7.260040283203125,7.1611855030059814,14.421225786209106,0.6050033569335938
920,45,45,90,25.90640276670456,26.63655662536621,52.54295939207077,0.5756978392601013
921,48,48,96,28.974878311157227,29.036975622177124,58.01185393333435,0.6036432981491089
922,18,18,36,11.734429478645325,10.979436695575714,22.71386617422104,0.6519127488136292
923,87,87,174,53.076032102108,52.13286143541336,105.20889353752136,0.6100693345069885
924,12,12,24,7.30442476272583,7.269127368927002,14.573552131652832,0.6087020635604858
925,12,12,24,7.343040704727173,7.093747496604919,14.436788201332092,0.6119200587272644
926,12,12,24,7.213089466094971,7.199223577976227,14.412313044071198,0.6010907888412476
927,12,12,24,7.027813196182251,7.15058571100235,14.1783989071846,0.5856510996818542
928,15,15,30,9.57803875207901,9.08393806219101,18.66197681427002,0.6385359168052673
929,12,12,24,7.31366229057312,7.210964500904083,14.524626791477203,0.60947185754776
930,12,12,24,7.148046970367432,7.175247848033905,14.323294818401337,0.5956705808639526
931,12,12,24,7.0607335567474365,7.1556055545806885,14.216339111328125,0.5883944630622864
932,12,12,24,7.432331085205078,7.221025049686432,14.65335613489151,0.6193609237670898
933,12,12,24,7.101995944976807,7.111838221549988,14.213834166526794,0.5918329954147339
934,32,32,64,19.398696899414062,19.35407692193985,38.75277382135391,0.6062092781066895
935,90,90,180,55.502076745033264,54.01177668571472,109.51385343074799,0.6166897416114807
936,12,12,24,7.098598480224609,7.172398149967194,14.270996630191803,0.5915498733520508
937,12,12,24,7.06670880317688,7.2207635045051575,14.287472307682037,0.58889240026474
938,12,12,24,7.223849773406982,7.242058992385864,14.465908765792847,0.6019874811172485
939,12,12,24,7.251497983932495,7.1550955176353455,14.40659350156784,0.6042914986610413
940,40,40,80,24.120938777923584,24.3413165807724,48.462255358695984,0.6030234694480896
941,38,38,76,22.27793288230896,22.70389598608017,44.98182886838913,0.5862613916397095
942,12,12,24,7.076341867446899,7.225534617900848,14.301876485347748,0.589695155620575
943,12,12,24,7.246092081069946,7.200157344341278,14.446249425411224,0.6038410067558289
944,12,12,24,7.225394010543823,7.178152024745941,14.403546035289764,0.6021161675453186
945,13,13,26,8.077125251293182,7.858213841915131,15.935339093208313,0.6213173270225525
946,90,90,180,53.58663082122803,53.617034673690796,107.20366549491882,0.5954070091247559
947,12,12,24,6.981637716293335,7.062118291854858,14.043756008148193,0.5818031430244446
948,12,12,24,6.966188907623291,7.112662076950073,14.078850984573364,0.5805157423019409
949,12,12,24,7.332218885421753,7.229842662811279,14.562061548233032,0.6110182404518127
950,12,12,24,7.235105037689209,7.147274971008301,14.38238000869751,0.6029254198074341
951,40,40,80,22.75939702987671,23.494751513004303,46.25414854288101,0.5689849257469177
952,12,12,24,7.244245290756226,7.2224268317222595,14.466672122478485,0.6036871075630188
953,12,12,24,7.214313983917236,7.072603344917297,14.286917328834534,0.601192831993103
954,12,12,24,7.466507434844971,7.320526957511902,14.787034392356873,0.6222089529037476
955,18,18,36,10.709142208099365,10.640337347984314,21.34947955608368,0.5949523448944092
956,12,12,24,7.481549978256226,7.134345769882202,14.615895748138428,0.6234624981880188
957,12,12,24,7.437664747238159,7.234526991844177,14.672191739082336,0.6198053956031799
958,12,12,24,7.232175350189209,7.183728039264679,14.415903389453888,0.6026812791824341
959,13,13,26,8.196111261844635,7.735402524471283,15.931513786315918,0.6304700970649719
960,74,74,148,44.80639445781708,44.336311638355255,89.14270609617233,0.6054918169975281
961,12,12,24,7.202678918838501,7.178589761257172,14.381268680095673,0.6002232432365417
962,12,12,24,7.369709014892578,7.175256669521332,14.54496568441391,0.6141424179077148
963,12,12,24,6.982046842575073,7.127969920635223,14.110016763210297,0.5818372368812561
964,12,12,24,7.107288122177124,7.137779355049133,14.245067477226257,0.592274010181427
965,106,106,212,62.376933574676514,63.39342558383942,125.77035915851593,0.5884616374969482
966,12,12,24,7.361536502838135,7.317827761173248,14.679364264011383,0.6134613752365112
967,12,12,24,7.287245035171509,7.212178111076355,14.499423146247864,0.6072704195976257
968,12,12,24,7.1964991092681885,7.218343257904053,14.414842367172241,0.5997082591056824
969,12,12,24,7.275486946105957,7.253115892410278,14.528602838516235,0.6062905788421631
970,12,12,24,7.088519811630249,7.179012775421143,14.267532587051392,0.5907099843025208
971,12,12,24,7.475192070007324,7.213260293006897,14.688452363014221,0.6229326725006104
972,12,12,24,7.08180570602417,7.151037037372589,14.232842743396759,0.5901504755020142
973,86,86,172,49.69278681278229,51.340981125831604,101.03376793861389,0.5778231024742126
974,12,12,24,6.82112717628479,7.0312579870224,13.85238516330719,0.5684272646903992
975,12,12,24,7.054548025131226,7.159991919994354,14.21453994512558,0.5878790020942688
976,44,44,88,26.234803199768066,26.023841559886932,52.258644759655,0.596245527267456
977,12,12,24,7.099179983139038,7.141109764575958,14.240289747714996,0.5915983319282532
978,83,83,166,50.143603801727295,49.83806347846985,99.98166728019714,0.6041398048400879
979,45,45,90,26.927425861358643,27.061930060386658,53.9893559217453,0.5983872413635254
980,12,12,24,7.1922361850738525,7.260042250156403,14.452278435230255,0.599353015422821
981,12,12,24,7.152516603469849,7.222456157207489,14.374972760677338,0.596043050289154
982,12,12,24,7.320446491241455,7.094048202037811,14.414494693279266,0.6100372076034546
983,54,54,108,32.378745317459106,32.64315354824066,65.02189886569977,0.5996063947677612
984,12,12,24,7.165536403656006,7.271485865116119,14.437022268772125,0.5971280336380005
985,12,12,24,7.185673713684082,7.102755546569824,14.288429260253906,0.5988061428070068
986,12,12,24,6.951157093048096,7.145752429962158,14.096909523010254,0.5792630910873413
987,12,12,24,6.926494359970093,7.048057496547699,13.974551856517792,0.5772078633308411
988,12,12,24,6.97889256477356,7.140567660331726,14.119460225105286,0.5815743803977966
989,12,12,24,7.09614372253418,7.039643228054047,14.135786950588226,0.5913453102111816
990,25,25,50,14.68229591846466,14.736331343650818,29.41862726211548,0.5872918367385864
991,12,12,24,7.120311498641968,7.145765066146851,14.266076564788818,0.5933592915534973
992,12,12,24,7.314692258834839,7.252732992172241,14.56742525100708,0.6095576882362366
993,12,12,24,7.171241998672485,7.242181479930878,14.413423478603363,0.5976034998893738
994,12,12,24,7.029632091522217,7.1474499106407166,14.177082002162933,0.5858026742935181
995,15,15,30,8.852221369743347,8.907399594783783,17.75962096452713,0.5901480913162231
996,65,65,130,40.23250609636307,39.3605055809021,79.59301167726517,0.6189616322517395
997,12,12,24,7.452417612075806,7.20616227388382,14.658579885959625,0.6210348010063171
998,12,12,24,7.305755853652954,7.133678615093231,14.439434468746185,0.6088129878044128
999,12,12,24,7.2049384117126465,7.132773756980896,14.337712168693542,0.6004115343093872
