{
  "failed": true,
  "figure": "/mnt/ironwolf/git/Void_Unity_Proofs/derivation/code/outputs/figures/rd_conservation/failed_runs/20251006_071432_objA_fixed_dt_abs_deltaS_hist.png",
  "samples": [
    {
      "delta_S": -0.0004282806366476821,
      "seed": 0
    },
    {
      "delta_S": -0.0004693735621840167,
      "seed": 1
    },
    {
      "delta_S": -0.0004850919584414859,
      "seed": 2
    },
    {
      "delta_S": -0.0005015853215510901,
      "seed": 3
    },
    {
      "delta_S": -0.000545148204174617,
      "seed": 4
    },
    {
      "delta_S": -0.00045137222162650037,
      "seed": 5
    },
    {
      "delta_S": -0.00044192771953488474,
      "seed": 6
    },
    {
      "delta_S": -0.00042325963574763037,
      "seed": 7
    },
    {
      "delta_S": -0.0004914094090424648,
      "seed": 8
    },
    {
      "delta_S": -0.0005859321766673586,
      "seed": 9
    },
    {
      "delta_S": -0.0004765541057398792,
      "seed": 10
    },
    {
      "delta_S": -0.0003200406929444455,
      "seed": 11
    },
    {
      "delta_S": -0.0004061167571550728,
      "seed": 12
    },
    {
      "delta_S": -0.0005446652659406581,
      "seed": 13
    },
    {
      "delta_S": -0.00042140907024312835,
      "seed": 14
    },
    {
      "delta_S": -0.0005575577665383191,
      "seed": 15
    },
    {
      "delta_S": -0.00044520593807950704,
      "seed": 16
    },
    {
      "delta_S": -0.0004810480055910116,
      "seed": 17
    },
    {
      "delta_S": -0.00046654509778609743,
      "seed": 18
    },
    {
      "delta_S": -0.0004832956195113258,
      "seed": 19
    },
    {
      "delta_S": -0.00040996293760864333,
      "seed": 20
    },
    {
      "delta_S": -0.0004295496526672826,
      "seed": 21
    },
    {
      "delta_S": -0.0005487741884484532,
      "seed": 22
    },
    {
      "delta_S": -0.0004882133566059821,
      "seed": 23
    },
    {
      "delta_S": -0.000521847673329412,
      "seed": 24
    },
    {
      "delta_S": -0.00040893493787408364,
      "seed": 25
    },
    {
      "delta_S": -0.0005102810857838813,
      "seed": 26
    },
    {
      "delta_S": -0.0003808416424886385,
      "seed": 27
    },
    {
      "delta_S": -0.0005202092322421636,
      "seed": 28
    },
    {
      "delta_S": -0.00046348369545745616,
      "seed": 29
    },
    {
      "delta_S": -0.0005170972963216558,
      "seed": 30
    },
    {
      "delta_S": -0.0004620606373479941,
      "seed": 31
    },
    {
      "delta_S": -0.0005008000256534473,
      "seed": 32
    },
    {
      "delta_S": -0.0004672901729722012,
      "seed": 33
    },
    {
      "delta_S": -0.00045289359665912077,
      "seed": 34
    },
    {
      "delta_S": -0.0003983162506423499,
      "seed": 35
    },
    {
      "delta_S": -0.0005093722949622848,
      "seed": 36
    },
    {
      "delta_S": -0.00042004776249160436,
      "seed": 37
    },
    {
      "delta_S": -0.0004547550676610168,
      "seed": 38
    },
    {
      "delta_S": -0.0005108442882038045,
      "seed": 39
    }
  ],
  "scheme": "strang",
  "stats": {
    "D": 1.0,
    "N": 128,
    "dt": 0.005,
    "dx": 1.0,
    "max_abs_delta_S": 0.0005859321766673586,
    "mean_abs_delta_S": 0.0004700348740142163,
    "median_abs_delta_S": 0.00046833186757810896,
    "r": 0.2,
    "u": 0.25
  }
}