{
  "bc": "periodic",
  "samples": [
    {
      "dt": 0.04,
      "seed": 0,
      "two_grid_error_inf": 7.958183799589014e-07
    },
    {
      "dt": 0.02,
      "seed": 0,
      "two_grid_error_inf": 1.990036931631689e-07
    },
    {
      "dt": 0.01,
      "seed": 0,
      "two_grid_error_inf": 4.9753992328871455e-08
    },
    {
      "dt": 0.005,
      "seed": 0,
      "two_grid_error_inf": 1.243868993916486e-08
    },
    {
      "dt": 0.04,
      "seed": 1,
      "two_grid_error_inf": 2.423432518827706e-06
    },
    {
      "dt": 0.02,
      "seed": 1,
      "two_grid_error_inf": 6.06007643823292e-07
    },
    {
      "dt": 0.01,
      "seed": 1,
      "two_grid_error_inf": 1.515112567629373e-07
    },
    {
      "dt": 0.005,
      "seed": 1,
      "two_grid_error_inf": 3.787839836233431e-08
    },
    {
      "dt": 0.04,
      "seed": 2,
      "two_grid_error_inf": 1.22610088234415e-06
    },
    {
      "dt": 0.02,
      "seed": 2,
      "two_grid_error_inf": 3.066008651339547e-07
    },
    {
      "dt": 0.01,
      "seed": 2,
      "two_grid_error_inf": 7.665494466957412e-08
    },
    {
      "dt": 0.005,
      "seed": 2,
      "two_grid_error_inf": 1.9164031722640473e-08
    },
    {
      "dt": 0.04,
      "seed": 3,
      "two_grid_error_inf": 1.9326357618976164e-06
    },
    {
      "dt": 0.02,
      "seed": 3,
      "two_grid_error_inf": 4.832781748120851e-07
    },
    {
      "dt": 0.01,
      "seed": 3,
      "two_grid_error_inf": 1.2082699678284126e-07
    },
    {
      "dt": 0.005,
      "seed": 3,
      "two_grid_error_inf": 3.0207215048760894e-08
    },
    {
      "dt": 0.04,
      "seed": 4,
      "two_grid_error_inf": 1.4927839297601553e-06
    },
    {
      "dt": 0.02,
      "seed": 4,
      "two_grid_error_inf": 3.732880800438876e-07
    },
    {
      "dt": 0.01,
      "seed": 4,
      "two_grid_error_inf": 9.332777684001314e-08
    },
    {
      "dt": 0.005,
      "seed": 4,
      "two_grid_error_inf": 2.3332304047163355e-08
    },
    {
      "dt": 0.04,
      "seed": 5,
      "two_grid_error_inf": 5.744730878914917e-07
    },
    {
      "dt": 0.02,
      "seed": 5,
      "two_grid_error_inf": 1.4365371421576345e-07
    },
    {
      "dt": 0.01,
      "seed": 5,
      "two_grid_error_inf": 3.591564398663927e-08
    },
    {
      "dt": 0.005,
      "seed": 5,
      "two_grid_error_inf": 8.979049483104351e-09
    },
    {
      "dt": 0.04,
      "seed": 6,
      "two_grid_error_inf": 2.2571593736864237e-06
    },
    {
      "dt": 0.02,
      "seed": 6,
      "two_grid_error_inf": 5.644290992923295e-07
    },
    {
      "dt": 0.01,
      "seed": 6,
      "two_grid_error_inf": 1.4111597941568466e-07
    },
    {
      "dt": 0.005,
      "seed": 6,
      "two_grid_error_inf": 3.527953894300051e-08
    },
    {
      "dt": 0.04,
      "seed": 7,
      "two_grid_error_inf": 1.1939115486803153e-06
    },
    {
      "dt": 0.02,
      "seed": 7,
      "two_grid_error_inf": 2.985515457909482e-07
    },
    {
      "dt": 0.01,
      "seed": 7,
      "two_grid_error_inf": 7.464249071609252e-08
    },
    {
      "dt": 0.005,
      "seed": 7,
      "two_grid_error_inf": 1.8660910469647796e-08
    }
  ],
  "scheme": "j_only"
}