{
  "dt": [
    0.04,
    0.02,
    0.01,
    0.005
  ],
  "expected_slope": 2.0,
  "failed": false,
  "figure": "/mnt/ironwolf/git/Void_Unity_Proofs/derivation/code/outputs/figures/metriplectic/20251006_082211_residual_vs_dt_m_only.png",
  "fit": {
    "R2": 0.9999665987280479,
    "slope": 2.9410715975621544
  },
  "scheme": "m_only",
  "trivial_exact": false,
  "two_grid_error_inf_med": [
    6.884411426650097e-06,
    9.231878790793777e-07,
    1.196102017006137e-07,
    1.522433060218223e-08
  ]
}