{
  "dt": [
    0.04,
    0.02,
    0.01,
    0.005
  ],
  "expected_slope": null,
  "failed": false,
  "figure": "/mnt/ironwolf/git/Void_Unity_Proofs/derivation/code/outputs/figures/metriplectic/20251006_083115_residual_vs_dt_j_only.png",
  "fit": {
    "R2": 0.9999999985072863,
    "slope": 1.9998509317925386
  },
  "scheme": "j_only",
  "trivial_exact": false,
  "two_grid_error_inf_med": [
    1.3594424060521526e-06,
    3.3994447258892113e-07,
    8.499136075479363e-08,
    2.1248167884901914e-08
  ]
}