{
  "bc": "periodic",
  "samples": [
    {
      "dt": 0.04,
      "seed": 0,
      "two_grid_error_inf": 7.482679814388438e-06
    },
    {
      "dt": 0.02,
      "seed": 0,
      "two_grid_error_inf": 1.002663290033956e-06
    },
    {
      "dt": 0.01,
      "seed": 0,
      "two_grid_error_inf": 1.298568855223614e-07
    },
    {
      "dt": 0.005,
      "seed": 0,
      "two_grid_error_inf": 1.652530955131848e-08
    },
    {
      "dt": 0.04,
      "seed": 1,
      "two_grid_error_inf": 6.727976253399076e-06
    },
    {
      "dt": 0.02,
      "seed": 1,
      "two_grid_error_inf": 9.021858467222338e-07
    },
    {
      "dt": 0.01,
      "seed": 1,
      "two_grid_error_inf": 1.1688763215493558e-07
    },
    {
      "dt": 0.005,
      "seed": 1,
      "two_grid_error_inf": 1.4877697380490107e-08
    },
    {
      "dt": 0.04,
      "seed": 2,
      "two_grid_error_inf": 5.222212586133632e-06
    },
    {
      "dt": 0.02,
      "seed": 2,
      "two_grid_error_inf": 6.953854438957602e-07
    },
    {
      "dt": 0.01,
      "seed": 2,
      "two_grid_error_inf": 8.97716956474795e-08
    },
    {
      "dt": 0.005,
      "seed": 2,
      "two_grid_error_inf": 1.1405607867019663e-08
    },
    {
      "dt": 0.04,
      "seed": 3,
      "two_grid_error_inf": 6.526889858221585e-06
    },
    {
      "dt": 0.02,
      "seed": 3,
      "two_grid_error_inf": 8.758744640124938e-07
    },
    {
      "dt": 0.01,
      "seed": 3,
      "two_grid_error_inf": 1.1352018101928874e-07
    },
    {
      "dt": 0.005,
      "seed": 3,
      "two_grid_error_inf": 1.445169614533448e-08
    },
    {
      "dt": 0.04,
      "seed": 4,
      "two_grid_error_inf": 6.0131919672901796e-06
    },
    {
      "dt": 0.02,
      "seed": 4,
      "two_grid_error_inf": 8.055884212748027e-07
    },
    {
      "dt": 0.01,
      "seed": 4,
      "two_grid_error_inf": 1.0432217613549899e-07
    },
    {
      "dt": 0.005,
      "seed": 4,
      "two_grid_error_inf": 1.3275090205051854e-08
    },
    {
      "dt": 0.04,
      "seed": 5,
      "two_grid_error_inf": 7.152023198682411e-06
    },
    {
      "dt": 0.02,
      "seed": 5,
      "two_grid_error_inf": 9.588764954496926e-07
    },
    {
      "dt": 0.01,
      "seed": 5,
      "two_grid_error_inf": 1.2422007985256334e-07
    },
    {
      "dt": 0.005,
      "seed": 5,
      "two_grid_error_inf": 1.5810156472201298e-08
    },
    {
      "dt": 0.04,
      "seed": 6,
      "two_grid_error_inf": 7.040846599901118e-06
    },
    {
      "dt": 0.02,
      "seed": 6,
      "two_grid_error_inf": 9.441899114365215e-07
    },
    {
      "dt": 0.01,
      "seed": 6,
      "two_grid_error_inf": 1.2233277124629183e-07
    },
    {
      "dt": 0.005,
      "seed": 6,
      "two_grid_error_inf": 1.557096382387435e-08
    },
    {
      "dt": 0.04,
      "seed": 7,
      "two_grid_error_inf": 7.501678811666634e-06
    },
    {
      "dt": 0.02,
      "seed": 7,
      "two_grid_error_inf": 1.0033751172283667e-06
    },
    {
      "dt": 0.01,
      "seed": 7,
      "two_grid_error_inf": 1.298249021203235e-07
    },
    {
      "dt": 0.005,
      "seed": 7,
      "two_grid_error_inf": 1.6513176992472012e-08
    }
  ],
  "scheme": "m_only"
}